0.065217,0.000000,1.000000,0.523277,0.000000,0.000000,1.000000,0.000000,1.000000,0.000000,0.000000,0.006554
0.065217,1.000000,0.000000,0.443590,0.400000,0.000000,1.000000,0.000000,0.000000,1.000000,0.000000,0.397409
0.065217,1.000000,0.000000,0.141899,0.400000,0.000000,1.000000,0.000000,1.000000,0.000000,0.000000,0.032860
0.456522,1.000000,0.000000,0.446945,0.000000,0.000000,1.000000,1.000000,0.000000,0.000000,0.000000,0.072274
0.586957,1.000000,0.000000,0.248427,0.600000,0.000000,1.000000,1.000000,0.000000,0.000000,0.000000,0.127376
0.130435,1.000000,0.000000,0.462184,0.000000,0.000000,1.000000,0.000000,0.000000,1.000000,0.000000,0.027671
0.695652,0.000000,1.000000,0.432965,0.200000,1.000000,0.000000,0.000000,0.000000,0.000000,1.000000,0.651208
0.934783,0.000000,1.000000,0.191248,0.000000,0.000000,1.000000,0.000000,0.000000,0.000000,1.000000,0.191668
0.695652,0.000000,1.000000,0.297498,0.200000,0.000000,1.000000,0.000000,0.000000,0.000000,1.000000,0.135610
0.347826,1.000000,0.000000,0.459527,0.200000,0.000000,1.000000,0.000000,0.000000,0.000000,1.000000,0.071398
0.565217,1.000000,0.000000,0.363344,0.400000,0.000000,1.000000,0.000000,1.000000,0.000000,0.000000,0.113288
0.260870,1.000000,0.000000,0.735496,0.400000,0.000000,1.000000,0.000000,1.000000,0.000000,0.000000,0.057970
0.956522,1.000000,0.000000,0.625891,0.000000,0.000000,1.000000,1.000000,0.000000,0.000000,0.000000,0.197115
0.847826,0.000000,1.000000,0.480777,0.000000,0.000000,1.000000,0.000000,0.000000,1.000000,0.000000,0.163368
0.630435,0.000000,1.000000,0.077031,0.200000,0.000000,1.000000,0.000000,0.000000,1.000000,0.000000,0.116622
0.282609,0.000000,1.000000,0.302810,0.400000,0.000000,1.000000,0.000000,0.000000,0.000000,1.000000,0.062402
0.347826,0.000000,1.000000,0.236404,0.200000,0.000000,1.000000,0.000000,0.000000,1.000000,0.000000,0.060223
0.652174,0.000000,1.000000,0.374249,0.400000,0.000000,1.000000,1.000000,0.000000,0.000000,0.000000,0.125246
0.543478,1.000000,0.000000,0.236404,0.200000,1.000000,0.000000,0.000000,0.000000,0.000000,1.000000,0.329608
0.000000,1.000000,0.000000,0.560185,0.000000,1.000000,0.000000,0.000000,1.000000,0.000000,0.000000,0.559113
0.869565,1.000000,0.000000,0.289529,0.000000,0.000000,1.000000,0.000000,0.000000,1.000000,0.000000,0.177195
0.239130,0.000000,1.000000,0.491682,0.000000,1.000000,0.000000,1.000000,0.000000,0.000000,0.000000,0.559882
0.152174,1.000000,0.000000,0.278904,0.400000,0.000000,1.000000,0.000000,0.000000,1.000000,0.000000,0.048959
0.826087,0.000000,1.000000,0.276248,0.200000,1.000000,0.000000,0.000000,0.000000,1.000000,0.000000,0.398851
0.000000,0.000000,1.000000,0.417028,0.000000,1.000000,0.000000,0.000000,0.000000,0.000000,1.000000,0.520536
0.130435,1.000000,0.000000,0.304907,0.000000,0.000000,1.000000,0.000000,1.000000,0.000000,0.000000,0.021433
0.000000,1.000000,0.000000,0.597092,0.000000,0.000000,1.000000,0.000000,1.000000,0.000000,0.000000,0.008137
0.891304,0.000000,1.000000,0.334685,0.000000,0.000000,1.000000,0.000000,0.000000,1.000000,0.000000,0.175706
0.000000,1.000000,0.000000,0.406403,0.000000,0.000000,1.000000,0.000000,1.000000,0.000000,0.000000,0.007986
0.304348,1.000000,0.000000,0.363064,0.400000,0.000000,1.000000,1.000000,0.000000,0.000000,0.000000,0.064331
0.456522,0.000000,1.000000,0.434084,0.400000,0.000000,1.000000,0.000000,1.000000,0.000000,0.000000,0.083261
0.673913,0.000000,1.000000,0.332029,0.600000,0.000000,1.000000,0.000000,0.000000,1.000000,0.000000,0.145934
0.630435,1.000000,0.000000,0.478121,0.600000,0.000000,1.000000,0.000000,0.000000,1.000000,0.000000,0.143549
0.521739,1.000000,0.000000,0.589543,0.000000,0.000000,1.000000,1.000000,0.000000,0.000000,0.000000,0.085431
0.804348,1.000000,0.000000,0.279184,0.200000,0.000000,1.000000,1.000000,0.000000,0.000000,0.000000,0.543321
0.891304,0.000000,1.000000,0.363903,0.600000,1.000000,0.000000,0.000000,0.000000,0.000000,1.000000,0.463906
0.391304,1.000000,0.000000,0.254019,0.200000,0.000000,1.000000,1.000000,0.000000,0.000000,0.000000,0.069444
0.108696,1.000000,0.000000,0.627848,0.400000,0.000000,1.000000,0.000000,1.000000,0.000000,0.000000,0.037970
0.673913,1.000000,0.000000,0.462184,0.400000,0.000000,1.000000,0.000000,0.000000,0.000000,1.000000,0.147634
0.456522,1.000000,0.000000,0.265623,0.400000,0.000000,1.000000,0.000000,0.000000,1.000000,0.000000,0.097047
0.543478,0.000000,1.000000,0.594016,0.400000,1.000000,0.000000,0.000000,1.000000,0.000000,0.000000,0.661445
0.000000,1.000000,0.000000,0.572487,0.200000,0.000000,1.000000,0.000000,1.000000,0.000000,0.000000,0.017519
0.369565,1.000000,0.000000,0.313435,0.000000,1.000000,0.000000,0.000000,0.000000,1.000000,0.000000,0.305083
0.043478,1.000000,0.000000,0.156717,0.000000,1.000000,0.000000,0.000000,0.000000,1.000000,0.000000,0.216922
0.913043,1.000000,0.000000,0.382637,0.000000,0.000000,1.000000,1.000000,0.000000,0.000000,0.000000,0.183824
0.847826,1.000000,0.000000,0.419684,0.000000,0.000000,1.000000,0.000000,0.000000,1.000000,0.000000,0.171125
0.086957,0.000000,1.000000,0.321404,0.200000,0.000000,1.000000,0.000000,0.000000,1.000000,0.000000,0.024217
0.782609,0.000000,1.000000,0.413393,0.000000,0.000000,1.000000,1.000000,0.000000,0.000000,0.000000,0.139326
0.521739,1.000000,0.000000,0.228436,0.400000,0.000000,1.000000,0.000000,0.000000,1.000000,0.000000,0.110061
0.630435,0.000000,1.000000,0.363064,0.600000,1.000000,0.000000,1.000000,0.000000,0.000000,0.000000,0.386084
0.021739,0.000000,1.000000,0.292185,0.400000,0.000000,1.000000,0.000000,0.000000,1.000000,0.000000,0.341138
0.021739,0.000000,1.000000,0.083461,0.000000,0.000000,1.000000,1.000000,0.000000,0.000000,0.000000,0.001911
0.217391,0.000000,1.000000,0.475465,0.000000,0.000000,1.000000,0.000000,0.000000,1.000000,0.000000,0.296120
0.173913,0.000000,1.000000,0.292185,0.600000,0.000000,1.000000,0.000000,0.000000,0.000000,1.000000,0.056496
0.326087,1.000000,0.000000,0.063749,0.400000,1.000000,0.000000,0.000000,0.000000,0.000000,1.000000,0.249877
0.521739,1.000000,0.000000,0.183280,0.000000,1.000000,0.000000,0.000000,0.000000,0.000000,1.000000,0.300771
0.891304,1.000000,0.000000,0.270935,0.000000,0.000000,1.000000,0.000000,0.000000,0.000000,1.000000,0.186653
0.652174,0.000000,1.000000,0.432965,0.200000,0.000000,1.000000,0.000000,0.000000,1.000000,0.000000,0.122004
0.500000,1.000000,0.000000,0.397176,0.000000,0.000000,1.000000,0.000000,1.000000,0.000000,0.000000,0.080823
0.565217,1.000000,0.000000,0.095624,0.200000,1.000000,0.000000,0.000000,0.000000,0.000000,1.000000,0.294866
0.456522,1.000000,0.000000,0.207186,1.000000,0.000000,1.000000,0.000000,0.000000,1.000000,0.000000,0.125205
0.413043,0.000000,1.000000,0.363903,0.400000,0.000000,1.000000,0.000000,0.000000,0.000000,1.000000,0.084352
0.021739,0.000000,1.000000,0.523277,0.000000,0.000000,1.000000,0.000000,0.000000,1.000000,0.000000,0.008373
0.782609,0.000000,1.000000,0.391025,0.200000,1.000000,0.000000,0.000000,1.000000,0.000000,0.000000,0.652491
0.956522,0.000000,1.000000,0.575563,0.000000,0.000000,1.000000,1.000000,0.000000,0.000000,0.000000,0.189270
0.173913,1.000000,0.000000,0.486090,0.400000,0.000000,1.000000,1.000000,0.000000,0.000000,0.000000,0.045748
0.847826,1.000000,0.000000,0.401090,0.000000,1.000000,0.000000,0.000000,0.000000,1.000000,0.000000,0.677702
1.000000,0.000000,1.000000,0.597651,0.000000,0.000000,1.000000,0.000000,0.000000,0.000000,1.000000,0.212121
0.304348,0.000000,1.000000,0.830840,0.400000,0.000000,1.000000,0.000000,1.000000,0.000000,0.000000,0.056897
0.586957,0.000000,1.000000,0.378722,0.000000,1.000000,0.000000,0.000000,1.000000,0.000000,0.000000,0.981204
0.021739,0.000000,1.000000,0.244373,0.200000,0.000000,1.000000,0.000000,0.000000,1.000000,0.000000,0.017553
0.217391,1.000000,0.000000,0.581714,0.200000,0.000000,1.000000,0.000000,1.000000,0.000000,0.000000,0.042220
0.673913,0.000000,1.000000,0.332308,0.200000,0.000000,1.000000,1.000000,0.000000,0.000000,0.000000,0.121018
0.391304,1.000000,0.000000,0.305466,0.000000,0.000000,1.000000,0.000000,0.000000,0.000000,1.000000,0.069389
0.434783,1.000000,0.000000,0.652454,0.000000,0.000000,1.000000,0.000000,1.000000,0.000000,0.000000,0.068303
0.500000,1.000000,0.000000,0.430169,0.200000,0.000000,1.000000,1.000000,0.000000,0.000000,0.000000,0.090251
0.000000,0.000000,1.000000,0.372571,0.000000,0.000000,1.000000,0.000000,1.000000,0.000000,0.000000,0.000154
0.673913,0.000000,1.000000,0.406403,0.200000,0.000000,1.000000,0.000000,0.000000,0.000000,1.000000,0.130382
0.021739,1.000000,0.000000,0.337341,0.000000,1.000000,0.000000,0.000000,0.000000,1.000000,0.000000,0.265395
0.000000,0.000000,1.000000,0.732420,0.000000,0.000000,1.000000,0.000000,1.000000,0.000000,0.000000,0.000439
0.108696,0.000000,1.000000,0.444149,0.600000,0.000000,1.000000,1.000000,0.000000,0.000000,0.000000,0.039420
0.021739,1.000000,0.000000,0.552495,0.000000,0.000000,1.000000,0.000000,0.000000,1.000000,0.000000,0.016202
0.478261,1.000000,0.000000,0.332029,0.600000,0.000000,1.000000,0.000000,0.000000,1.000000,0.000000,0.110742
0.608696,0.000000,1.000000,0.713966,0.600000,1.000000,0.000000,0.000000,1.000000,0.000000,0.000000,0.718760
0.804348,1.000000,0.000000,0.284216,0.000000,0.000000,1.000000,0.000000,0.000000,1.000000,0.000000,0.158993
0.021739,0.000000,1.000000,0.422340,0.000000,1.000000,0.000000,0.000000,0.000000,1.000000,0.000000,0.520817
0.913043,0.000000,1.000000,0.563120,0.000000,0.000000,1.000000,0.000000,0.000000,0.000000,1.000000,0.185468
0.500000,0.000000,1.000000,0.358591,1.000000,0.000000,1.000000,0.000000,0.000000,0.000000,1.000000,0.129301
0.347826,0.000000,1.000000,0.127499,0.000000,0.000000,1.000000,0.000000,0.000000,0.000000,1.000000,0.053927
0.500000,0.000000,1.000000,0.390466,0.600000,1.000000,0.000000,0.000000,0.000000,0.000000,1.000000,0.614149
0.021739,1.000000,0.000000,0.363064,0.000000,0.000000,1.000000,1.000000,0.000000,0.000000,0.000000,0.009938
0.456522,0.000000,1.000000,0.262967,0.200000,0.000000,1.000000,0.000000,0.000000,1.000000,0.000000,0.079837
0.608696,1.000000,0.000000,0.497274,0.200000,1.000000,0.000000,1.000000,0.000000,0.000000,0.000000,0.647098
0.782609,0.000000,1.000000,0.117293,0.400000,0.000000,1.000000,0.000000,1.000000,0.000000,0.000000,0.157894
0.673913,1.000000,0.000000,0.723193,0.400000,0.000000,1.000000,0.000000,1.000000,0.000000,0.000000,0.138535
0.565217,0.000000,1.000000,0.594016,0.200000,0.000000,1.000000,0.000000,1.000000,0.000000,0.000000,0.096264
0.282609,0.000000,1.000000,0.254019,0.600000,1.000000,0.000000,1.000000,0.000000,0.000000,0.000000,0.288563
0.152174,0.000000,1.000000,0.262967,0.000000,0.000000,1.000000,0.000000,0.000000,0.000000,1.000000,0.025530
0.695652,1.000000,0.000000,0.371872,0.200000,0.000000,1.000000,0.000000,0.000000,1.000000,0.000000,0.140282
0.891304,0.000000,1.000000,0.360268,0.400000,0.000000,1.000000,0.000000,1.000000,0.000000,0.000000,0.188416
0.260870,0.000000,1.000000,0.332029,0.600000,1.000000,0.000000,0.000000,0.000000,1.000000,0.000000,0.313241
0.021739,1.000000,0.000000,0.184119,0.400000,0.000000,1.000000,1.000000,0.000000,0.000000,0.000000,0.028599
0.739130,1.000000,0.000000,0.460925,0.400000,0.000000,1.000000,1.000000,0.000000,0.000000,0.000000,0.154592
0.217391,1.000000,0.000000,0.502027,0.000000,0.000000,1.000000,0.000000,0.000000,1.000000,0.000000,0.038868
0.326087,0.000000,1.000000,0.375647,0.000000,0.000000,1.000000,0.000000,1.000000,0.000000,0.000000,0.041222
0.000000,0.000000,1.000000,0.138823,0.400000,0.000000,1.000000,0.000000,1.000000,0.000000,0.000000,0.171786
0.847826,1.000000,0.000000,0.200336,0.200000,0.000000,1.000000,0.000000,1.000000,0.000000,0.000000,0.336330
0.913043,0.000000,1.000000,0.209842,0.000000,0.000000,1.000000,0.000000,0.000000,1.000000,0.000000,0.181995
0.673913,0.000000,1.000000,0.432965,0.600000,0.000000,1.000000,0.000000,0.000000,1.000000,0.000000,0.146014
0.173913,1.000000,0.000000,0.083461,0.200000,0.000000,1.000000,1.000000,0.000000,0.000000,0.000000,0.036027
0.304348,0.000000,1.000000,0.369495,0.200000,0.000000,1.000000,0.000000,1.000000,0.000000,0.000000,0.047129
0.065217,0.000000,1.000000,0.399413,0.000000,0.000000,1.000000,1.000000,0.000000,0.000000,0.000000,0.006456
0.217391,1.000000,0.000000,0.196561,0.400000,0.000000,1.000000,0.000000,0.000000,1.000000,0.000000,0.057429
0.782609,1.000000,0.000000,0.421781,0.600000,0.000000,1.000000,0.000000,1.000000,0.000000,0.000000,0.418220
0.804348,0.000000,1.000000,0.130994,0.200000,0.000000,1.000000,1.000000,0.000000,0.000000,0.000000,0.154354
0.565217,0.000000,1.000000,0.148749,0.400000,0.000000,1.000000,0.000000,0.000000,0.000000,1.000000,0.114618
0.152174,0.000000,1.000000,0.385153,0.000000,0.000000,1.000000,0.000000,0.000000,0.000000,1.000000,0.025627
0.304348,0.000000,1.000000,0.338739,0.200000,1.000000,0.000000,0.000000,1.000000,0.000000,0.000000,0.296860
0.108696,1.000000,0.000000,0.207186,0.400000,0.000000,1.000000,0.000000,0.000000,0.000000,1.000000,0.339575
0.782609,0.000000,1.000000,0.664057,0.600000,1.000000,0.000000,0.000000,0.000000,0.000000,1.000000,0.757037
0.934783,1.000000,0.000000,0.533902,0.000000,0.000000,1.000000,0.000000,0.000000,0.000000,1.000000,0.199745
0.217391,0.000000,1.000000,0.200336,0.600000,1.000000,0.000000,0.000000,1.000000,0.000000,0.000000,0.264033
0.869565,1.000000,0.000000,0.451559,0.000000,0.000000,1.000000,0.000000,0.000000,0.000000,1.000000,0.180516
0.413043,0.000000,1.000000,0.358591,0.000000,0.000000,1.000000,0.000000,0.000000,1.000000,0.000000,0.062352
0.000000,1.000000,0.000000,0.624773,0.000000,0.000000,1.000000,0.000000,1.000000,0.000000,0.000000,0.008159
0.652174,0.000000,1.000000,0.488886,0.600000,0.000000,1.000000,1.000000,0.000000,0.000000,0.000000,0.134738
0.804348,0.000000,1.000000,0.452537,0.000000,0.000000,1.000000,0.000000,1.000000,0.000000,0.000000,0.313808
0.239130,1.000000,0.000000,0.217671,0.400000,0.000000,1.000000,1.000000,0.000000,0.000000,0.000000,0.054392
0.195652,0.000000,1.000000,0.175730,0.000000,0.000000,1.000000,0.000000,1.000000,0.000000,0.000000,0.021738
0.717391,0.000000,1.000000,0.178806,0.200000,1.000000,0.000000,0.000000,1.000000,0.000000,0.000000,0.336739
0.347826,1.000000,0.000000,0.188592,0.000000,0.000000,1.000000,0.000000,0.000000,0.000000,1.000000,0.061781
0.500000,0.000000,1.000000,0.385153,0.400000,0.000000,1.000000,0.000000,0.000000,1.000000,0.000000,0.097925
0.086957,0.000000,1.000000,1.000000,0.200000,1.000000,0.000000,0.000000,1.000000,0.000000,0.000000,0.692427
0.152174,0.000000,1.000000,0.470991,0.800000,0.000000,1.000000,0.000000,1.000000,0.000000,0.000000,0.053996
0.260870,1.000000,0.000000,0.393821,0.600000,0.000000,1.000000,1.000000,0.000000,0.000000,0.000000,0.067101
0.717391,0.000000,1.000000,0.240039,0.000000,0.000000,1.000000,1.000000,0.000000,0.000000,0.000000,0.122279
0.021739,0.000000,1.000000,0.018594,0.000000,0.000000,1.000000,0.000000,0.000000,1.000000,0.000000,0.007973
0.630435,1.000000,0.000000,0.554033,0.200000,1.000000,0.000000,0.000000,1.000000,0.000000,0.000000,0.667980
0.413043,0.000000,1.000000,0.483294,0.800000,1.000000,0.000000,1.000000,0.000000,0.000000,0.000000,0.623484
0.000000,0.000000,1.000000,0.467496,0.000000,1.000000,0.000000,0.000000,0.000000,0.000000,1.000000,0.534665
0.304348,1.000000,0.000000,0.103593,0.000000,0.000000,1.000000,0.000000,0.000000,0.000000,1.000000,0.054628
0.543478,1.000000,0.000000,0.276388,0.400000,1.000000,0.000000,1.000000,0.000000,0.000000,0.000000,0.340897
0.869565,1.000000,0.000000,0.464840,0.000000,0.000000,1.000000,0.000000,0.000000,1.000000,0.000000,0.177334
0.152174,0.000000,1.000000,0.252342,0.200000,0.000000,1.000000,0.000000,0.000000,0.000000,1.000000,0.034924
0.108696,0.000000,1.000000,0.196561,0.000000,0.000000,1.000000,0.000000,0.000000,0.000000,1.000000,0.020324
0.934783,0.000000,1.000000,0.478121,0.000000,0.000000,1.000000,0.000000,0.000000,0.000000,1.000000,0.191896
0.521739,1.000000,0.000000,0.456871,0.200000,0.000000,1.000000,0.000000,0.000000,0.000000,1.000000,0.104033
0.760870,0.000000,1.000000,0.539214,0.200000,0.000000,1.000000,1.000000,0.000000,0.000000,0.000000,0.143083
0.804348,1.000000,0.000000,0.514050,0.000000,1.000000,0.000000,0.000000,1.000000,0.000000,0.000000,0.691188
0.847826,1.000000,0.000000,0.091850,0.200000,0.000000,1.000000,1.000000,0.000000,0.000000,0.000000,0.174153
0.326087,1.000000,0.000000,0.523277,0.000000,1.000000,0.000000,0.000000,0.000000,1.000000,0.000000,0.862167
0.456522,0.000000,1.000000,0.321124,0.200000,1.000000,0.000000,1.000000,0.000000,0.000000,0.000000,0.318607
0.456522,1.000000,0.000000,0.225779,0.600000,1.000000,0.000000,0.000000,0.000000,0.000000,1.000000,0.327830
0.304348,1.000000,0.000000,0.411715,0.200000,0.000000,1.000000,0.000000,0.000000,0.000000,1.000000,0.064274
0.652174,0.000000,1.000000,0.409059,0.200000,0.000000,1.000000,0.000000,0.000000,0.000000,1.000000,0.125177
0.108696,1.000000,0.000000,0.463722,0.000000,0.000000,1.000000,1.000000,0.000000,0.000000,0.000000,0.154418
0.739130,0.000000,1.000000,0.555990,0.000000,0.000000,1.000000,1.000000,0.000000,0.000000,0.000000,0.128059
0.847826,1.000000,0.000000,0.332308,0.000000,0.000000,1.000000,1.000000,0.000000,0.000000,0.000000,0.164942
0.934783,0.000000,1.000000,0.544806,0.200000,1.000000,0.000000,1.000000,0.000000,0.000000,0.000000,0.738756
0.717391,1.000000,0.000000,0.634279,0.200000,0.000000,1.000000,1.000000,0.000000,0.000000,0.000000,0.139799
0.086957,1.000000,0.000000,0.642807,0.000000,0.000000,1.000000,0.000000,0.000000,0.000000,1.000000,0.026068
0.195652,0.000000,1.000000,0.257654,0.000000,0.000000,1.000000,0.000000,0.000000,0.000000,1.000000,0.031109
0.717391,1.000000,0.000000,0.555152,0.400000,0.000000,1.000000,0.000000,0.000000,1.000000,0.000000,0.155251
0.217391,0.000000,1.000000,0.415630,0.000000,1.000000,0.000000,0.000000,1.000000,0.000000,0.000000,0.535531
0.739130,0.000000,1.000000,0.609115,0.400000,0.000000,1.000000,1.000000,0.000000,0.000000,0.000000,0.146904
0.195652,1.000000,0.000000,0.435621,0.200000,0.000000,1.000000,0.000000,0.000000,0.000000,1.000000,0.283831
0.282609,0.000000,1.000000,0.254998,0.200000,0.000000,1.000000,0.000000,0.000000,1.000000,0.000000,0.049770
0.152174,1.000000,0.000000,0.374249,0.000000,1.000000,0.000000,1.000000,0.000000,0.000000,0.000000,0.523217
0.695652,0.000000,1.000000,0.419684,0.000000,1.000000,0.000000,0.000000,0.000000,0.000000,1.000000,0.638088
0.782609,0.000000,1.000000,0.241717,0.200000,0.000000,1.000000,0.000000,0.000000,0.000000,1.000000,0.389398
0.760870,1.000000,0.000000,0.193905,0.400000,0.000000,1.000000,0.000000,0.000000,0.000000,1.000000,0.169322
0.913043,0.000000,1.000000,0.249546,0.000000,0.000000,1.000000,0.000000,1.000000,0.000000,0.000000,0.175913
0.543478,0.000000,1.000000,0.178526,0.000000,0.000000,1.000000,1.000000,0.000000,0.000000,0.000000,0.081862
0.260870,1.000000,0.000000,0.621697,0.600000,1.000000,0.000000,0.000000,1.000000,0.000000,0.000000,0.635458
0.260870,1.000000,0.000000,0.304348,0.000000,0.000000,1.000000,1.000000,0.000000,0.000000,0.000000,0.038825
0.826087,0.000000,1.000000,0.656648,0.000000,0.000000,1.000000,1.000000,0.000000,0.000000,0.000000,0.151328
0.869565,1.000000,0.000000,0.549839,0.000000,0.000000,1.000000,0.000000,0.000000,1.000000,0.000000,0.177402
0.739130,1.000000,0.000000,0.579058,0.400000,0.000000,1.000000,0.000000,0.000000,1.000000,0.000000,0.516374
0.086957,1.000000,0.000000,0.287572,0.000000,0.000000,1.000000,1.000000,0.000000,0.000000,0.000000,0.016481
0.630435,0.000000,1.000000,0.538655,0.200000,1.000000,0.000000,0.000000,1.000000,0.000000,0.000000,0.655869
0.369565,0.000000,1.000000,0.305466,0.400000,1.000000,0.000000,0.000000,0.000000,0.000000,1.000000,0.317042
0.239130,1.000000,0.000000,0.427653,0.400000,0.000000,1.000000,0.000000,0.000000,1.000000,0.000000,0.060672
0.565217,0.000000,1.000000,0.140780,0.600000,0.000000,1.000000,0.000000,0.000000,0.000000,1.000000,0.124013
0.239130,0.000000,1.000000,0.522438,0.400000,1.000000,0.000000,1.000000,0.000000,0.000000,0.000000,0.693768
0.934783,1.000000,0.000000,0.401090,0.000000,0.000000,1.000000,0.000000,0.000000,1.000000,0.000000,0.196448
0.413043,0.000000,1.000000,0.393122,0.600000,0.000000,1.000000,0.000000,0.000000,1.000000,0.000000,0.090585
0.695652,1.000000,0.000000,0.301552,0.200000,1.000000,0.000000,1.000000,0.000000,0.000000,0.000000,0.373487
0.065217,1.000000,0.000000,0.000000,0.200000,0.000000,1.000000,0.000000,0.000000,0.000000,1.000000,0.032652
0.000000,0.000000,1.000000,0.013281,0.400000,1.000000,0.000000,0.000000,0.000000,0.000000,1.000000,0.186877
0.000000,0.000000,1.000000,0.470991,0.000000,0.000000,1.000000,0.000000,1.000000,0.000000,0.000000,0.000232
0.826087,0.000000,1.000000,0.472809,0.000000,0.000000,1.000000,0.000000,0.000000,1.000000,0.000000,0.157296
0.826087,0.000000,1.000000,0.470991,0.800000,0.000000,1.000000,0.000000,1.000000,0.000000,0.000000,0.188788
0.108696,1.000000,0.000000,0.321404,0.000000,1.000000,0.000000,0.000000,0.000000,1.000000,0.000000,0.269952
0.543478,1.000000,0.000000,0.440235,0.600000,1.000000,0.000000,0.000000,1.000000,0.000000,0.000000,0.635600
0.630435,1.000000,0.000000,0.273592,0.400000,0.000000,1.000000,0.000000,0.000000,0.000000,1.000000,0.137177
0.804348,1.000000,0.000000,0.670907,0.600000,0.000000,1.000000,0.000000,1.000000,0.000000,0.000000,0.181392
0.130435,1.000000,0.000000,0.273592,0.000000,0.000000,1.000000,0.000000,0.000000,0.000000,1.000000,0.030714
0.021739,1.000000,0.000000,0.321404,0.000000,1.000000,0.000000,0.000000,0.000000,1.000000,0.000000,0.260934
0.065217,0.000000,1.000000,0.560185,0.000000,0.000000,1.000000,0.000000,1.000000,0.000000,0.000000,0.006583
0.043478,1.000000,0.000000,0.452537,0.000000,0.000000,1.000000,0.000000,1.000000,0.000000,0.000000,0.012102
0.326087,0.000000,1.000000,0.515308,0.000000,0.000000,1.000000,0.000000,0.000000,0.000000,1.000000,0.180100
0.369565,1.000000,0.000000,0.396617,0.200000,0.000000,1.000000,1.000000,0.000000,0.000000,0.000000,0.065746
0.891304,1.000000,0.000000,0.502866,0.400000,0.000000,1.000000,1.000000,0.000000,0.000000,0.000000,0.571262
0.565217,1.000000,0.000000,0.251223,0.200000,0.000000,1.000000,1.000000,0.000000,0.000000,0.000000,0.103797
0.978261,1.000000,0.000000,0.560185,0.000000,0.000000,1.000000,0.000000,1.000000,0.000000,0.000000,0.203773
0.956522,1.000000,0.000000,0.458129,0.000000,0.000000,1.000000,1.000000,0.000000,0.000000,0.000000,0.196982
0.434783,1.000000,0.000000,0.664057,0.200000,0.000000,1.000000,0.000000,0.000000,1.000000,0.000000,0.083828
0.521739,0.000000,1.000000,0.403747,0.000000,0.000000,1.000000,0.000000,0.000000,1.000000,0.000000,0.083592
0.586957,0.000000,1.000000,0.209562,1.000000,0.000000,1.000000,0.000000,1.000000,0.000000,0.000000,0.138343
0.369565,0.000000,1.000000,0.489445,0.600000,0.000000,1.000000,0.000000,1.000000,0.000000,0.000000,0.076818
0.608696,1.000000,0.000000,0.374249,0.400000,0.000000,1.000000,1.000000,0.000000,0.000000,0.000000,0.122959
0.608696,1.000000,0.000000,0.314134,0.200000,0.000000,1.000000,0.000000,1.000000,0.000000,0.000000,0.113510
0.847826,0.000000,1.000000,0.042500,0.000000,0.000000,1.000000,0.000000,0.000000,0.000000,1.000000,0.166213
0.326087,1.000000,0.000000,0.466518,0.000000,1.000000,0.000000,1.000000,0.000000,0.000000,0.000000,0.573956
0.913043,0.000000,1.000000,0.446945,0.000000,1.000000,0.000000,1.000000,0.000000,0.000000,0.000000,0.821551
0.000000,0.000000,1.000000,0.351042,0.200000,0.000000,1.000000,0.000000,1.000000,0.000000,0.000000,0.009538
0.021739,1.000000,0.000000,0.323920,0.200000,0.000000,1.000000,1.000000,0.000000,0.000000,0.000000,0.019308
0.413043,1.000000,0.000000,0.860758,0.400000,1.000000,0.000000,1.000000,0.000000,0.000000,0.000000,0.718159
0.021739,0.000000,1.000000,0.108626,0.000000,0.000000,1.000000,1.000000,0.000000,0.000000,0.000000,0.001930
0.239130,0.000000,1.000000,0.618622,0.200000,0.000000,1.000000,0.000000,1.000000,0.000000,0.000000,0.037503
0.347826,0.000000,1.000000,0.446945,0.200000,0.000000,1.000000,1.000000,0.000000,0.000000,0.000000,0.211282
0.043478,1.000000,0.000000,0.418705,0.400000,0.000000,1.000000,0.000000,1.000000,0.000000,0.000000,0.030879
0.782609,1.000000,0.000000,0.302810,0.200000,0.000000,1.000000,0.000000,0.000000,1.000000,0.000000,0.162559
0.934783,0.000000,1.000000,0.532504,0.000000,1.000000,0.000000,0.000000,1.000000,0.000000,0.000000,0.725910
0.086957,1.000000,0.000000,0.209283,0.000000,0.000000,1.000000,1.000000,0.000000,0.000000,0.000000,0.016418
0.543478,0.000000,1.000000,0.257654,0.000000,0.000000,1.000000,0.000000,0.000000,0.000000,1.000000,0.091231
0.500000,0.000000,1.000000,0.655529,0.000000,0.000000,1.000000,0.000000,1.000000,0.000000,0.000000,0.073223
0.434783,0.000000,1.000000,0.120369,0.600000,0.000000,1.000000,0.000000,1.000000,0.000000,0.000000,0.088281
0.826087,1.000000,0.000000,0.237243,0.000000,0.000000,1.000000,1.000000,0.000000,0.000000,0.000000,0.158801
0.260870,1.000000,0.000000,0.087656,0.600000,0.000000,1.000000,0.000000,0.000000,1.000000,0.000000,0.072971
0.000000,0.000000,1.000000,0.379841,0.600000,0.000000,1.000000,0.000000,0.000000,0.000000,1.000000,0.037670
0.021739,0.000000,1.000000,0.379841,0.000000,0.000000,1.000000,1.000000,0.000000,0.000000,0.000000,0.002146
0.978261,1.000000,0.000000,0.262967,0.000000,0.000000,1.000000,0.000000,0.000000,1.000000,0.000000,0.209651
0.630435,0.000000,1.000000,0.541731,0.000000,1.000000,0.000000,0.000000,1.000000,0.000000,0.000000,0.647329
0.869565,0.000000,1.000000,0.491402,0.000000,0.000000,1.000000,0.000000,0.000000,1.000000,0.000000,0.169550
0.891304,1.000000,0.000000,0.514050,0.000000,0.000000,1.000000,0.000000,1.000000,0.000000,0.000000,0.177541
0.652174,1.000000,0.000000,0.252621,0.600000,1.000000,0.000000,0.000000,1.000000,0.000000,0.000000,0.368070
0.065217,0.000000,1.000000,0.403747,0.000000,0.000000,1.000000,0.000000,0.000000,1.000000,0.000000,0.012573
0.978261,1.000000,0.000000,0.514050,0.200000,0.000000,1.000000,0.000000,1.000000,0.000000,0.000000,0.213138
0.369565,1.000000,0.000000,0.594995,0.400000,0.000000,1.000000,0.000000,0.000000,0.000000,1.000000,0.379788
0.652174,1.000000,0.000000,0.431008,0.200000,0.000000,1.000000,0.000000,1.000000,0.000000,0.000000,0.123694
0.000000,0.000000,1.000000,0.233748,0.000000,1.000000,0.000000,0.000000,0.000000,0.000000,1.000000,0.229795
0.304348,1.000000,0.000000,0.217671,0.000000,1.000000,0.000000,1.000000,0.000000,0.000000,0.000000,0.261370
0.847826,0.000000,1.000000,0.192507,0.000000,0.000000,1.000000,1.000000,0.000000,0.000000,0.000000,0.157026
0.869565,1.000000,0.000000,0.435621,0.200000,0.000000,1.000000,0.000000,0.000000,0.000000,1.000000,0.189905
0.130435,0.000000,1.000000,0.326716,0.000000,1.000000,0.000000,0.000000,0.000000,0.000000,1.000000,0.543120
0.130435,0.000000,1.000000,0.398434,0.000000,1.000000,0.000000,0.000000,0.000000,0.000000,1.000000,0.528858
0.021739,1.000000,0.000000,0.500070,0.400000,1.000000,0.000000,1.000000,0.000000,0.000000,0.000000,0.563073
0.717391,0.000000,1.000000,0.564379,0.000000,0.000000,1.000000,1.000000,0.000000,0.000000,0.000000,0.122536
0.478261,1.000000,0.000000,0.452537,0.600000,0.000000,1.000000,0.000000,1.000000,0.000000,0.000000,0.104724
0.695652,0.000000,1.000000,0.781630,0.200000,0.000000,1.000000,0.000000,1.000000,0.000000,0.000000,0.126689
0.326087,0.000000,1.000000,0.529428,0.200000,1.000000,0.000000,0.000000,1.000000,0.000000,0.000000,0.593164
0.739130,1.000000,0.000000,0.393122,0.000000,0.000000,1.000000,0.000000,0.000000,0.000000,1.000000,0.349947
0.195652,0.000000,1.000000,0.058437,0.600000,0.000000,1.000000,0.000000,0.000000,0.000000,1.000000,0.059156
0.500000,1.000000,0.000000,0.567175,0.400000,0.000000,1.000000,1.000000,0.000000,0.000000,0.000000,0.099761
0.521739,0.000000,1.000000,0.368657,0.000000,1.000000,0.000000,1.000000,0.000000,0.000000,0.000000,0.335557
0.760870,0.000000,1.000000,0.128198,0.200000,0.000000,1.000000,1.000000,0.000000,0.000000,0.000000,0.142757
0.326087,1.000000,0.000000,0.209562,0.000000,0.000000,1.000000,0.000000,1.000000,0.000000,0.000000,0.048895
0.021739,0.000000,1.000000,0.257654,0.200000,1.000000,0.000000,0.000000,0.000000,1.000000,0.000000,0.244683
0.608696,1.000000,0.000000,0.523277,0.000000,1.000000,0.000000,0.000000,0.000000,0.000000,1.000000,0.654282
0.673913,1.000000,0.000000,0.125402,0.200000,0.000000,1.000000,1.000000,0.000000,0.000000,0.000000,0.128659
0.413043,0.000000,1.000000,0.541731,0.000000,0.000000,1.000000,0.000000,1.000000,0.000000,0.000000,0.288799
0.456522,1.000000,0.000000,0.167342,0.600000,0.000000,1.000000,0.000000,0.000000,0.000000,1.000000,0.109563
0.086957,0.000000,1.000000,0.427653,0.000000,0.000000,1.000000,0.000000,0.000000,1.000000,0.000000,0.014900
0.630435,1.000000,0.000000,0.203691,0.200000,0.000000,1.000000,1.000000,0.000000,0.000000,0.000000,0.400882
0.586957,1.000000,0.000000,0.329512,0.400000,0.000000,1.000000,0.000000,1.000000,0.000000,0.000000,0.118039
0.891304,0.000000,1.000000,0.298756,0.200000,0.000000,1.000000,1.000000,0.000000,0.000000,0.000000,0.178966
0.565217,0.000000,1.000000,0.295960,0.400000,0.000000,1.000000,1.000000,0.000000,0.000000,0.000000,0.105429
0.021739,1.000000,0.000000,0.419684,0.200000,0.000000,1.000000,0.000000,0.000000,1.000000,0.000000,0.025498
0.369565,1.000000,0.000000,0.486369,0.200000,0.000000,1.000000,0.000000,1.000000,0.000000,0.000000,0.065817
0.217391,0.000000,1.000000,0.159374,0.400000,0.000000,1.000000,0.000000,0.000000,0.000000,1.000000,0.052787
0.108696,0.000000,1.000000,0.053125,0.000000,0.000000,1.000000,0.000000,0.000000,1.000000,0.000000,0.326799
0.000000,1.000000,0.000000,0.710891,0.000000,1.000000,0.000000,0.000000,1.000000,0.000000,0.000000,0.601304
0.652174,1.000000,0.000000,0.292185,0.200000,0.000000,1.000000,0.000000,0.000000,0.000000,1.000000,0.132890
0.782609,1.000000,0.000000,0.337341,0.400000,0.000000,1.000000,0.000000,0.000000,0.000000,1.000000,0.175180
0.608696,0.000000,1.000000,0.301552,0.000000,0.000000,1.000000,1.000000,0.000000,0.000000,0.000000,0.374808
0.739130,0.000000,1.000000,0.267999,0.600000,0.000000,1.000000,0.000000,1.000000,0.000000,0.000000,0.396992
0.826087,0.000000,1.000000,0.539214,0.600000,0.000000,1.000000,1.000000,0.000000,0.000000,0.000000,0.179440
0.217391,1.000000,0.000000,0.013281,0.000000,0.000000,1.000000,0.000000,0.000000,0.000000,1.000000,0.041673
0.021739,1.000000,0.000000,0.337900,0.000000,0.000000,1.000000,1.000000,0.000000,0.000000,0.000000,0.009918
0.217391,1.000000,0.000000,0.254998,0.200000,0.000000,1.000000,0.000000,0.000000,1.000000,0.000000,0.048074
0.065217,1.000000,0.000000,0.634000,0.000000,0.000000,1.000000,0.000000,1.000000,0.000000,0.000000,0.014447
0.326087,0.000000,1.000000,0.287572,0.200000,1.000000,0.000000,1.000000,0.000000,0.000000,0.000000,0.286024
0.934783,1.000000,0.000000,0.318328,0.000000,0.000000,1.000000,1.000000,0.000000,0.000000,0.000000,0.190269
0.195652,1.000000,0.000000,0.538655,0.000000,1.000000,0.000000,0.000000,1.000000,0.000000,0.000000,0.574826
0.586957,0.000000,1.000000,0.098840,0.600000,0.000000,1.000000,0.000000,1.000000,0.000000,0.000000,0.119452
0.021739,1.000000,0.000000,0.310779,0.600000,0.000000,1.000000,0.000000,0.000000,1.000000,0.000000,0.282797
0.152174,0.000000,1.000000,0.525933,0.000000,0.000000,1.000000,0.000000,0.000000,1.000000,0.000000,0.022547
0.565217,1.000000,0.000000,0.200336,0.400000,0.000000,1.000000,0.000000,1.000000,0.000000,0.000000,0.113159
1.000000,0.000000,1.000000,0.477142,0.000000,1.000000,0.000000,0.000000,1.000000,0.000000,0.000000,0.730542
0.217391,1.000000,0.000000,0.452537,0.400000,0.000000,1.000000,0.000000,1.000000,0.000000,0.000000,0.051519
0.239130,1.000000,0.000000,0.523277,0.000000,0.000000,1.000000,0.000000,1.000000,0.000000,0.000000,0.035832
0.413043,0.000000,1.000000,0.486090,0.200000,1.000000,0.000000,0.000000,0.000000,0.000000,1.000000,0.605368
0.304348,1.000000,0.000000,0.338739,0.000000,0.000000,1.000000,0.000000,1.000000,0.000000,0.000000,0.045509
0.652174,0.000000,1.000000,0.555152,0.200000,0.000000,1.000000,0.000000,0.000000,1.000000,0.000000,0.436515
0.478261,1.000000,0.000000,0.183280,0.600000,0.000000,1.000000,0.000000,0.000000,0.000000,1.000000,0.113816
0.586957,0.000000,1.000000,0.382497,0.400000,0.000000,1.000000,0.000000,0.000000,1.000000,0.000000,0.116389
0.434783,0.000000,1.000000,0.565777,0.200000,0.000000,1.000000,0.000000,0.000000,0.000000,1.000000,0.079137
0.500000,0.000000,1.000000,0.486090,0.400000,0.000000,1.000000,0.000000,0.000000,1.000000,0.000000,0.098005
0.065217,0.000000,1.000000,0.294841,0.000000,0.000000,1.000000,0.000000,0.000000,0.000000,1.000000,0.015679
0.217391,0.000000,1.000000,0.567175,0.200000,0.000000,1.000000,1.000000,0.000000,0.000000,0.000000,0.034403
0.347826,0.000000,1.000000,0.707815,0.400000,0.000000,1.000000,0.000000,1.000000,0.000000,0.000000,0.063885
0.695652,1.000000,0.000000,0.780931,0.000000,0.000000,1.000000,0.000000,0.000000,0.000000,1.000000,0.134398
0.217391,1.000000,0.000000,0.463722,0.000000,0.000000,1.000000,1.000000,0.000000,0.000000,0.000000,0.032725
0.652174,1.000000,0.000000,0.432965,0.400000,0.000000,1.000000,0.000000,0.000000,0.000000,1.000000,0.142404
0.739130,1.000000,0.000000,0.042500,0.000000,0.000000,1.000000,0.000000,0.000000,1.000000,0.000000,0.141570
0.500000,1.000000,0.000000,0.413393,0.000000,0.000000,1.000000,1.000000,0.000000,0.000000,0.000000,0.080836
0.217391,1.000000,0.000000,0.209842,0.200000,0.000000,1.000000,0.000000,0.000000,0.000000,1.000000,0.353832
0.760870,1.000000,0.000000,0.576402,0.200000,0.000000,1.000000,0.000000,0.000000,1.000000,0.000000,0.157032
0.021739,0.000000,1.000000,0.563120,0.000000,1.000000,0.000000,0.000000,0.000000,1.000000,0.000000,0.560229
0.804348,0.000000,1.000000,0.302810,0.000000,0.000000,1.000000,0.000000,0.000000,1.000000,0.000000,0.151203
0.173913,0.000000,1.000000,0.393122,0.400000,0.000000,1.000000,0.000000,0.000000,1.000000,0.000000,0.043982
0.847826,1.000000,0.000000,0.177967,0.000000,0.000000,1.000000,0.000000,0.000000,1.000000,0.000000,0.170933
1.000000,1.000000,0.000000,0.419684,0.400000,0.000000,1.000000,0.000000,0.000000,0.000000,1.000000,0.238588
0.000000,1.000000,0.000000,0.422340,0.000000,0.000000,1.000000,0.000000,0.000000,0.000000,1.000000,0.017305
0.456522,1.000000,0.000000,0.483294,0.600000,0.000000,1.000000,1.000000,0.000000,0.000000,0.000000,0.100507
0.630435,1.000000,0.000000,0.424577,0.200000,0.000000,1.000000,1.000000,0.000000,0.000000,0.000000,0.118590
0.804348,0.000000,1.000000,0.600168,0.000000,0.000000,1.000000,0.000000,1.000000,0.000000,0.000000,0.145325
0.891304,0.000000,1.000000,0.680134,0.200000,1.000000,0.000000,0.000000,1.000000,0.000000,0.000000,0.763759
0.413043,0.000000,1.000000,0.363064,0.000000,0.000000,1.000000,1.000000,0.000000,0.000000,0.000000,0.308048
0.173913,1.000000,0.000000,0.366420,0.400000,0.000000,1.000000,0.000000,1.000000,0.000000,0.000000,0.045653
0.347826,1.000000,0.000000,0.374528,0.200000,1.000000,0.000000,0.000000,0.000000,1.000000,0.000000,0.683527
0.065217,0.000000,1.000000,0.560464,0.000000,0.000000,1.000000,0.000000,0.000000,1.000000,0.000000,0.012697
0.391304,1.000000,0.000000,0.341815,0.800000,0.000000,1.000000,0.000000,1.000000,0.000000,0.000000,0.097719
0.652174,1.000000,0.000000,0.682651,0.800000,0.000000,1.000000,0.000000,0.000000,1.000000,0.000000,0.158213
0.608696,0.000000,1.000000,0.658745,0.400000,0.000000,1.000000,0.000000,0.000000,1.000000,0.000000,0.121493
0.608696,0.000000,1.000000,0.251223,1.000000,0.000000,1.000000,1.000000,0.000000,0.000000,0.000000,0.143261
0.282609,0.000000,1.000000,0.363344,0.000000,1.000000,0.000000,0.000000,1.000000,0.000000,0.000000,0.290964
0.739130,1.000000,0.000000,0.390466,0.200000,0.000000,1.000000,0.000000,0.000000,0.000000,1.000000,0.154440
0.652174,0.000000,1.000000,0.652454,0.000000,0.000000,1.000000,0.000000,1.000000,0.000000,0.000000,0.106663
0.695652,0.000000,1.000000,0.542010,0.000000,0.000000,1.000000,1.000000,0.000000,0.000000,0.000000,0.117097
0.260870,1.000000,0.000000,0.461764,0.200000,0.000000,1.000000,0.000000,1.000000,0.000000,0.000000,0.048352
0.673913,1.000000,0.000000,0.287572,0.200000,0.000000,1.000000,1.000000,0.000000,0.000000,0.000000,0.399347
0.869565,0.000000,1.000000,0.181323,0.000000,0.000000,1.000000,1.000000,0.000000,0.000000,0.000000,0.163190
0.739130,1.000000,0.000000,0.204530,0.200000,1.000000,0.000000,0.000000,0.000000,1.000000,0.000000,0.363389
0.913043,1.000000,0.000000,0.042500,0.000000,0.000000,1.000000,0.000000,0.000000,0.000000,1.000000,0.192860
0.391304,1.000000,0.000000,0.262407,0.000000,0.000000,1.000000,1.000000,0.000000,0.000000,0.000000,0.060049
0.673913,0.000000,1.000000,0.560185,0.000000,0.000000,1.000000,0.000000,1.000000,0.000000,0.000000,0.111797
0.673913,1.000000,0.000000,0.289529,0.000000,0.000000,1.000000,0.000000,1.000000,0.000000,0.000000,0.119388
0.739130,0.000000,1.000000,0.446246,0.600000,0.000000,1.000000,0.000000,0.000000,1.000000,0.000000,0.162290
0.652174,1.000000,0.000000,0.461764,0.000000,0.000000,1.000000,0.000000,1.000000,0.000000,0.000000,0.114317
0.130435,0.000000,1.000000,0.278904,0.200000,0.000000,1.000000,0.000000,0.000000,1.000000,0.000000,0.183372
0.869565,0.000000,1.000000,0.592339,0.000000,0.000000,1.000000,1.000000,0.000000,0.000000,0.000000,0.163517
0.782609,1.000000,0.000000,0.835593,0.400000,0.000000,1.000000,1.000000,0.000000,0.000000,0.000000,0.166270
0.173913,0.000000,1.000000,0.023906,0.000000,0.000000,1.000000,0.000000,0.000000,1.000000,0.000000,0.024886
1.000000,0.000000,1.000000,0.661680,0.000000,0.000000,1.000000,0.000000,1.000000,0.000000,0.000000,0.202866
0.260870,0.000000,1.000000,0.523277,0.000000,1.000000,0.000000,0.000000,1.000000,0.000000,0.000000,0.571895
0.347826,0.000000,1.000000,0.308122,0.200000,1.000000,0.000000,0.000000,0.000000,1.000000,0.000000,0.301488
0.000000,1.000000,0.000000,0.400252,0.000000,0.000000,1.000000,0.000000,1.000000,0.000000,0.000000,0.007981
0.717391,1.000000,0.000000,0.478121,0.000000,0.000000,1.000000,0.000000,0.000000,0.000000,1.000000,0.139579
0.717391,1.000000,0.000000,0.547183,0.600000,0.000000,1.000000,0.000000,0.000000,1.000000,0.000000,0.164646
0.260870,0.000000,1.000000,0.412554,0.600000,0.000000,1.000000,0.000000,1.000000,0.000000,0.000000,0.059310
0.608696,1.000000,0.000000,0.305466,0.000000,0.000000,1.000000,0.000000,0.000000,1.000000,0.000000,0.110215
0.434783,0.000000,1.000000,0.069481,0.000000,1.000000,0.000000,1.000000,0.000000,0.000000,0.000000,0.234624
0.586957,1.000000,0.000000,0.516846,0.000000,0.000000,1.000000,1.000000,0.000000,0.000000,0.000000,0.099384
0.826087,0.000000,1.000000,0.147770,0.000000,0.000000,1.000000,1.000000,0.000000,0.000000,0.000000,0.150925
0.130435,0.000000,1.000000,0.363903,0.000000,1.000000,0.000000,0.000000,0.000000,0.000000,1.000000,0.279760
1.000000,0.000000,1.000000,0.220467,0.200000,0.000000,1.000000,0.000000,0.000000,1.000000,0.000000,0.463614
0.739130,0.000000,1.000000,0.294841,0.000000,1.000000,0.000000,0.000000,0.000000,1.000000,0.000000,0.371465
0.782609,0.000000,1.000000,0.201873,0.000000,0.000000,1.000000,0.000000,0.000000,0.000000,1.000000,0.148464
0.891304,0.000000,1.000000,0.220467,0.000000,0.000000,1.000000,0.000000,0.000000,0.000000,1.000000,0.178808
0.934783,0.000000,1.000000,0.602964,0.000000,0.000000,1.000000,0.000000,0.000000,1.000000,0.000000,0.188802
0.760870,0.000000,1.000000,0.553194,0.600000,0.000000,1.000000,1.000000,0.000000,0.000000,0.000000,0.161898
0.586957,1.000000,0.000000,0.307983,0.400000,0.000000,1.000000,0.000000,1.000000,0.000000,0.000000,0.118022
0.521739,0.000000,1.000000,0.321404,0.600000,1.000000,0.000000,0.000000,0.000000,1.000000,0.000000,0.505448
0.739130,1.000000,0.000000,0.224941,0.000000,0.000000,1.000000,0.000000,1.000000,0.000000,0.000000,0.414952
0.891304,0.000000,1.000000,0.418705,0.400000,0.000000,1.000000,0.000000,1.000000,0.000000,0.000000,0.188463
0.043478,1.000000,0.000000,0.564379,1.000000,0.000000,1.000000,1.000000,0.000000,0.000000,0.000000,0.059199
0.760870,0.000000,1.000000,0.329512,0.600000,0.000000,1.000000,1.000000,0.000000,0.000000,0.000000,0.161720
0.000000,0.000000,1.000000,0.241717,0.000000,0.000000,1.000000,0.000000,0.000000,0.000000,1.000000,0.009356
0.217391,0.000000,1.000000,0.393122,0.000000,0.000000,1.000000,0.000000,0.000000,1.000000,0.000000,0.030977
0.586957,1.000000,0.000000,0.393821,0.400000,0.000000,1.000000,1.000000,0.000000,0.000000,0.000000,0.118090
0.217391,0.000000,1.000000,0.547602,0.200000,1.000000,0.000000,1.000000,0.000000,0.000000,0.000000,0.799263
0.239130,1.000000,0.000000,0.095624,0.400000,0.000000,1.000000,0.000000,0.000000,1.000000,0.000000,0.060409
0.326087,0.000000,1.000000,0.297498,0.400000,0.000000,1.000000,0.000000,0.000000,1.000000,0.000000,0.066076
0.173913,1.000000,0.000000,0.366420,0.200000,0.000000,1.000000,0.000000,1.000000,0.000000,0.000000,0.036251
0.065217,1.000000,0.000000,0.504823,0.000000,0.000000,1.000000,0.000000,1.000000,0.000000,0.000000,0.014345
0.673913,1.000000,0.000000,0.162030,0.200000,0.000000,1.000000,0.000000,0.000000,1.000000,0.000000,0.134801
0.739130,1.000000,0.000000,0.417028,0.400000,0.000000,1.000000,0.000000,0.000000,1.000000,0.000000,0.160671
0.652174,1.000000,0.000000,0.455613,0.000000,1.000000,0.000000,0.000000,1.000000,0.000000,0.000000,0.636125
0.543478,0.000000,1.000000,0.307144,0.000000,1.000000,0.000000,1.000000,0.000000,0.000000,0.000000,0.585933
0.673913,1.000000,0.000000,0.196561,0.600000,1.000000,0.000000,0.000000,0.000000,0.000000,1.000000,0.366889
0.521739,0.000000,1.000000,0.218789,0.000000,1.000000,0.000000,0.000000,1.000000,0.000000,0.000000,0.293601
0.934783,1.000000,0.000000,0.547183,0.200000,1.000000,0.000000,0.000000,0.000000,0.000000,1.000000,0.756533
0.826087,1.000000,0.000000,0.273592,0.200000,0.000000,1.000000,0.000000,0.000000,1.000000,0.000000,0.174345
1.000000,1.000000,0.000000,0.405005,0.400000,1.000000,0.000000,1.000000,0.000000,0.000000,0.000000,0.736955
0.543478,1.000000,0.000000,0.281560,0.000000,1.000000,0.000000,0.000000,0.000000,1.000000,0.000000,0.329656
0.891304,1.000000,0.000000,0.304907,0.600000,0.000000,1.000000,0.000000,1.000000,0.000000,0.000000,0.205580
0.978261,0.000000,1.000000,0.455333,0.000000,0.000000,1.000000,1.000000,0.000000,0.000000,0.000000,0.195885
0.000000,1.000000,0.000000,0.277226,0.000000,0.000000,1.000000,0.000000,1.000000,0.000000,0.000000,0.007884
1.000000,0.000000,1.000000,0.245631,0.400000,0.000000,1.000000,1.000000,0.000000,0.000000,0.000000,0.221339
0.021739,0.000000,1.000000,0.385153,0.000000,0.000000,1.000000,0.000000,0.000000,1.000000,0.000000,0.008263
0.521739,0.000000,1.000000,0.217811,0.400000,1.000000,0.000000,0.000000,0.000000,0.000000,1.000000,0.321436
0.934783,0.000000,1.000000,0.743324,0.000000,0.000000,1.000000,1.000000,0.000000,0.000000,0.000000,0.182800
0.652174,0.000000,1.000000,0.572487,0.400000,0.000000,1.000000,0.000000,1.000000,0.000000,0.000000,0.125403
0.391304,0.000000,1.000000,0.475465,0.200000,0.000000,1.000000,0.000000,0.000000,1.000000,0.000000,0.067928
0.608696,1.000000,0.000000,0.337900,0.400000,0.000000,1.000000,1.000000,0.000000,0.000000,0.000000,0.122930
0.065217,0.000000,1.000000,0.193905,0.400000,0.000000,1.000000,0.000000,0.000000,1.000000,0.000000,0.031209
0.434783,0.000000,1.000000,0.603243,0.600000,1.000000,0.000000,0.000000,1.000000,0.000000,0.000000,0.651689
0.500000,0.000000,1.000000,0.138823,0.200000,0.000000,1.000000,0.000000,1.000000,0.000000,0.000000,0.082214
0.760870,0.000000,1.000000,0.268279,0.400000,0.000000,1.000000,0.000000,0.000000,0.000000,1.000000,0.161576
0.217391,1.000000,0.000000,0.298756,0.400000,0.000000,1.000000,1.000000,0.000000,0.000000,0.000000,0.304170
0.478261,0.000000,1.000000,0.265623,0.200000,0.000000,1.000000,0.000000,0.000000,1.000000,0.000000,0.084080
0.000000,1.000000,0.000000,0.265623,0.000000,0.000000,1.000000,0.000000,0.000000,0.000000,1.000000,0.017180
0.565217,1.000000,0.000000,0.549839,0.000000,0.000000,1.000000,0.000000,0.000000,0.000000,1.000000,0.186362
0.586957,1.000000,0.000000,0.648120,0.600000,0.000000,1.000000,0.000000,0.000000,0.000000,1.000000,0.136999
0.847826,0.000000,1.000000,0.707815,0.200000,1.000000,0.000000,0.000000,1.000000,0.000000,0.000000,0.759054
0.000000,0.000000,1.000000,0.294841,0.200000,1.000000,0.000000,0.000000,0.000000,0.000000,1.000000,0.256300
0.521739,1.000000,0.000000,0.273592,0.000000,1.000000,0.000000,0.000000,0.000000,1.000000,0.000000,0.322862
0.804348,1.000000,0.000000,0.363903,0.000000,0.000000,1.000000,0.000000,0.000000,0.000000,1.000000,0.162249
0.521739,0.000000,1.000000,0.281980,0.000000,0.000000,1.000000,1.000000,0.000000,0.000000,0.000000,0.077382
0.021739,1.000000,0.000000,0.369216,0.000000,1.000000,0.000000,0.000000,0.000000,1.000000,0.000000,0.513750
0.347826,0.000000,1.000000,0.156717,0.400000,0.000000,1.000000,0.000000,0.000000,0.000000,1.000000,0.419068
0.000000,0.000000,1.000000,0.172655,0.000000,0.000000,1.000000,0.000000,0.000000,0.000000,1.000000,0.009301
0.478261,1.000000,0.000000,0.316091,0.200000,1.000000,0.000000,0.000000,0.000000,0.000000,1.000000,0.338550
0.565217,1.000000,0.000000,0.268279,0.000000,0.000000,1.000000,0.000000,0.000000,1.000000,0.000000,0.100523
0.304348,1.000000,0.000000,0.361247,0.000000,0.000000,1.000000,0.000000,0.000000,1.000000,0.000000,0.051640
0.500000,1.000000,0.000000,0.314134,0.200000,0.000000,1.000000,0.000000,1.000000,0.000000,0.000000,0.090159
0.043478,0.000000,1.000000,0.517126,0.200000,0.000000,1.000000,0.000000,1.000000,0.000000,0.000000,0.424629
0.173913,1.000000,0.000000,0.358591,0.800000,0.000000,1.000000,0.000000,0.000000,0.000000,1.000000,0.375903
0.717391,1.000000,0.000000,0.666713,0.000000,0.000000,1.000000,0.000000,0.000000,0.000000,1.000000,0.139729
0.847826,0.000000,1.000000,0.751713,0.200000,0.000000,1.000000,1.000000,0.000000,0.000000,0.000000,0.166871
0.630435,0.000000,1.000000,0.858521,0.200000,0.000000,1.000000,0.000000,1.000000,0.000000,0.000000,0.111129
0.978261,1.000000,0.000000,0.305466,0.000000,1.000000,0.000000,0.000000,0.000000,0.000000,1.000000,0.453343
0.000000,0.000000,1.000000,0.597092,0.000000,1.000000,0.000000,0.000000,1.000000,0.000000,0.000000,0.561640
0.478261,1.000000,0.000000,0.541731,0.000000,0.000000,1.000000,0.000000,1.000000,0.000000,0.000000,0.076590
0.913043,0.000000,1.000000,0.455613,0.600000,0.000000,1.000000,0.000000,1.000000,0.000000,0.000000,0.204282
1.000000,1.000000,0.000000,0.371872,0.600000,0.000000,1.000000,0.000000,0.000000,1.000000,0.000000,0.244760
0.869565,1.000000,0.000000,0.701664,0.000000,0.000000,1.000000,0.000000,1.000000,0.000000,0.000000,0.368811
0.413043,0.000000,1.000000,0.313435,0.400000,0.000000,1.000000,0.000000,0.000000,1.000000,0.000000,0.081120
0.826087,1.000000,0.000000,0.432965,0.600000,0.000000,1.000000,0.000000,0.000000,0.000000,1.000000,0.196467
0.608696,1.000000,0.000000,0.391025,0.600000,0.000000,1.000000,1.000000,0.000000,0.000000,0.000000,0.132374
0.500000,1.000000,0.000000,0.538655,0.200000,0.000000,1.000000,0.000000,1.000000,0.000000,0.000000,0.090337
0.021739,0.000000,1.000000,0.505662,0.000000,1.000000,0.000000,1.000000,0.000000,0.000000,0.000000,0.538030
0.543478,1.000000,0.000000,0.496715,0.200000,0.000000,1.000000,0.000000,0.000000,1.000000,0.000000,0.105435
0.608696,1.000000,0.000000,0.087656,0.400000,0.000000,1.000000,0.000000,0.000000,1.000000,0.000000,0.128845
0.695652,0.000000,1.000000,0.273592,0.000000,0.000000,1.000000,1.000000,0.000000,0.000000,0.000000,0.116884
0.543478,1.000000,0.000000,0.526353,0.200000,0.000000,1.000000,0.000000,1.000000,0.000000,0.000000,0.099346
0.913043,1.000000,0.000000,0.437159,0.000000,1.000000,0.000000,0.000000,1.000000,0.000000,0.000000,0.700528
0.847826,0.000000,1.000000,0.311058,0.200000,0.000000,1.000000,0.000000,1.000000,0.000000,0.000000,0.166522
0.000000,0.000000,1.000000,0.326716,0.000000,0.000000,1.000000,0.000000,0.000000,0.000000,1.000000,0.009423
0.326087,1.000000,0.000000,0.047113,0.200000,0.000000,1.000000,1.000000,0.000000,0.000000,0.000000,0.058168
0.217391,0.000000,1.000000,0.452537,0.600000,0.000000,1.000000,0.000000,1.000000,0.000000,0.000000,0.053115
0.173913,0.000000,1.000000,0.478121,0.200000,0.000000,1.000000,0.000000,0.000000,1.000000,0.000000,0.034648
0.195652,0.000000,1.000000,0.456871,0.400000,0.000000,1.000000,0.000000,0.000000,1.000000,0.000000,0.046878
0.804348,0.000000,1.000000,0.339997,0.000000,0.000000,1.000000,0.000000,0.000000,0.000000,1.000000,0.154425
0.152174,0.000000,1.000000,0.228436,0.400000,0.000000,1.000000,0.000000,0.000000,0.000000,1.000000,0.353074
0.869565,0.000000,1.000000,0.377184,0.000000,0.000000,1.000000,0.000000,0.000000,0.000000,1.000000,0.172652
0.695652,1.000000,0.000000,0.286873,0.200000,0.000000,1.000000,0.000000,0.000000,0.000000,1.000000,0.143407
0.521739,1.000000,0.000000,0.237243,0.200000,0.000000,1.000000,1.000000,0.000000,0.000000,0.000000,0.094553
0.130435,1.000000,0.000000,0.161750,0.000000,0.000000,1.000000,1.000000,0.000000,0.000000,0.000000,0.021319
0.673913,0.000000,1.000000,0.252342,0.400000,1.000000,0.000000,0.000000,0.000000,1.000000,0.000000,0.362105
0.934783,1.000000,0.000000,0.760101,0.000000,0.000000,1.000000,1.000000,0.000000,0.000000,0.000000,0.190619
0.760870,1.000000,0.000000,0.459527,0.000000,0.000000,1.000000,0.000000,0.000000,0.000000,1.000000,0.150730
0.369565,0.000000,1.000000,0.301831,0.200000,0.000000,1.000000,0.000000,1.000000,0.000000,0.000000,0.057865
0.239130,0.000000,1.000000,0.311058,0.000000,0.000000,1.000000,0.000000,1.000000,0.000000,0.000000,0.027858
0.086957,1.000000,0.000000,0.379841,0.000000,1.000000,0.000000,0.000000,0.000000,1.000000,0.000000,0.523327
0.804348,1.000000,0.000000,0.567175,0.000000,0.000000,1.000000,1.000000,0.000000,0.000000,0.000000,0.153104
0.608696,0.000000,1.000000,0.223123,0.600000,0.000000,1.000000,0.000000,0.000000,0.000000,1.000000,0.133741
0.326087,1.000000,0.000000,0.320285,0.200000,0.000000,1.000000,0.000000,1.000000,0.000000,0.000000,0.058385
0.173913,1.000000,0.000000,0.334685,0.000000,0.000000,1.000000,0.000000,0.000000,0.000000,1.000000,0.036131
0.782609,0.000000,1.000000,0.486369,0.400000,1.000000,0.000000,0.000000,1.000000,0.000000,0.000000,0.688585
0.934783,0.000000,1.000000,0.412554,0.000000,0.000000,1.000000,0.000000,1.000000,0.000000,0.000000,0.182538
0.173913,1.000000,0.000000,0.715364,0.200000,0.000000,1.000000,1.000000,0.000000,0.000000,0.000000,0.036528
0.717391,1.000000,0.000000,0.584790,0.200000,0.000000,1.000000,0.000000,1.000000,0.000000,0.000000,0.139760
0.673913,1.000000,0.000000,0.390466,0.200000,0.000000,1.000000,0.000000,0.000000,0.000000,1.000000,0.138175
0.260870,0.000000,1.000000,0.212079,0.600000,1.000000,0.000000,1.000000,0.000000,0.000000,0.000000,0.273547
0.869565,0.000000,1.000000,0.901580,0.000000,0.000000,1.000000,0.000000,1.000000,0.000000,0.000000,0.163762
0.086957,0.000000,1.000000,0.337341,0.000000,0.000000,1.000000,0.000000,0.000000,0.000000,1.000000,0.018021
0.586957,0.000000,1.000000,0.169999,0.000000,1.000000,0.000000,0.000000,0.000000,0.000000,1.000000,0.541872
0.434783,0.000000,1.000000,0.308122,0.400000,0.000000,1.000000,0.000000,0.000000,1.000000,0.000000,0.085141
0.869565,1.000000,0.000000,0.318747,0.000000,0.000000,1.000000,0.000000,0.000000,1.000000,0.000000,0.177218
0.173913,0.000000,1.000000,0.344890,0.200000,0.000000,1.000000,0.000000,1.000000,0.000000,0.000000,0.028429
0.630435,1.000000,0.000000,0.209842,0.000000,0.000000,1.000000,0.000000,0.000000,0.000000,1.000000,0.118324
0.434783,1.000000,0.000000,0.374528,0.600000,0.000000,1.000000,0.000000,0.000000,1.000000,0.000000,0.102401
0.478261,1.000000,0.000000,0.446246,0.400000,1.000000,0.000000,0.000000,0.000000,1.000000,0.000000,0.620628
0.021739,1.000000,0.000000,0.576402,0.000000,0.000000,1.000000,0.000000,0.000000,1.000000,0.000000,0.016221
0.500000,0.000000,1.000000,0.486369,0.200000,0.000000,1.000000,0.000000,1.000000,0.000000,0.000000,0.082490
0.391304,0.000000,1.000000,0.393122,0.200000,0.000000,1.000000,0.000000,0.000000,1.000000,0.000000,0.067863
0.282609,0.000000,1.000000,0.100238,0.000000,0.000000,1.000000,1.000000,0.000000,0.000000,0.000000,0.034132
0.304348,0.000000,1.000000,0.337341,0.000000,0.000000,1.000000,0.000000,0.000000,1.000000,0.000000,0.043816
0.673913,1.000000,0.000000,0.421781,1.000000,0.000000,1.000000,1.000000,0.000000,0.000000,0.000000,0.166501
0.130435,1.000000,0.000000,0.634000,0.000000,0.000000,1.000000,0.000000,1.000000,0.000000,0.000000,0.021694
0.282609,1.000000,0.000000,0.594995,0.200000,1.000000,0.000000,0.000000,0.000000,0.000000,1.000000,0.917008
0.695652,1.000000,0.000000,0.472110,0.800000,0.000000,1.000000,1.000000,0.000000,0.000000,0.000000,0.162453
0.543478,1.000000,0.000000,0.387809,0.400000,0.000000,1.000000,0.000000,0.000000,1.000000,0.000000,0.114751
0.521739,1.000000,0.000000,0.685307,0.200000,0.000000,1.000000,0.000000,0.000000,0.000000,1.000000,0.104215
0.891304,1.000000,0.000000,0.406403,0.000000,0.000000,1.000000,0.000000,0.000000,1.000000,0.000000,0.183569
0.978261,1.000000,0.000000,0.231092,0.000000,0.000000,1.000000,0.000000,0.000000,1.000000,0.000000,0.209625
0.826087,0.000000,1.000000,0.492521,0.000000,0.000000,1.000000,0.000000,1.000000,0.000000,0.000000,0.151198
0.130435,0.000000,1.000000,0.191248,0.000000,0.000000,1.000000,0.000000,0.000000,1.000000,0.000000,0.019651
0.521739,1.000000,0.000000,0.448903,0.000000,0.000000,1.000000,0.000000,0.000000,0.000000,1.000000,0.094625
0.239130,0.000000,1.000000,0.417028,0.400000,0.000000,1.000000,0.000000,0.000000,1.000000,0.000000,0.052859
0.217391,1.000000,0.000000,0.265623,0.600000,0.000000,1.000000,0.000000,0.000000,1.000000,0.000000,0.066886
0.195652,0.000000,1.000000,0.707815,0.000000,1.000000,0.000000,0.000000,1.000000,0.000000,0.000000,0.614378
0.478261,0.000000,1.000000,0.350622,0.200000,0.000000,1.000000,0.000000,0.000000,1.000000,0.000000,0.084148
0.695652,1.000000,0.000000,0.316091,0.600000,0.000000,1.000000,0.000000,0.000000,1.000000,0.000000,0.159041
0.913043,0.000000,1.000000,0.645463,0.000000,1.000000,0.000000,1.000000,0.000000,0.000000,0.000000,0.751039
0.326087,1.000000,0.000000,0.730463,0.600000,0.000000,1.000000,0.000000,0.000000,1.000000,0.000000,0.083627
0.108696,0.000000,1.000000,0.567175,0.600000,0.000000,1.000000,1.000000,0.000000,0.000000,0.000000,0.039518
0.065217,1.000000,0.000000,0.470152,0.400000,0.000000,1.000000,0.000000,0.000000,1.000000,0.000000,0.039234
0.717391,1.000000,0.000000,0.594016,0.000000,1.000000,0.000000,0.000000,1.000000,0.000000,0.000000,0.690815
0.500000,0.000000,1.000000,0.467916,0.000000,0.000000,1.000000,0.000000,1.000000,0.000000,0.000000,0.073074
0.869565,0.000000,1.000000,0.424857,0.200000,0.000000,1.000000,0.000000,1.000000,0.000000,0.000000,0.172785
0.760870,1.000000,0.000000,0.432965,0.400000,0.000000,1.000000,0.000000,0.000000,0.000000,1.000000,0.447969
0.000000,0.000000,1.000000,0.514050,0.200000,0.000000,1.000000,0.000000,1.000000,0.000000,0.000000,0.009668
0.021739,1.000000,0.000000,0.027541,0.000000,0.000000,1.000000,1.000000,0.000000,0.000000,0.000000,0.009672
0.891304,1.000000,0.000000,0.276248,0.600000,0.000000,1.000000,0.000000,0.000000,1.000000,0.000000,0.211670
0.652174,0.000000,1.000000,0.664057,0.400000,1.000000,0.000000,0.000000,0.000000,1.000000,0.000000,0.711591
0.043478,0.000000,1.000000,0.371872,1.000000,0.000000,1.000000,0.000000,0.000000,0.000000,1.000000,0.060547
0.434783,0.000000,1.000000,0.347966,0.400000,0.000000,1.000000,0.000000,0.000000,1.000000,0.000000,0.085173
0.043478,1.000000,0.000000,0.385153,0.000000,0.000000,1.000000,0.000000,0.000000,0.000000,1.000000,0.021355
0.630435,0.000000,1.000000,0.318747,0.600000,1.000000,0.000000,0.000000,0.000000,1.000000,0.000000,0.379791
0.521739,1.000000,0.000000,0.340696,0.200000,0.000000,1.000000,1.000000,0.000000,0.000000,0.000000,0.094635
0.717391,1.000000,0.000000,0.034531,0.000000,0.000000,1.000000,0.000000,0.000000,1.000000,0.000000,0.136035
0.760870,1.000000,0.000000,0.223123,0.200000,0.000000,1.000000,0.000000,0.000000,1.000000,0.000000,0.156752
0.934783,0.000000,1.000000,0.467496,0.000000,0.000000,1.000000,0.000000,0.000000,0.000000,1.000000,0.191887
0.608696,0.000000,1.000000,0.153362,0.000000,0.000000,1.000000,1.000000,0.000000,0.000000,0.000000,0.096175
0.413043,1.000000,0.000000,0.391025,0.400000,0.000000,1.000000,0.000000,1.000000,0.000000,0.000000,0.082873
0.195652,1.000000,0.000000,0.407801,0.000000,1.000000,0.000000,1.000000,0.000000,0.000000,0.000000,0.538193
0.565217,0.000000,1.000000,0.387949,0.400000,0.000000,1.000000,0.000000,1.000000,0.000000,0.000000,0.105502
0.630435,0.000000,1.000000,0.363903,0.600000,0.000000,1.000000,0.000000,0.000000,1.000000,0.000000,0.135653
0.456522,1.000000,0.000000,0.438557,0.200000,0.000000,1.000000,1.000000,0.000000,0.000000,0.000000,0.081669
0.586957,0.000000,1.000000,0.298756,0.600000,0.000000,1.000000,1.000000,0.000000,0.000000,0.000000,0.119611
0.804348,0.000000,1.000000,0.365860,0.000000,0.000000,1.000000,1.000000,0.000000,0.000000,0.000000,0.145139
0.021739,1.000000,0.000000,0.049909,0.000000,0.000000,1.000000,1.000000,0.000000,0.000000,0.000000,0.009689
0.043478,0.000000,1.000000,0.313435,0.200000,1.000000,0.000000,0.000000,0.000000,1.000000,0.000000,0.262392
0.717391,0.000000,1.000000,0.729344,0.400000,1.000000,0.000000,0.000000,1.000000,0.000000,0.000000,0.739698
0.500000,1.000000,0.000000,0.138124,0.200000,0.000000,1.000000,0.000000,0.000000,0.000000,1.000000,0.201179
0.043478,0.000000,1.000000,0.144974,0.200000,0.000000,1.000000,1.000000,0.000000,0.000000,0.000000,0.013455
0.586957,1.000000,0.000000,0.600308,0.000000,0.000000,1.000000,0.000000,0.000000,0.000000,1.000000,0.108756
0.195652,0.000000,1.000000,0.382637,0.000000,0.000000,1.000000,1.000000,0.000000,0.000000,0.000000,0.021902
0.826087,1.000000,0.000000,0.530826,0.200000,0.000000,1.000000,1.000000,0.000000,0.000000,0.000000,0.168436
0.717391,0.000000,1.000000,0.535579,0.200000,0.000000,1.000000,0.000000,1.000000,0.000000,0.000000,0.131915
0.434783,0.000000,1.000000,0.087656,0.200000,0.000000,1.000000,0.000000,0.000000,1.000000,0.000000,0.075565
0.043478,1.000000,0.000000,0.409479,0.000000,0.000000,1.000000,0.000000,1.000000,0.000000,0.000000,0.012068
0.478261,1.000000,0.000000,0.349084,0.800000,0.000000,1.000000,1.000000,0.000000,0.000000,0.000000,0.234753
0.565217,0.000000,1.000000,0.489445,0.200000,0.000000,1.000000,0.000000,1.000000,0.000000,0.000000,0.096181
0.282609,0.000000,1.000000,0.634000,0.200000,0.000000,1.000000,0.000000,1.000000,0.000000,0.000000,0.043957
0.652174,1.000000,0.000000,0.552495,0.000000,0.000000,1.000000,0.000000,0.000000,1.000000,0.000000,0.120503
0.413043,0.000000,1.000000,0.164686,0.600000,0.000000,1.000000,0.000000,0.000000,0.000000,1.000000,0.093596
0.956522,0.000000,1.000000,0.300154,0.200000,0.000000,1.000000,0.000000,0.000000,1.000000,0.000000,0.204566
0.217391,0.000000,1.000000,0.195303,0.400000,0.000000,1.000000,1.000000,0.000000,0.000000,0.000000,0.043509
0.673913,0.000000,1.000000,0.393821,0.000000,1.000000,0.000000,1.000000,0.000000,0.000000,0.000000,0.616227
0.152174,0.000000,1.000000,0.249546,0.000000,0.000000,1.000000,0.000000,1.000000,0.000000,0.000000,0.016214
0.173913,0.000000,1.000000,0.449741,0.400000,1.000000,0.000000,1.000000,0.000000,0.000000,0.000000,0.558087
0.521739,0.000000,1.000000,0.224941,0.000000,0.000000,1.000000,0.000000,1.000000,0.000000,0.000000,0.077336
0.108696,1.000000,0.000000,0.316091,0.000000,0.000000,1.000000,0.000000,0.000000,1.000000,0.000000,0.025032
0.304348,1.000000,0.000000,0.568433,0.600000,0.000000,1.000000,0.000000,0.000000,0.000000,1.000000,0.083202
0.195652,1.000000,0.000000,0.031875,0.400000,1.000000,0.000000,0.000000,0.000000,0.000000,1.000000,0.221629
0.021739,1.000000,0.000000,0.105830,0.000000,0.000000,1.000000,1.000000,0.000000,0.000000,0.000000,0.009734
0.391304,1.000000,0.000000,0.369216,0.000000,0.000000,1.000000,0.000000,0.000000,1.000000,0.000000,0.066247
0.434783,0.000000,1.000000,0.320285,0.200000,0.000000,1.000000,0.000000,1.000000,0.000000,0.000000,0.069636
0.586957,1.000000,0.000000,0.544806,0.400000,0.000000,1.000000,0.000000,1.000000,0.000000,0.000000,0.118210
0.195652,1.000000,0.000000,0.130155,0.000000,0.000000,1.000000,0.000000,0.000000,1.000000,0.000000,0.035621
0.152174,0.000000,1.000000,0.279184,0.600000,0.000000,1.000000,1.000000,0.000000,0.000000,0.000000,0.044442
0.847826,1.000000,0.000000,0.363344,0.000000,1.000000,0.000000,0.000000,1.000000,0.000000,0.000000,0.421591
0.152174,1.000000,0.000000,0.185936,0.000000,0.000000,1.000000,0.000000,0.000000,0.000000,1.000000,0.033275
0.695652,1.000000,0.000000,0.818538,0.200000,0.000000,1.000000,0.000000,1.000000,0.000000,0.000000,0.134523
0.782609,1.000000,0.000000,0.855445,0.000000,1.000000,0.000000,0.000000,1.000000,0.000000,0.000000,1.000000
0.847826,0.000000,1.000000,0.470152,0.200000,0.000000,1.000000,0.000000,0.000000,1.000000,0.000000,0.172762
0.543478,0.000000,1.000000,0.371872,0.600000,0.000000,1.000000,0.000000,0.000000,1.000000,0.000000,0.116334
0.369565,0.000000,1.000000,0.555152,0.200000,1.000000,0.000000,0.000000,0.000000,0.000000,1.000000,0.616972
0.978261,0.000000,1.000000,0.321404,0.000000,0.000000,1.000000,0.000000,0.000000,1.000000,0.000000,0.201892
0.304348,0.000000,1.000000,0.514050,0.400000,0.000000,1.000000,1.000000,0.000000,0.000000,0.000000,0.056646
0.913043,0.000000,1.000000,0.358591,0.000000,0.000000,1.000000,0.000000,0.000000,0.000000,1.000000,0.185306
0.391304,1.000000,0.000000,0.366420,0.200000,0.000000,1.000000,0.000000,1.000000,0.000000,0.000000,0.069533
0.021739,1.000000,0.000000,0.215154,0.200000,0.000000,1.000000,0.000000,0.000000,1.000000,0.000000,0.025336
0.652174,0.000000,1.000000,0.357472,0.000000,0.000000,1.000000,1.000000,0.000000,0.000000,0.000000,0.321002
0.000000,0.000000,1.000000,0.474067,0.200000,0.000000,1.000000,0.000000,1.000000,0.000000,0.000000,0.009636
0.326087,0.000000,1.000000,0.717042,0.200000,0.000000,1.000000,0.000000,1.000000,0.000000,0.000000,0.162890
0.913043,1.000000,0.000000,0.511254,0.000000,0.000000,1.000000,1.000000,0.000000,0.000000,0.000000,0.183926
0.739130,1.000000,0.000000,0.602964,0.400000,0.000000,1.000000,0.000000,0.000000,0.000000,1.000000,0.164011
0.826087,1.000000,0.000000,0.290368,0.000000,0.000000,1.000000,1.000000,0.000000,0.000000,0.000000,0.158843
0.065217,0.000000,1.000000,0.095624,0.600000,0.000000,1.000000,0.000000,0.000000,0.000000,1.000000,0.043725
0.021739,0.000000,1.000000,0.138124,0.000000,0.000000,1.000000,0.000000,0.000000,1.000000,0.000000,0.008067
0.652174,0.000000,1.000000,0.312736,0.200000,1.000000,0.000000,1.000000,0.000000,0.000000,0.000000,0.358291
0.673913,1.000000,0.000000,0.366559,0.000000,0.000000,1.000000,0.000000,0.000000,1.000000,0.000000,0.125562
0.500000,0.000000,1.000000,0.324060,0.200000,0.000000,1.000000,0.000000,0.000000,1.000000,0.000000,0.088475
0.282609,1.000000,0.000000,0.189711,0.400000,0.000000,1.000000,1.000000,0.000000,0.000000,0.000000,0.060812
0.173913,1.000000,0.000000,0.653432,0.000000,0.000000,1.000000,0.000000,0.000000,1.000000,0.000000,0.033191
0.282609,0.000000,1.000000,0.544806,0.400000,1.000000,0.000000,1.000000,0.000000,0.000000,0.000000,0.600000
0.000000,1.000000,0.000000,0.655529,0.000000,0.000000,1.000000,0.000000,1.000000,0.000000,0.000000,0.008184
0.326087,0.000000,1.000000,0.223123,0.000000,1.000000,0.000000,0.000000,0.000000,0.000000,1.000000,0.267886
0.347826,1.000000,0.000000,0.592339,0.600000,0.000000,1.000000,1.000000,0.000000,0.000000,0.000000,0.081001
0.260870,1.000000,0.000000,0.323361,0.200000,1.000000,0.000000,0.000000,1.000000,0.000000,0.000000,0.293703
0.804348,0.000000,1.000000,0.443310,0.200000,0.000000,1.000000,0.000000,1.000000,0.000000,0.000000,0.154602
0.217391,1.000000,0.000000,0.251223,0.000000,0.000000,1.000000,1.000000,0.000000,0.000000,0.000000,0.032556
0.826087,1.000000,0.000000,0.321404,0.000000,0.000000,1.000000,0.000000,0.000000,0.000000,1.000000,0.168174
0.065217,0.000000,1.000000,0.397176,0.000000,0.000000,1.000000,0.000000,1.000000,0.000000,0.000000,0.246847
0.630435,0.000000,1.000000,0.618622,0.400000,1.000000,0.000000,0.000000,1.000000,0.000000,0.000000,0.687658
0.108696,0.000000,1.000000,0.417028,0.600000,1.000000,0.000000,0.000000,0.000000,0.000000,1.000000,0.559745
0.152174,1.000000,0.000000,0.480218,0.200000,0.000000,1.000000,0.000000,1.000000,0.000000,0.000000,0.033604
0.782609,1.000000,0.000000,0.172934,0.600000,0.000000,1.000000,1.000000,0.000000,0.000000,0.000000,0.175145
0.021739,0.000000,1.000000,0.491682,0.000000,0.000000,1.000000,1.000000,0.000000,0.000000,0.000000,0.002234
0.108696,1.000000,0.000000,0.725150,0.200000,1.000000,0.000000,0.000000,0.000000,0.000000,1.000000,0.635008
0.260870,1.000000,0.000000,0.169999,0.200000,0.000000,1.000000,0.000000,0.000000,0.000000,1.000000,0.057426
0.000000,1.000000,0.000000,0.135468,0.000000,1.000000,0.000000,0.000000,0.000000,0.000000,1.000000,0.210086
0.152174,0.000000,1.000000,0.276248,0.800000,0.000000,1.000000,0.000000,0.000000,1.000000,0.000000,0.059955
0.108696,0.000000,1.000000,0.491682,0.000000,0.000000,1.000000,1.000000,0.000000,0.000000,0.000000,0.011253
0.391304,0.000000,1.000000,0.463722,0.400000,1.000000,0.000000,1.000000,0.000000,0.000000,0.000000,0.595283
0.847826,1.000000,0.000000,0.334685,0.800000,0.000000,1.000000,0.000000,0.000000,0.000000,1.000000,0.211857
0.869565,0.000000,1.000000,0.563120,0.400000,1.000000,0.000000,0.000000,0.000000,1.000000,0.000000,0.740234
0.782609,0.000000,1.000000,0.231651,0.600000,1.000000,0.000000,1.000000,0.000000,0.000000,0.000000,0.387246
0.195652,0.000000,1.000000,0.443310,0.000000,0.000000,1.000000,0.000000,1.000000,0.000000,0.000000,0.021950
0.152174,1.000000,0.000000,0.111422,0.200000,0.000000,1.000000,1.000000,0.000000,0.000000,0.000000,0.033311
0.565217,1.000000,0.000000,0.302810,0.000000,0.000000,1.000000,0.000000,0.000000,1.000000,0.000000,0.100550
0.456522,0.000000,1.000000,0.140780,0.200000,0.000000,1.000000,0.000000,0.000000,1.000000,0.000000,0.079740
0.086957,0.000000,1.000000,0.474067,0.000000,0.000000,1.000000,0.000000,1.000000,0.000000,0.000000,0.008823
0.217391,1.000000,0.000000,0.455613,0.000000,0.000000,1.000000,0.000000,1.000000,0.000000,0.000000,0.032718
0.978261,0.000000,1.000000,0.391025,0.000000,0.000000,1.000000,1.000000,0.000000,0.000000,0.000000,0.195833
0.956522,0.000000,1.000000,0.409479,0.200000,0.000000,1.000000,0.000000,1.000000,0.000000,0.000000,0.413084
0.456522,1.000000,0.000000,0.197260,1.000000,0.000000,1.000000,0.000000,1.000000,0.000000,0.000000,0.119084
0.847826,1.000000,0.000000,0.151405,0.000000,0.000000,1.000000,0.000000,0.000000,0.000000,1.000000,0.174105
0.456522,0.000000,1.000000,0.215154,0.400000,0.000000,1.000000,0.000000,0.000000,1.000000,0.000000,0.089201
0.369565,0.000000,1.000000,0.640151,0.800000,0.000000,1.000000,0.000000,0.000000,0.000000,1.000000,0.293300
0.086957,1.000000,0.000000,0.397176,0.600000,1.000000,0.000000,0.000000,1.000000,0.000000,0.000000,0.550272
0.195652,1.000000,0.000000,0.221865,0.000000,1.000000,0.000000,0.000000,1.000000,0.000000,0.000000,0.246708
0.369565,0.000000,1.000000,0.502027,0.400000,0.000000,1.000000,0.000000,0.000000,1.000000,0.000000,0.073539
0.195652,1.000000,0.000000,0.090312,0.600000,1.000000,0.000000,0.000000,0.000000,1.000000,0.000000,0.244198
0.021739,1.000000,0.000000,0.321124,0.000000,1.000000,0.000000,1.000000,0.000000,0.000000,0.000000,0.254742
0.826087,1.000000,0.000000,0.578638,0.400000,0.000000,1.000000,0.000000,1.000000,0.000000,0.000000,0.177875
0.543478,0.000000,1.000000,0.294841,0.600000,0.000000,1.000000,0.000000,0.000000,0.000000,1.000000,0.119466
0.739130,1.000000,0.000000,0.237243,0.400000,1.000000,0.000000,0.000000,1.000000,0.000000,0.000000,0.375835
0.586957,1.000000,0.000000,0.233748,0.400000,0.000000,1.000000,0.000000,0.000000,0.000000,1.000000,0.127269
0.956522,1.000000,0.000000,0.366420,0.000000,0.000000,1.000000,0.000000,1.000000,0.000000,0.000000,0.196909
0.391304,0.000000,1.000000,0.410597,0.000000,0.000000,1.000000,1.000000,0.000000,0.000000,0.000000,0.052361
0.782609,1.000000,0.000000,0.443590,0.000000,0.000000,1.000000,0.000000,0.000000,0.000000,1.000000,0.156461
0.760870,1.000000,0.000000,0.560464,0.600000,1.000000,0.000000,0.000000,0.000000,1.000000,0.000000,0.726905
0.260870,0.000000,1.000000,0.172655,0.400000,1.000000,0.000000,0.000000,0.000000,1.000000,0.000000,0.259222
0.652174,1.000000,0.000000,0.533902,0.200000,0.000000,1.000000,0.000000,0.000000,0.000000,1.000000,0.403367
0.782609,0.000000,1.000000,0.369216,0.000000,0.000000,1.000000,0.000000,0.000000,1.000000,0.000000,0.372788
0.065217,1.000000,0.000000,0.267999,0.200000,0.000000,1.000000,1.000000,0.000000,0.000000,0.000000,0.023558
0.673913,0.000000,1.000000,0.252342,0.200000,0.000000,1.000000,0.000000,0.000000,0.000000,1.000000,0.130260
0.304348,0.000000,1.000000,0.569411,0.400000,0.000000,1.000000,0.000000,1.000000,0.000000,0.000000,0.056690
0.956522,1.000000,0.000000,0.382497,0.400000,0.000000,1.000000,0.000000,0.000000,1.000000,0.000000,0.221839
0.369565,0.000000,1.000000,0.337900,0.600000,0.000000,1.000000,1.000000,0.000000,0.000000,0.000000,0.076697
0.108696,0.000000,1.000000,0.271075,0.000000,0.000000,1.000000,0.000000,1.000000,0.000000,0.000000,0.011078
0.239130,0.000000,1.000000,0.462184,0.400000,0.000000,1.000000,0.000000,0.000000,1.000000,0.000000,0.292433
0.000000,1.000000,0.000000,0.600168,0.000000,0.000000,1.000000,0.000000,1.000000,0.000000,0.000000,0.008140
0.130435,0.000000,1.000000,0.652454,0.000000,1.000000,0.000000,0.000000,1.000000,0.000000,0.000000,0.590666
0.021739,1.000000,0.000000,0.159374,0.000000,0.000000,1.000000,0.000000,0.000000,1.000000,0.000000,0.015890
0.869565,1.000000,0.000000,0.166504,0.000000,0.000000,1.000000,0.000000,1.000000,0.000000,0.000000,0.170984
0.565217,1.000000,0.000000,0.757025,0.400000,1.000000,0.000000,0.000000,1.000000,0.000000,0.000000,0.719555
0.043478,0.000000,1.000000,0.387809,0.000000,1.000000,0.000000,0.000000,0.000000,0.000000,1.000000,0.516436
0.913043,1.000000,0.000000,0.201873,0.000000,0.000000,1.000000,0.000000,0.000000,1.000000,0.000000,0.189794
0.391304,1.000000,0.000000,0.161750,0.400000,1.000000,0.000000,1.000000,0.000000,0.000000,0.000000,0.279119
0.826087,1.000000,0.000000,0.329372,0.000000,0.000000,1.000000,0.000000,0.000000,0.000000,1.000000,0.168180
0.673913,1.000000,0.000000,0.554033,0.600000,0.000000,1.000000,0.000000,1.000000,0.000000,0.000000,0.147802
0.673913,0.000000,1.000000,0.363903,0.200000,0.000000,1.000000,0.000000,0.000000,0.000000,1.000000,0.130349
0.043478,0.000000,1.000000,0.661401,0.000000,0.000000,1.000000,0.000000,0.000000,0.000000,1.000000,0.013769
0.913043,1.000000,0.000000,0.300154,0.000000,0.000000,1.000000,0.000000,0.000000,0.000000,1.000000,0.193065
0.000000,0.000000,1.000000,0.461764,0.000000,0.000000,1.000000,0.000000,1.000000,0.000000,0.000000,0.000225
0.500000,0.000000,1.000000,0.565777,0.400000,0.000000,1.000000,0.000000,0.000000,1.000000,0.000000,0.098068
0.478261,1.000000,0.000000,0.295960,0.200000,0.000000,1.000000,1.000000,0.000000,0.000000,0.000000,0.085796
0.956522,0.000000,1.000000,0.646302,0.000000,0.000000,1.000000,0.000000,1.000000,0.000000,0.000000,0.189326
0.391304,0.000000,1.000000,0.329372,0.600000,0.000000,1.000000,0.000000,0.000000,1.000000,0.000000,0.086615
0.630435,0.000000,1.000000,0.066406,0.200000,0.000000,1.000000,0.000000,0.000000,0.000000,1.000000,0.119806
0.021739,0.000000,1.000000,0.304348,0.000000,1.000000,0.000000,1.000000,0.000000,0.000000,0.000000,0.242240
0.347826,0.000000,1.000000,0.531246,0.000000,0.000000,1.000000,0.000000,0.000000,1.000000,0.000000,0.051055
0.043478,1.000000,0.000000,0.280302,0.200000,1.000000,0.000000,0.000000,1.000000,0.000000,0.000000,0.254809
0.630435,1.000000,0.000000,0.355935,0.200000,0.000000,1.000000,0.000000,0.000000,1.000000,0.000000,0.124649
0.456522,1.000000,0.000000,0.041521,1.000000,1.000000,0.000000,1.000000,0.000000,0.000000,0.000000,0.285743
0.108696,0.000000,1.000000,0.514050,0.200000,0.000000,1.000000,1.000000,0.000000,0.000000,0.000000,0.020672
0.717391,0.000000,1.000000,0.305466,0.200000,0.000000,1.000000,0.000000,0.000000,0.000000,1.000000,0.141038
0.000000,1.000000,0.000000,0.653432,0.000000,0.000000,1.000000,0.000000,0.000000,0.000000,1.000000,0.017488
0.717391,0.000000,1.000000,0.461764,0.600000,0.000000,1.000000,0.000000,1.000000,0.000000,0.000000,0.150660
0.021739,0.000000,1.000000,0.375647,0.000000,1.000000,0.000000,0.000000,1.000000,0.000000,0.000000,0.501631
0.826087,1.000000,0.000000,0.247029,0.000000,0.000000,1.000000,0.000000,0.000000,1.000000,0.000000,0.164922
0.673913,0.000000,1.000000,0.245631,0.400000,1.000000,0.000000,1.000000,0.000000,0.000000,0.000000,0.354113
0.826087,0.000000,1.000000,0.418705,0.400000,1.000000,0.000000,0.000000,1.000000,0.000000,0.000000,0.681452
0.108696,1.000000,0.000000,0.504683,0.000000,0.000000,1.000000,0.000000,0.000000,0.000000,1.000000,0.028374
0.326087,1.000000,0.000000,0.276248,0.000000,0.000000,1.000000,0.000000,0.000000,1.000000,0.000000,0.055062
0.500000,0.000000,1.000000,0.335104,0.200000,0.000000,1.000000,1.000000,0.000000,0.000000,0.000000,0.082370
0.326087,1.000000,0.000000,0.617503,0.600000,0.000000,1.000000,1.000000,0.000000,0.000000,0.000000,0.077424
0.391304,1.000000,0.000000,0.366420,0.000000,0.000000,1.000000,0.000000,1.000000,0.000000,0.000000,0.060132
0.543478,1.000000,0.000000,0.231092,0.000000,0.000000,1.000000,0.000000,0.000000,0.000000,1.000000,0.099015
0.456522,0.000000,1.000000,0.357472,0.800000,0.000000,1.000000,1.000000,0.000000,0.000000,0.000000,0.102004
0.760870,0.000000,1.000000,0.337341,0.000000,0.000000,1.000000,0.000000,0.000000,1.000000,0.000000,0.139635
0.152174,1.000000,0.000000,0.431008,0.200000,0.000000,1.000000,0.000000,1.000000,0.000000,0.000000,0.272892
0.043478,1.000000,0.000000,0.339997,0.000000,0.000000,1.000000,0.000000,0.000000,1.000000,0.000000,0.018127
0.500000,1.000000,0.000000,0.321404,0.200000,0.000000,1.000000,0.000000,0.000000,1.000000,0.000000,0.096278
0.847826,1.000000,0.000000,0.488746,0.400000,0.000000,1.000000,0.000000,0.000000,0.000000,1.000000,0.193176
0.086957,1.000000,0.000000,0.536418,0.000000,0.000000,1.000000,1.000000,0.000000,0.000000,0.000000,0.016678
0.739130,0.000000,1.000000,0.374249,0.200000,0.000000,1.000000,1.000000,0.000000,0.000000,0.000000,0.137316
0.000000,0.000000,1.000000,0.175311,0.000000,0.000000,1.000000,0.000000,0.000000,0.000000,1.000000,0.009303
0.304348,1.000000,0.000000,0.191109,0.200000,0.000000,1.000000,0.000000,1.000000,0.000000,0.000000,0.263444
0.500000,0.000000,1.000000,0.529428,0.200000,1.000000,0.000000,0.000000,1.000000,0.000000,0.000000,0.624943
0.586957,0.000000,1.000000,0.374249,0.200000,0.000000,1.000000,1.000000,0.000000,0.000000,0.000000,0.100867
0.000000,0.000000,1.000000,0.178806,0.000000,0.000000,1.000000,0.000000,1.000000,0.000000,0.000000,0.000000
0.826087,1.000000,0.000000,0.643227,0.000000,0.000000,1.000000,0.000000,1.000000,0.000000,0.000000,0.159123
0.934783,1.000000,0.000000,0.342653,0.000000,1.000000,0.000000,0.000000,0.000000,1.000000,0.000000,0.447249
0.260870,0.000000,1.000000,0.241717,0.000000,0.000000,1.000000,0.000000,0.000000,0.000000,1.000000,0.040276
0.239130,0.000000,1.000000,0.169999,0.000000,1.000000,0.000000,0.000000,0.000000,0.000000,1.000000,0.239700
0.739130,0.000000,1.000000,0.430309,0.600000,0.000000,1.000000,0.000000,0.000000,0.000000,1.000000,0.165470
0.021739,0.000000,1.000000,0.332308,0.000000,0.000000,1.000000,1.000000,0.000000,0.000000,0.000000,0.002108
0.760870,0.000000,1.000000,0.406403,0.000000,0.000000,1.000000,0.000000,1.000000,0.000000,0.000000,0.418592
0.260870,0.000000,1.000000,0.302810,0.200000,0.000000,1.000000,0.000000,0.000000,0.000000,1.000000,0.049726
0.956522,0.000000,1.000000,0.424997,0.000000,1.000000,0.000000,0.000000,0.000000,0.000000,1.000000,0.711722
0.586957,1.000000,0.000000,0.382497,0.200000,1.000000,0.000000,0.000000,0.000000,1.000000,0.000000,0.616194
0.434783,1.000000,0.000000,0.584790,0.000000,0.000000,1.000000,0.000000,1.000000,0.000000,0.000000,0.068250
0.000000,1.000000,0.000000,0.377184,0.000000,0.000000,1.000000,0.000000,0.000000,0.000000,1.000000,0.017269
0.869565,0.000000,1.000000,0.528030,0.000000,0.000000,1.000000,1.000000,0.000000,0.000000,0.000000,0.163466
0.586957,1.000000,0.000000,0.302810,0.200000,0.000000,1.000000,0.000000,0.000000,1.000000,0.000000,0.434460
0.478261,0.000000,1.000000,0.516846,0.600000,0.000000,1.000000,1.000000,0.000000,0.000000,0.000000,0.096969
0.608696,1.000000,0.000000,0.472809,0.200000,0.000000,1.000000,0.000000,0.000000,0.000000,1.000000,0.122942
0.478261,0.000000,1.000000,0.231092,0.000000,0.000000,1.000000,0.000000,1.000000,0.000000,0.000000,0.068538
0.695652,0.000000,1.000000,0.239061,0.400000,0.000000,1.000000,0.000000,0.000000,1.000000,0.000000,0.465498
0.304348,0.000000,1.000000,0.573745,0.200000,0.000000,1.000000,0.000000,0.000000,0.000000,1.000000,0.056597
0.021739,1.000000,0.000000,0.217811,0.200000,0.000000,1.000000,0.000000,0.000000,1.000000,0.000000,0.025338
0.413043,0.000000,1.000000,0.391025,0.000000,0.000000,1.000000,1.000000,0.000000,0.000000,0.000000,0.056264
0.434783,1.000000,0.000000,0.292185,0.200000,0.000000,1.000000,0.000000,0.000000,0.000000,1.000000,0.086725
0.804348,0.000000,1.000000,0.477142,0.600000,0.000000,1.000000,0.000000,1.000000,0.000000,0.000000,0.173432
0.782609,1.000000,0.000000,0.432965,0.200000,0.000000,1.000000,0.000000,0.000000,0.000000,1.000000,0.165854
0.086957,1.000000,0.000000,0.379841,0.000000,0.000000,1.000000,0.000000,0.000000,0.000000,1.000000,0.025860
0.434783,0.000000,1.000000,0.000000,0.400000,0.000000,1.000000,0.000000,0.000000,0.000000,1.000000,0.088089
0.739130,0.000000,1.000000,0.483294,0.000000,0.000000,1.000000,0.000000,1.000000,0.000000,0.000000,0.128001
0.021739,1.000000,0.000000,0.427653,0.000000,0.000000,1.000000,0.000000,0.000000,1.000000,0.000000,0.016103
0.347826,0.000000,1.000000,0.499371,0.000000,0.000000,1.000000,0.000000,0.000000,0.000000,1.000000,0.054222
0.543478,0.000000,1.000000,0.517126,0.400000,0.000000,1.000000,0.000000,1.000000,0.000000,0.000000,0.282277
0.173913,1.000000,0.000000,0.151405,0.000000,0.000000,1.000000,0.000000,0.000000,1.000000,0.000000,0.032793
0.804348,0.000000,1.000000,0.387809,0.000000,1.000000,0.000000,0.000000,0.000000,0.000000,1.000000,0.657347
0.000000,1.000000,0.000000,0.345310,0.000000,0.000000,1.000000,0.000000,0.000000,0.000000,1.000000,0.098994
0.065217,1.000000,0.000000,0.497274,0.000000,0.000000,1.000000,1.000000,0.000000,0.000000,0.000000,0.014339
0.652174,1.000000,0.000000,0.400252,0.000000,0.000000,1.000000,0.000000,1.000000,0.000000,0.000000,0.114268
0.804348,1.000000,0.000000,0.435621,0.200000,0.000000,1.000000,0.000000,0.000000,0.000000,1.000000,0.171708
0.347826,0.000000,1.000000,0.391025,0.000000,1.000000,0.000000,1.000000,0.000000,0.000000,0.000000,0.548612
0.282609,1.000000,0.000000,0.554033,0.400000,0.000000,1.000000,0.000000,1.000000,0.000000,0.000000,0.061101
0.934783,1.000000,0.000000,0.623095,0.400000,0.000000,1.000000,1.000000,0.000000,0.000000,0.000000,0.209314
0.630435,1.000000,0.000000,0.462184,0.000000,0.000000,1.000000,0.000000,0.000000,0.000000,1.000000,0.315361
0.130435,1.000000,0.000000,0.103593,0.000000,1.000000,0.000000,0.000000,0.000000,0.000000,1.000000,0.214690
0.652174,1.000000,0.000000,0.310779,0.800000,0.000000,1.000000,0.000000,0.000000,1.000000,0.000000,0.157917
0.021739,0.000000,1.000000,0.233748,0.000000,0.000000,1.000000,0.000000,0.000000,1.000000,0.000000,0.008143
0.565217,0.000000,1.000000,0.361247,0.400000,0.000000,1.000000,0.000000,0.000000,0.000000,1.000000,0.494613
0.478261,1.000000,0.000000,0.151125,0.400000,1.000000,0.000000,0.000000,1.000000,0.000000,0.000000,0.292463
0.326087,0.000000,1.000000,0.351880,0.800000,0.000000,1.000000,1.000000,0.000000,0.000000,0.000000,0.078809
0.434783,1.000000,0.000000,0.502866,0.400000,0.000000,1.000000,1.000000,0.000000,0.000000,0.000000,0.086988
0.000000,1.000000,0.000000,0.477142,0.000000,0.000000,1.000000,0.000000,1.000000,0.000000,0.000000,0.165379
0.500000,0.000000,1.000000,0.199217,0.200000,0.000000,1.000000,0.000000,0.000000,0.000000,1.000000,0.091568
0.021739,0.000000,1.000000,0.342653,0.000000,1.000000,0.000000,0.000000,0.000000,1.000000,0.000000,0.259077
0.456522,0.000000,1.000000,0.268279,0.000000,1.000000,0.000000,0.000000,0.000000,0.000000,1.000000,0.303717
0.695652,0.000000,1.000000,0.566336,0.200000,0.000000,1.000000,0.000000,1.000000,0.000000,0.000000,0.126518
0.239130,1.000000,0.000000,0.245631,0.800000,0.000000,1.000000,1.000000,0.000000,0.000000,0.000000,0.073218
0.043478,0.000000,1.000000,0.435621,0.200000,0.000000,1.000000,0.000000,0.000000,1.000000,0.000000,0.019799
0.000000,0.000000,1.000000,0.680134,0.000000,0.000000,1.000000,0.000000,1.000000,0.000000,0.000000,0.000398
0.521739,0.000000,1.000000,0.483294,0.000000,0.000000,1.000000,1.000000,0.000000,0.000000,0.000000,0.077541
0.652174,0.000000,1.000000,0.212638,0.000000,1.000000,0.000000,0.000000,1.000000,0.000000,0.000000,0.320866
0.086957,0.000000,1.000000,0.525234,0.000000,1.000000,0.000000,1.000000,0.000000,0.000000,0.000000,0.550112
0.152174,0.000000,1.000000,0.300154,0.000000,0.000000,1.000000,0.000000,0.000000,1.000000,0.000000,0.022368
0.108696,0.000000,1.000000,0.701664,0.000000,0.000000,1.000000,0.000000,1.000000,0.000000,0.000000,0.011419
0.695652,0.000000,1.000000,0.268279,0.000000,0.000000,1.000000,0.000000,0.000000,1.000000,0.000000,0.122993
0.717391,1.000000,0.000000,0.251223,0.200000,0.000000,1.000000,1.000000,0.000000,0.000000,0.000000,0.139495
0.478261,0.000000,1.000000,0.393122,0.800000,0.000000,1.000000,0.000000,0.000000,1.000000,0.000000,0.112386
0.260870,0.000000,1.000000,0.204530,0.200000,0.000000,1.000000,0.000000,0.000000,1.000000,0.000000,0.046455
0.239130,1.000000,0.000000,0.401090,0.000000,0.000000,1.000000,0.000000,0.000000,0.000000,1.000000,0.045040
0.608696,0.000000,1.000000,0.382497,0.600000,1.000000,0.000000,0.000000,0.000000,1.000000,0.000000,0.632076
0.086957,1.000000,0.000000,0.314134,0.000000,0.000000,1.000000,0.000000,1.000000,0.000000,0.000000,0.016502
0.282609,0.000000,1.000000,0.603243,0.400000,0.000000,1.000000,0.000000,1.000000,0.000000,0.000000,0.053335
0.913043,1.000000,0.000000,0.594016,0.000000,0.000000,1.000000,0.000000,1.000000,0.000000,0.000000,0.183992
0.760870,0.000000,1.000000,0.209842,0.000000,0.000000,1.000000,0.000000,0.000000,1.000000,0.000000,0.139534
0.021739,1.000000,0.000000,0.382497,0.000000,0.000000,1.000000,0.000000,0.000000,1.000000,0.000000,0.016067
0.000000,0.000000,1.000000,0.261848,0.400000,0.000000,1.000000,0.000000,1.000000,0.000000,0.000000,0.018869
0.000000,1.000000,0.000000,0.231092,0.000000,0.000000,1.000000,0.000000,0.000000,0.000000,1.000000,0.017153
0.847826,1.000000,0.000000,0.592339,0.400000,0.000000,1.000000,1.000000,0.000000,0.000000,0.000000,0.183952
0.195652,0.000000,1.000000,0.470991,0.000000,0.000000,1.000000,0.000000,1.000000,0.000000,0.000000,0.021972
0.391304,1.000000,0.000000,0.148749,0.600000,0.000000,1.000000,0.000000,0.000000,0.000000,1.000000,0.097470
0.043478,1.000000,0.000000,0.422340,0.000000,0.000000,1.000000,0.000000,0.000000,1.000000,0.000000,0.018192
0.565217,1.000000,0.000000,0.228855,0.200000,0.000000,1.000000,1.000000,0.000000,0.000000,0.000000,0.103780
0.565217,1.000000,0.000000,0.298756,0.200000,0.000000,1.000000,1.000000,0.000000,0.000000,0.000000,0.103835
0.956522,0.000000,1.000000,0.276248,0.000000,1.000000,0.000000,0.000000,0.000000,0.000000,1.000000,0.430648
0.956522,1.000000,0.000000,0.417028,0.000000,0.000000,1.000000,0.000000,0.000000,0.000000,1.000000,0.206255
0.891304,1.000000,0.000000,0.427373,0.600000,0.000000,1.000000,1.000000,0.000000,0.000000,0.000000,0.205677
0.369565,0.000000,1.000000,0.204530,0.200000,0.000000,1.000000,0.000000,0.000000,1.000000,0.000000,0.063902
0.652174,1.000000,0.000000,0.167342,0.000000,0.000000,1.000000,1.000000,0.000000,0.000000,0.000000,0.114084
0.021739,0.000000,1.000000,0.455333,0.000000,0.000000,1.000000,1.000000,0.000000,0.000000,0.000000,0.350544
0.891304,1.000000,0.000000,0.307983,0.600000,0.000000,1.000000,0.000000,1.000000,0.000000,0.000000,0.205582
0.021739,0.000000,1.000000,0.114218,0.200000,0.000000,1.000000,1.000000,0.000000,0.000000,0.000000,0.011337
0.173913,1.000000,0.000000,0.354117,0.200000,0.000000,1.000000,0.000000,1.000000,0.000000,0.000000,0.036242
0.891304,1.000000,0.000000,0.557808,0.200000,1.000000,0.000000,0.000000,0.000000,0.000000,1.000000,0.746624
0.478261,1.000000,0.000000,0.357472,0.000000,0.000000,1.000000,1.000000,0.000000,0.000000,0.000000,0.076443
0.021739,1.000000,0.000000,0.136586,0.000000,1.000000,0.000000,1.000000,0.000000,0.000000,0.000000,0.203079
0.152174,1.000000,0.000000,0.377045,0.000000,0.000000,1.000000,1.000000,0.000000,0.000000,0.000000,0.024121
0.956522,1.000000,0.000000,0.228855,0.000000,0.000000,1.000000,1.000000,0.000000,0.000000,0.000000,0.196800
0.195652,1.000000,0.000000,0.379841,0.600000,0.000000,1.000000,0.000000,0.000000,1.000000,0.000000,0.282255
0.326087,1.000000,0.000000,0.148749,0.200000,0.000000,1.000000,0.000000,0.000000,0.000000,1.000000,0.067555
0.869565,0.000000,1.000000,0.504683,0.000000,0.000000,1.000000,0.000000,0.000000,0.000000,1.000000,0.172753
0.717391,0.000000,1.000000,0.212498,0.800000,0.000000,1.000000,0.000000,0.000000,1.000000,0.000000,0.165977
0.086957,0.000000,1.000000,0.406403,0.200000,0.000000,1.000000,0.000000,0.000000,1.000000,0.000000,0.024285
1.000000,0.000000,1.000000,0.563260,0.400000,1.000000,0.000000,0.000000,1.000000,0.000000,0.000000,0.773454
0.021739,1.000000,0.000000,0.329512,1.000000,0.000000,1.000000,1.000000,0.000000,0.000000,0.000000,0.056919
0.891304,0.000000,1.000000,0.575563,0.000000,0.000000,1.000000,1.000000,0.000000,0.000000,0.000000,0.330018
0.717391,0.000000,1.000000,0.639871,0.200000,0.000000,1.000000,1.000000,0.000000,0.000000,0.000000,0.131998
0.434783,1.000000,0.000000,0.087656,0.400000,0.000000,1.000000,0.000000,0.000000,0.000000,1.000000,0.095964
0.978261,0.000000,1.000000,0.642667,0.600000,0.000000,1.000000,1.000000,0.000000,0.000000,0.000000,0.224238
0.282609,0.000000,1.000000,0.329372,0.200000,0.000000,1.000000,0.000000,0.000000,1.000000,0.000000,0.049829
0.000000,1.000000,0.000000,0.456871,0.000000,0.000000,1.000000,0.000000,0.000000,0.000000,1.000000,0.017332
0.108696,1.000000,0.000000,0.507340,0.600000,0.000000,1.000000,0.000000,0.000000,1.000000,0.000000,0.053389
0.347826,0.000000,1.000000,0.284776,0.400000,0.000000,1.000000,1.000000,0.000000,0.000000,0.000000,0.169453
0.369565,1.000000,0.000000,0.741647,0.400000,0.000000,1.000000,0.000000,1.000000,0.000000,0.000000,0.075421
0.304348,0.000000,1.000000,0.308122,0.200000,0.000000,1.000000,0.000000,0.000000,1.000000,0.000000,0.053194
0.086957,0.000000,1.000000,0.502866,0.600000,0.000000,1.000000,1.000000,0.000000,0.000000,0.000000,0.037051
0.304348,1.000000,0.000000,0.766252,0.000000,0.000000,1.000000,0.000000,1.000000,0.000000,0.000000,0.045848
0.086957,0.000000,1.000000,0.280302,0.000000,0.000000,1.000000,0.000000,1.000000,0.000000,0.000000,0.008669
0.369565,0.000000,1.000000,0.382637,0.200000,0.000000,1.000000,1.000000,0.000000,0.000000,0.000000,0.057929
0.239130,0.000000,1.000000,0.572487,0.400000,0.000000,1.000000,0.000000,1.000000,0.000000,0.000000,0.046868
0.891304,1.000000,0.000000,0.298756,0.000000,0.000000,1.000000,1.000000,0.000000,0.000000,0.000000,0.177370
0.826087,1.000000,0.000000,0.701664,0.000000,0.000000,1.000000,0.000000,1.000000,0.000000,0.000000,0.159170
0.108696,0.000000,1.000000,0.294841,0.200000,0.000000,1.000000,0.000000,0.000000,1.000000,0.000000,0.026612
0.282609,1.000000,0.000000,0.138124,0.000000,0.000000,1.000000,0.000000,0.000000,1.000000,0.000000,0.048081
0.391304,0.000000,1.000000,0.337341,0.600000,0.000000,1.000000,0.000000,0.000000,0.000000,1.000000,0.089814
0.630435,0.000000,1.000000,0.241717,0.400000,0.000000,1.000000,0.000000,0.000000,0.000000,1.000000,0.129347
0.369565,0.000000,1.000000,0.212638,0.600000,1.000000,0.000000,0.000000,1.000000,0.000000,0.000000,0.291150
0.086957,1.000000,0.000000,0.177967,0.000000,0.000000,1.000000,0.000000,0.000000,0.000000,1.000000,0.025700
0.413043,1.000000,0.000000,0.390466,0.000000,1.000000,0.000000,0.000000,0.000000,0.000000,1.000000,0.577001
0.413043,1.000000,0.000000,0.267999,0.000000,1.000000,0.000000,0.000000,1.000000,0.000000,0.000000,0.293979
0.760870,0.000000,1.000000,0.114218,0.000000,1.000000,0.000000,0.000000,1.000000,0.000000,0.000000,0.320422
0.413043,1.000000,0.000000,0.013281,0.400000,0.000000,1.000000,0.000000,0.000000,0.000000,1.000000,0.091879
0.586957,0.000000,1.000000,0.201873,0.400000,0.000000,1.000000,0.000000,0.000000,0.000000,1.000000,0.119438
0.130435,0.000000,1.000000,0.532504,0.000000,0.000000,1.000000,0.000000,1.000000,0.000000,0.000000,0.013808
0.108696,1.000000,0.000000,0.312736,0.000000,0.000000,1.000000,1.000000,0.000000,0.000000,0.000000,0.191621
0.391304,0.000000,1.000000,0.313435,0.200000,1.000000,0.000000,0.000000,0.000000,0.000000,1.000000,0.313682
0.847826,0.000000,1.000000,0.411715,0.000000,0.000000,1.000000,0.000000,0.000000,1.000000,0.000000,0.163313
0.565217,1.000000,0.000000,0.594016,0.000000,1.000000,0.000000,0.000000,1.000000,0.000000,0.000000,0.762400
0.804348,0.000000,1.000000,0.446246,0.000000,0.000000,1.000000,0.000000,0.000000,1.000000,0.000000,0.151316
1.000000,1.000000,0.000000,0.172655,0.000000,1.000000,0.000000,0.000000,1.000000,0.000000,0.000000,0.413673
0.152174,1.000000,0.000000,0.494058,0.000000,0.000000,1.000000,0.000000,0.000000,1.000000,0.000000,0.030327
0.108696,1.000000,0.000000,0.326436,0.200000,1.000000,0.000000,0.000000,1.000000,0.000000,0.000000,0.274649
0.869565,0.000000,1.000000,0.233748,0.000000,0.000000,1.000000,0.000000,0.000000,0.000000,1.000000,0.172538
0.956522,0.000000,1.000000,0.393122,0.600000,1.000000,0.000000,0.000000,0.000000,1.000000,0.000000,0.727811
0.695652,0.000000,1.000000,0.430309,0.000000,0.000000,1.000000,0.000000,0.000000,1.000000,0.000000,0.123122
0.282609,0.000000,1.000000,0.326716,1.000000,0.000000,1.000000,0.000000,0.000000,0.000000,1.000000,0.090626
0.804348,1.000000,0.000000,0.382637,0.000000,0.000000,1.000000,1.000000,0.000000,0.000000,0.000000,0.152958
0.543478,0.000000,1.000000,0.535579,0.600000,1.000000,0.000000,0.000000,1.000000,0.000000,0.000000,0.654487
0.000000,1.000000,0.000000,0.371872,0.000000,0.000000,1.000000,0.000000,0.000000,0.000000,1.000000,0.017265
0.217391,1.000000,0.000000,0.337341,0.200000,0.000000,1.000000,0.000000,0.000000,0.000000,1.000000,0.051332
0.630435,1.000000,0.000000,0.351042,0.200000,0.000000,1.000000,0.000000,1.000000,0.000000,0.000000,0.118531
0.847826,0.000000,1.000000,0.658605,0.000000,0.000000,1.000000,0.000000,1.000000,0.000000,0.000000,0.157396
0.978261,1.000000,0.000000,0.135468,0.000000,0.000000,1.000000,0.000000,0.000000,0.000000,1.000000,0.212742
0.347826,1.000000,0.000000,0.347966,0.600000,0.000000,1.000000,0.000000,1.000000,0.000000,0.000000,0.080807
0.652174,0.000000,1.000000,0.360268,0.000000,0.000000,1.000000,0.000000,1.000000,0.000000,0.000000,0.106431
0.130435,0.000000,1.000000,0.184119,0.000000,0.000000,1.000000,1.000000,0.000000,0.000000,0.000000,0.013532
1.000000,1.000000,0.000000,0.621697,0.600000,0.000000,1.000000,0.000000,1.000000,0.000000,0.000000,0.238844
0.956522,1.000000,0.000000,0.594995,0.400000,0.000000,1.000000,0.000000,0.000000,0.000000,1.000000,0.225200
0.260870,1.000000,0.000000,0.310779,0.000000,0.000000,1.000000,0.000000,0.000000,0.000000,1.000000,0.048136
0.804348,1.000000,0.000000,0.360268,0.400000,0.000000,1.000000,1.000000,0.000000,0.000000,0.000000,0.171744
0.565217,0.000000,1.000000,0.374249,0.400000,1.000000,0.000000,1.000000,0.000000,0.000000,0.000000,0.604590
0.695652,0.000000,1.000000,0.395778,0.600000,0.000000,1.000000,0.000000,0.000000,1.000000,0.000000,0.151299
0.913043,0.000000,1.000000,0.406403,0.600000,1.000000,0.000000,0.000000,0.000000,1.000000,0.000000,0.718431
1.000000,0.000000,1.000000,0.194184,0.000000,1.000000,0.000000,0.000000,1.000000,0.000000,0.000000,0.411895
0.108696,1.000000,0.000000,0.407801,0.000000,1.000000,0.000000,1.000000,0.000000,0.000000,0.000000,0.527457
0.695652,1.000000,0.000000,0.413393,0.400000,0.000000,1.000000,1.000000,0.000000,0.000000,0.000000,0.143603
0.260870,1.000000,0.000000,0.435761,0.200000,0.000000,1.000000,1.000000,0.000000,0.000000,0.000000,0.048331
0.978261,0.000000,1.000000,0.470991,0.600000,0.000000,1.000000,0.000000,1.000000,0.000000,0.000000,0.224102
0.543478,0.000000,1.000000,0.507340,0.200000,1.000000,0.000000,0.000000,0.000000,0.000000,1.000000,0.637083
0.978261,0.000000,1.000000,0.557808,0.000000,0.000000,1.000000,0.000000,0.000000,0.000000,1.000000,0.205272
0.043478,0.000000,1.000000,0.310779,0.000000,0.000000,1.000000,0.000000,0.000000,0.000000,1.000000,0.013490
1.000000,0.000000,1.000000,0.494478,0.000000,0.000000,1.000000,1.000000,0.000000,0.000000,0.000000,0.202733
0.630435,1.000000,0.000000,0.536418,0.200000,0.000000,1.000000,1.000000,0.000000,0.000000,0.000000,0.118678
0.760870,1.000000,0.000000,0.169579,0.200000,1.000000,0.000000,0.000000,1.000000,0.000000,0.000000,0.353127
0.543478,1.000000,0.000000,0.365860,0.200000,0.000000,1.000000,1.000000,0.000000,0.000000,0.000000,0.099218
0.000000,0.000000,1.000000,0.369495,0.200000,0.000000,1.000000,0.000000,1.000000,0.000000,0.000000,0.009553
0.782609,1.000000,0.000000,0.130155,0.600000,0.000000,1.000000,0.000000,0.000000,1.000000,0.000000,0.181225
0.565217,1.000000,0.000000,0.434084,0.200000,0.000000,1.000000,0.000000,1.000000,0.000000,0.000000,0.103942
1.000000,1.000000,0.000000,0.281560,0.000000,1.000000,0.000000,0.000000,0.000000,1.000000,0.000000,0.450276
0.391304,0.000000,1.000000,0.300154,0.600000,0.000000,1.000000,0.000000,0.000000,0.000000,1.000000,0.089784
0.608696,1.000000,0.000000,0.464840,0.200000,0.000000,1.000000,0.000000,1.000000,0.000000,0.000000,0.113629
0.000000,0.000000,1.000000,0.321404,0.200000,0.000000,1.000000,0.000000,0.000000,0.000000,1.000000,0.162022
0.021739,1.000000,0.000000,0.637495,0.200000,0.000000,1.000000,0.000000,0.000000,1.000000,0.000000,0.025671
0.913043,1.000000,0.000000,0.536558,0.000000,0.000000,1.000000,0.000000,0.000000,0.000000,1.000000,0.193252
0.500000,1.000000,0.000000,0.414372,0.200000,0.000000,1.000000,0.000000,0.000000,0.000000,1.000000,0.099544
0.478261,0.000000,1.000000,0.228016,0.400000,0.000000,1.000000,0.000000,1.000000,0.000000,0.000000,0.087339
0.173913,0.000000,1.000000,0.398434,0.000000,0.000000,1.000000,0.000000,0.000000,1.000000,0.000000,0.025183
0.826087,0.000000,1.000000,0.470152,0.000000,1.000000,0.000000,0.000000,0.000000,1.000000,0.000000,0.683165
0.086957,0.000000,1.000000,0.581714,0.200000,1.000000,0.000000,0.000000,1.000000,0.000000,0.000000,0.575325
0.260870,0.000000,1.000000,0.615546,0.200000,0.000000,1.000000,0.000000,1.000000,0.000000,0.000000,0.284784
0.891304,1.000000,0.000000,0.550958,0.200000,0.000000,1.000000,0.000000,1.000000,0.000000,0.000000,0.433626
0.630435,1.000000,0.000000,0.302810,0.400000,1.000000,0.000000,0.000000,0.000000,1.000000,0.000000,0.373733
0.021739,0.000000,1.000000,0.244373,0.000000,0.000000,1.000000,0.000000,0.000000,1.000000,0.000000,0.008152
0.434783,0.000000,1.000000,0.500070,0.400000,0.000000,1.000000,1.000000,0.000000,0.000000,0.000000,0.079180
0.043478,1.000000,0.000000,0.139382,0.000000,1.000000,0.000000,1.000000,0.000000,0.000000,0.000000,0.304005
0.195652,1.000000,0.000000,0.178806,0.200000,0.000000,1.000000,0.000000,1.000000,0.000000,0.000000,0.038948
0.956522,0.000000,1.000000,0.615546,0.000000,0.000000,1.000000,0.000000,1.000000,0.000000,0.000000,0.189302
0.934783,1.000000,0.000000,0.366420,0.600000,1.000000,0.000000,0.000000,1.000000,0.000000,0.000000,0.475994
0.021739,0.000000,1.000000,0.483294,0.000000,0.000000,1.000000,1.000000,0.000000,0.000000,0.000000,0.002228
0.304348,0.000000,1.000000,0.391025,0.600000,0.000000,1.000000,1.000000,0.000000,0.000000,0.000000,0.065950
0.695652,1.000000,0.000000,0.262967,0.400000,0.000000,1.000000,0.000000,0.000000,1.000000,0.000000,0.149598
0.086957,0.000000,1.000000,0.233748,0.000000,0.000000,1.000000,0.000000,0.000000,1.000000,0.000000,0.014746
0.239130,0.000000,1.000000,0.427653,0.400000,0.000000,1.000000,0.000000,0.000000,1.000000,0.000000,0.052867
0.217391,0.000000,1.000000,0.594016,0.000000,0.000000,1.000000,0.000000,1.000000,0.000000,0.000000,0.025022
0.521739,0.000000,1.000000,0.260310,0.400000,0.000000,1.000000,0.000000,0.000000,0.000000,1.000000,0.105474
0.456522,1.000000,0.000000,0.422340,0.400000,0.000000,1.000000,0.000000,0.000000,1.000000,0.000000,0.097171
0.326087,1.000000,0.000000,0.643227,0.200000,0.000000,1.000000,0.000000,1.000000,0.000000,0.000000,0.058641
0.195652,0.000000,1.000000,0.813225,0.400000,0.000000,1.000000,1.000000,0.000000,0.000000,0.000000,0.041047
0.760870,0.000000,1.000000,0.689361,0.000000,0.000000,1.000000,0.000000,1.000000,0.000000,0.000000,0.133801
0.673913,1.000000,0.000000,0.177967,0.400000,0.000000,1.000000,0.000000,0.000000,1.000000,0.000000,0.144216
0.478261,1.000000,0.000000,0.241717,0.200000,0.000000,1.000000,0.000000,0.000000,0.000000,1.000000,0.095059
0.521739,0.000000,1.000000,0.265623,0.200000,0.000000,1.000000,0.000000,0.000000,1.000000,0.000000,0.092884
0.021739,0.000000,1.000000,0.217671,0.200000,0.000000,1.000000,1.000000,0.000000,0.000000,0.000000,0.011419
0.934783,1.000000,0.000000,0.231092,0.000000,0.000000,1.000000,0.000000,1.000000,0.000000,0.000000,0.373372
0.934783,1.000000,0.000000,0.119530,0.000000,0.000000,1.000000,0.000000,0.000000,1.000000,0.000000,0.196224
0.478261,0.000000,1.000000,0.365860,0.400000,0.000000,1.000000,1.000000,0.000000,0.000000,0.000000,0.087448
0.130435,1.000000,0.000000,0.374528,0.600000,0.000000,1.000000,0.000000,0.000000,1.000000,0.000000,0.055807
1.000000,1.000000,0.000000,0.535579,0.000000,0.000000,1.000000,0.000000,1.000000,0.000000,0.000000,0.210571
0.413043,1.000000,0.000000,0.483434,0.200000,0.000000,1.000000,0.000000,0.000000,1.000000,0.000000,0.079658
0.260870,0.000000,1.000000,0.516846,0.000000,1.000000,0.000000,1.000000,0.000000,0.000000,0.000000,0.570094
0.478261,0.000000,1.000000,0.446246,0.200000,1.000000,0.000000,0.000000,0.000000,0.000000,1.000000,0.606613
0.586957,0.000000,1.000000,0.188592,0.400000,0.000000,1.000000,0.000000,0.000000,0.000000,1.000000,0.119427
0.913043,1.000000,0.000000,0.332308,0.200000,0.000000,1.000000,1.000000,0.000000,0.000000,0.000000,0.193186
0.065217,0.000000,1.000000,0.249685,0.400000,0.000000,1.000000,0.000000,0.000000,0.000000,1.000000,0.034446
0.000000,0.000000,1.000000,0.572487,0.000000,0.000000,1.000000,0.000000,1.000000,0.000000,0.000000,0.000312
0.695652,1.000000,0.000000,0.307983,0.600000,0.000000,1.000000,0.000000,1.000000,0.000000,0.000000,0.297333
0.021739,0.000000,1.000000,0.784706,0.000000,1.000000,0.000000,0.000000,1.000000,0.000000,0.000000,0.616149
0.782609,1.000000,0.000000,0.403327,0.000000,0.000000,1.000000,0.000000,1.000000,0.000000,0.000000,0.147123
0.304348,1.000000,0.000000,0.026562,0.400000,1.000000,0.000000,0.000000,0.000000,1.000000,0.000000,0.504598
0.891304,0.000000,1.000000,0.267999,0.000000,0.000000,1.000000,0.000000,1.000000,0.000000,0.000000,0.169540
0.847826,0.000000,1.000000,0.315532,0.000000,0.000000,1.000000,1.000000,0.000000,0.000000,0.000000,0.157124
0.173913,1.000000,0.000000,0.162030,0.000000,0.000000,1.000000,0.000000,0.000000,1.000000,0.000000,0.032801
0.978261,0.000000,1.000000,0.685307,0.600000,0.000000,1.000000,0.000000,0.000000,1.000000,0.000000,0.230385
0.021739,0.000000,1.000000,0.519642,0.000000,0.000000,1.000000,1.000000,0.000000,0.000000,0.000000,0.002257
0.673913,1.000000,0.000000,0.502027,0.200000,0.000000,1.000000,0.000000,0.000000,1.000000,0.000000,0.135071
0.543478,1.000000,0.000000,0.528589,0.400000,0.000000,1.000000,0.000000,0.000000,0.000000,1.000000,0.287679
0.130435,1.000000,0.000000,0.371453,0.600000,0.000000,1.000000,1.000000,0.000000,0.000000,0.000000,0.049691
0.934783,1.000000,0.000000,0.461764,0.800000,0.000000,1.000000,0.000000,1.000000,0.000000,0.000000,0.565989
0.630435,0.000000,1.000000,0.318747,0.800000,0.000000,1.000000,0.000000,0.000000,0.000000,1.000000,0.148211
0.608696,0.000000,1.000000,0.462184,0.200000,0.000000,1.000000,0.000000,0.000000,0.000000,1.000000,0.115128
0.891304,0.000000,1.000000,0.567175,0.200000,0.000000,1.000000,1.000000,0.000000,0.000000,0.000000,0.179179
0.000000,1.000000,0.000000,0.427932,0.400000,0.000000,1.000000,0.000000,1.000000,0.000000,0.000000,0.026806
0.847826,1.000000,0.000000,0.382497,0.000000,0.000000,1.000000,0.000000,0.000000,1.000000,0.000000,0.171096
0.369565,1.000000,0.000000,0.185936,0.400000,0.000000,1.000000,0.000000,0.000000,0.000000,1.000000,0.084286
0.173913,0.000000,1.000000,0.111422,0.000000,0.000000,1.000000,1.000000,0.000000,0.000000,0.000000,0.018842
0.021739,0.000000,1.000000,0.100937,0.000000,0.000000,1.000000,0.000000,0.000000,1.000000,0.000000,0.008038
0.413043,0.000000,1.000000,0.566336,0.200000,1.000000,0.000000,0.000000,1.000000,0.000000,0.000000,0.618527
0.043478,0.000000,1.000000,0.631483,0.400000,1.000000,0.000000,1.000000,0.000000,0.000000,0.000000,0.594151
0.869565,1.000000,0.000000,0.621697,0.000000,0.000000,1.000000,0.000000,1.000000,0.000000,0.000000,0.171345
0.586957,1.000000,0.000000,0.455333,0.000000,0.000000,1.000000,1.000000,0.000000,0.000000,0.000000,0.099335
0.652174,0.000000,1.000000,0.525933,0.800000,0.000000,1.000000,0.000000,0.000000,0.000000,1.000000,0.153475
0.869565,1.000000,0.000000,0.419684,0.400000,0.000000,1.000000,0.000000,0.000000,0.000000,1.000000,0.199294
0.021739,0.000000,1.000000,0.308122,0.000000,0.000000,1.000000,0.000000,0.000000,1.000000,0.000000,0.008202
1.000000,1.000000,0.000000,0.474906,0.200000,1.000000,0.000000,1.000000,0.000000,0.000000,0.000000,0.747123
0.043478,0.000000,1.000000,0.452537,0.200000,0.000000,1.000000,1.000000,0.000000,0.000000,0.000000,0.013699
0.282609,1.000000,0.000000,0.249546,0.000000,0.000000,1.000000,0.000000,1.000000,0.000000,0.000000,0.042056
0.043478,1.000000,0.000000,0.460925,0.000000,0.000000,1.000000,1.000000,0.000000,0.000000,0.000000,0.012109
0.804348,0.000000,1.000000,0.584370,0.600000,0.000000,1.000000,0.000000,0.000000,1.000000,0.000000,0.461969
0.239130,0.000000,1.000000,0.339997,0.200000,0.000000,1.000000,0.000000,0.000000,0.000000,1.000000,0.046588
0.000000,0.000000,1.000000,0.415630,0.400000,1.000000,0.000000,0.000000,1.000000,0.000000,0.000000,0.529642
0.043478,0.000000,1.000000,0.400252,0.400000,0.000000,1.000000,0.000000,1.000000,0.000000,0.000000,0.023059
0.739130,1.000000,0.000000,0.575563,0.000000,0.000000,1.000000,1.000000,0.000000,0.000000,0.000000,0.135880
0.478261,0.000000,1.000000,0.164686,0.400000,0.000000,1.000000,0.000000,0.000000,0.000000,1.000000,0.096594
0.130435,0.000000,1.000000,0.470152,0.800000,0.000000,1.000000,0.000000,0.000000,0.000000,1.000000,0.255498
0.434783,1.000000,0.000000,0.312736,0.600000,0.000000,1.000000,1.000000,0.000000,0.000000,0.000000,0.096239
0.239130,1.000000,0.000000,0.138124,0.200000,1.000000,0.000000,0.000000,0.000000,0.000000,1.000000,0.247984
0.347826,0.000000,1.000000,0.729344,0.200000,0.000000,1.000000,1.000000,0.000000,0.000000,0.000000,0.054501
0.130435,0.000000,1.000000,0.444149,0.000000,1.000000,0.000000,1.000000,0.000000,0.000000,0.000000,0.532350
0.956522,0.000000,1.000000,0.369216,0.000000,0.000000,1.000000,0.000000,0.000000,1.000000,0.000000,0.195220
0.304348,0.000000,1.000000,0.316091,0.800000,1.000000,0.000000,0.000000,0.000000,1.000000,0.000000,0.324838
0.478261,0.000000,1.000000,0.483434,0.200000,0.000000,1.000000,0.000000,0.000000,0.000000,1.000000,0.087445
0.000000,0.000000,1.000000,0.624214,0.000000,0.000000,1.000000,0.000000,0.000000,0.000000,1.000000,0.187844
0.195652,1.000000,0.000000,0.502866,0.200000,0.000000,1.000000,1.000000,0.000000,0.000000,0.000000,0.039205
0.239130,0.000000,1.000000,0.159374,0.600000,0.000000,1.000000,0.000000,0.000000,0.000000,1.000000,0.065248
0.717391,1.000000,0.000000,0.565777,0.600000,1.000000,0.000000,0.000000,0.000000,0.000000,1.000000,0.720419
0.804348,1.000000,0.000000,0.467496,0.400000,0.000000,1.000000,0.000000,0.000000,1.000000,0.000000,0.177942
0.195652,0.000000,1.000000,0.400252,0.200000,1.000000,0.000000,0.000000,1.000000,0.000000,0.000000,0.537676
0.521739,1.000000,0.000000,0.541871,0.200000,0.000000,1.000000,0.000000,0.000000,1.000000,0.000000,0.100908
0.108696,0.000000,1.000000,0.938487,0.200000,0.000000,1.000000,0.000000,1.000000,0.000000,0.000000,0.021009
0.260870,1.000000,0.000000,0.143436,0.200000,0.000000,1.000000,0.000000,0.000000,0.000000,1.000000,0.057405
0.130435,1.000000,0.000000,0.480218,0.000000,0.000000,1.000000,0.000000,1.000000,0.000000,0.000000,0.021572
0.043478,0.000000,1.000000,0.525933,0.600000,1.000000,0.000000,0.000000,0.000000,1.000000,0.000000,0.580117
0.000000,1.000000,0.000000,0.406403,0.800000,0.000000,1.000000,0.000000,0.000000,0.000000,1.000000,0.054899
0.608696,1.000000,0.000000,0.432965,0.400000,0.000000,1.000000,0.000000,0.000000,0.000000,1.000000,0.132312
0.869565,1.000000,0.000000,0.455333,0.000000,0.000000,1.000000,1.000000,0.000000,0.000000,0.000000,0.171213
0.565217,0.000000,1.000000,0.567175,0.400000,0.000000,1.000000,1.000000,0.000000,0.000000,0.000000,0.105644
0.782609,0.000000,1.000000,0.470152,0.200000,0.000000,1.000000,0.000000,0.000000,1.000000,0.000000,0.154886
0.065217,1.000000,0.000000,0.251223,0.000000,0.000000,1.000000,1.000000,0.000000,0.000000,0.000000,0.014144
0.391304,0.000000,1.000000,0.360268,0.000000,0.000000,1.000000,0.000000,1.000000,0.000000,0.000000,0.052321
0.543478,0.000000,1.000000,0.243394,1.000000,0.000000,1.000000,0.000000,1.000000,0.000000,0.000000,0.213197
0.978261,0.000000,1.000000,0.135468,0.200000,0.000000,1.000000,0.000000,0.000000,1.000000,0.000000,0.211146
0.217391,0.000000,1.000000,0.347966,0.400000,0.000000,1.000000,0.000000,0.000000,0.000000,1.000000,0.052936
0.391304,0.000000,1.000000,0.701244,0.600000,1.000000,0.000000,0.000000,0.000000,0.000000,1.000000,0.680486
0.413043,1.000000,0.000000,0.183280,0.400000,0.000000,1.000000,0.000000,0.000000,1.000000,0.000000,0.088822
0.000000,1.000000,0.000000,0.560185,0.000000,0.000000,1.000000,0.000000,1.000000,0.000000,0.000000,0.008108
0.978261,1.000000,0.000000,0.583951,0.000000,1.000000,0.000000,1.000000,0.000000,0.000000,0.000000,0.761431
0.282609,0.000000,1.000000,0.281560,0.200000,0.000000,1.000000,0.000000,0.000000,0.000000,1.000000,0.052983
0.195652,0.000000,1.000000,0.377045,0.600000,0.000000,1.000000,1.000000,0.000000,0.000000,0.000000,0.050103
0.739130,1.000000,0.000000,0.836991,1.000000,0.000000,1.000000,0.000000,1.000000,0.000000,0.000000,0.183095
0.304348,0.000000,1.000000,0.410597,0.200000,0.000000,1.000000,1.000000,0.000000,0.000000,0.000000,0.047162
0.173913,0.000000,1.000000,0.353278,0.000000,0.000000,1.000000,0.000000,0.000000,0.000000,1.000000,0.028340
0.000000,0.000000,1.000000,0.483294,0.000000,0.000000,1.000000,0.000000,1.000000,0.000000,0.000000,0.000242
0.673913,0.000000,1.000000,0.377045,0.000000,0.000000,1.000000,1.000000,0.000000,0.000000,0.000000,0.111652
0.326087,0.000000,1.000000,0.217811,0.400000,0.000000,1.000000,0.000000,0.000000,1.000000,0.000000,0.066013
0.543478,0.000000,1.000000,0.371453,0.200000,0.000000,1.000000,1.000000,0.000000,0.000000,0.000000,0.091417
0.717391,1.000000,0.000000,0.486090,0.200000,0.000000,1.000000,1.000000,0.000000,0.000000,0.000000,0.139681
0.739130,0.000000,1.000000,0.494058,0.600000,1.000000,0.000000,0.000000,0.000000,1.000000,0.000000,0.940158
0.804348,0.000000,1.000000,0.515308,0.200000,0.000000,1.000000,0.000000,0.000000,0.000000,1.000000,0.163965
0.065217,0.000000,1.000000,0.178806,0.000000,0.000000,1.000000,0.000000,1.000000,0.000000,0.000000,0.006281
0.021739,0.000000,1.000000,0.502866,0.000000,1.000000,0.000000,1.000000,0.000000,0.000000,0.000000,0.537247
0.456522,0.000000,1.000000,0.366559,0.200000,1.000000,0.000000,0.000000,0.000000,0.000000,1.000000,0.340633
0.869565,0.000000,1.000000,0.538655,0.000000,0.000000,1.000000,0.000000,1.000000,0.000000,0.000000,0.163474
0.586957,0.000000,1.000000,0.549839,0.400000,1.000000,0.000000,0.000000,0.000000,1.000000,0.000000,0.664638
0.956522,1.000000,0.000000,0.443590,0.000000,0.000000,1.000000,0.000000,0.000000,1.000000,0.000000,0.203084
0.108696,1.000000,0.000000,0.555152,0.400000,1.000000,0.000000,0.000000,0.000000,0.000000,1.000000,0.596818
0.913043,0.000000,1.000000,0.337900,0.000000,0.000000,1.000000,1.000000,0.000000,0.000000,0.000000,0.175983
0.543478,1.000000,0.000000,0.220467,0.400000,1.000000,0.000000,0.000000,0.000000,1.000000,0.000000,0.331356
0.326087,0.000000,1.000000,0.464840,1.000000,0.000000,1.000000,0.000000,1.000000,0.000000,0.000000,0.088301
0.282609,1.000000,0.000000,0.251223,0.400000,0.000000,1.000000,1.000000,0.000000,0.000000,0.000000,0.060861
0.826087,0.000000,1.000000,0.087656,0.000000,1.000000,0.000000,0.000000,0.000000,0.000000,1.000000,0.339845
0.043478,0.000000,1.000000,0.293164,0.000000,1.000000,0.000000,1.000000,0.000000,0.000000,0.000000,0.241202
0.934783,0.000000,1.000000,0.539214,0.600000,0.000000,1.000000,1.000000,0.000000,0.000000,0.000000,0.428093
0.000000,1.000000,0.000000,0.371872,0.000000,0.000000,1.000000,0.000000,0.000000,0.000000,1.000000,0.322800
0.152174,0.000000,1.000000,0.803160,0.400000,1.000000,0.000000,0.000000,1.000000,0.000000,0.000000,0.654291
0.108696,0.000000,1.000000,0.440235,0.000000,0.000000,1.000000,0.000000,1.000000,0.000000,0.000000,0.011212
0.391304,0.000000,1.000000,0.492521,0.400000,0.000000,1.000000,0.000000,1.000000,0.000000,0.000000,0.071230
0.130435,0.000000,1.000000,0.251223,0.000000,0.000000,1.000000,1.000000,0.000000,0.000000,0.000000,0.013585
0.086957,0.000000,1.000000,0.566336,0.400000,1.000000,0.000000,0.000000,1.000000,0.000000,0.000000,0.580422
0.717391,0.000000,1.000000,0.369495,0.200000,0.000000,1.000000,0.000000,1.000000,0.000000,0.000000,0.131783
0.173913,0.000000,1.000000,0.368657,0.200000,0.000000,1.000000,1.000000,0.000000,0.000000,0.000000,0.028448
0.717391,0.000000,1.000000,0.414372,0.000000,0.000000,1.000000,0.000000,0.000000,1.000000,0.000000,0.128531
1.000000,1.000000,0.000000,0.639871,0.000000,0.000000,1.000000,1.000000,0.000000,0.000000,0.000000,0.210654
1.000000,1.000000,0.000000,0.629526,0.000000,0.000000,1.000000,0.000000,0.000000,0.000000,1.000000,0.219951
0.282609,1.000000,0.000000,0.343492,0.000000,0.000000,1.000000,1.000000,0.000000,0.000000,0.000000,0.042131
0.217391,0.000000,1.000000,0.284216,0.400000,0.000000,1.000000,0.000000,0.000000,0.000000,1.000000,0.052886
0.978261,1.000000,0.000000,0.418985,0.000000,0.000000,1.000000,1.000000,0.000000,0.000000,0.000000,0.203661
0.760870,1.000000,0.000000,0.594016,0.600000,0.000000,1.000000,0.000000,1.000000,0.000000,0.000000,0.308724
0.978261,0.000000,1.000000,0.510974,0.000000,1.000000,0.000000,0.000000,1.000000,0.000000,0.000000,0.733196
0.021739,1.000000,0.000000,0.662240,0.000000,0.000000,1.000000,1.000000,0.000000,0.000000,0.000000,0.010175
0.782609,0.000000,1.000000,0.637075,0.200000,0.000000,1.000000,1.000000,0.000000,0.000000,0.000000,0.148905
0.630435,1.000000,0.000000,0.797008,0.200000,0.000000,1.000000,0.000000,1.000000,0.000000,0.000000,0.118885
0.043478,0.000000,1.000000,0.461764,0.000000,0.000000,1.000000,0.000000,1.000000,0.000000,0.000000,0.004304
0.021739,1.000000,0.000000,0.309940,0.000000,1.000000,0.000000,1.000000,0.000000,0.000000,0.000000,0.251611
0.913043,0.000000,1.000000,0.673983,0.000000,1.000000,0.000000,0.000000,1.000000,0.000000,0.000000,0.759023
0.195652,0.000000,1.000000,0.344890,0.000000,1.000000,0.000000,0.000000,1.000000,0.000000,0.000000,0.273344
0.130435,0.000000,1.000000,0.349084,0.000000,0.000000,1.000000,1.000000,0.000000,0.000000,0.000000,0.013663
0.673913,0.000000,1.000000,0.532504,0.000000,0.000000,1.000000,0.000000,1.000000,0.000000,0.000000,0.111775
0.652174,1.000000,0.000000,0.294841,0.200000,0.000000,1.000000,0.000000,0.000000,0.000000,1.000000,0.132892
0.739130,0.000000,1.000000,0.698588,0.400000,1.000000,0.000000,0.000000,1.000000,0.000000,0.000000,0.736617
0.260870,0.000000,1.000000,0.407801,0.200000,0.000000,1.000000,1.000000,0.000000,0.000000,0.000000,0.040503
0.021739,1.000000,0.000000,0.449741,0.000000,0.000000,1.000000,1.000000,0.000000,0.000000,0.000000,0.010007
0.543478,0.000000,1.000000,0.441353,0.400000,0.000000,1.000000,1.000000,0.000000,0.000000,0.000000,0.100874
0.826087,1.000000,0.000000,0.475465,0.400000,0.000000,1.000000,0.000000,0.000000,1.000000,0.000000,0.183907
0.152174,0.000000,1.000000,0.198099,1.000000,0.000000,1.000000,1.000000,0.000000,0.000000,0.000000,0.063181
0.434783,0.000000,1.000000,0.396617,0.200000,0.000000,1.000000,1.000000,0.000000,0.000000,0.000000,0.069697
0.608696,1.000000,0.000000,0.873899,0.400000,0.000000,1.000000,0.000000,0.000000,0.000000,1.000000,0.132662
0.586957,1.000000,0.000000,0.418705,0.000000,0.000000,1.000000,0.000000,1.000000,0.000000,0.000000,0.268281
0.782609,0.000000,1.000000,0.374528,0.000000,0.000000,1.000000,0.000000,0.000000,1.000000,0.000000,0.145408
0.000000,0.000000,1.000000,0.193905,0.000000,0.000000,1.000000,0.000000,0.000000,0.000000,1.000000,0.009318
0.282609,1.000000,0.000000,0.347966,0.200000,0.000000,1.000000,0.000000,1.000000,0.000000,0.000000,0.051536
0.500000,1.000000,0.000000,0.454215,0.400000,0.000000,1.000000,0.000000,0.000000,1.000000,0.000000,0.105785
0.304348,0.000000,1.000000,0.470152,0.200000,1.000000,0.000000,0.000000,0.000000,0.000000,1.000000,0.582386
0.369565,0.000000,1.000000,0.287572,0.200000,0.000000,1.000000,1.000000,0.000000,0.000000,0.000000,0.057854
0.673913,0.000000,1.000000,0.578638,0.400000,0.000000,1.000000,0.000000,1.000000,0.000000,0.000000,0.130615
0.434783,0.000000,1.000000,0.313435,0.200000,0.000000,1.000000,0.000000,0.000000,0.000000,1.000000,0.078936
0.173913,0.000000,1.000000,0.286453,0.000000,1.000000,0.000000,0.000000,1.000000,0.000000,0.000000,0.254139
0.021739,1.000000,0.000000,0.512652,0.000000,0.000000,1.000000,0.000000,0.000000,1.000000,0.000000,0.016170
0.978261,0.000000,1.000000,0.689361,0.000000,0.000000,1.000000,0.000000,1.000000,0.000000,0.000000,0.196070
0.956522,0.000000,1.000000,0.128198,0.000000,0.000000,1.000000,1.000000,0.000000,0.000000,0.000000,0.188915
0.717391,0.000000,1.000000,0.223123,0.400000,1.000000,0.000000,0.000000,0.000000,1.000000,0.000000,0.364661
0.630435,0.000000,1.000000,0.542010,0.200000,0.000000,1.000000,1.000000,0.000000,0.000000,0.000000,0.110877
0.695652,0.000000,1.000000,0.432965,0.400000,0.000000,1.000000,1.000000,0.000000,0.000000,0.000000,0.135814
0.673913,0.000000,1.000000,0.159374,0.000000,0.000000,1.000000,0.000000,0.000000,0.000000,1.000000,0.120785
0.065217,0.000000,1.000000,0.248427,0.800000,1.000000,0.000000,1.000000,0.000000,0.000000,0.000000,0.268486
0.913043,0.000000,1.000000,0.329372,0.000000,0.000000,1.000000,0.000000,0.000000,0.000000,1.000000,0.465104
0.304348,1.000000,0.000000,0.679016,0.000000,0.000000,1.000000,1.000000,0.000000,0.000000,0.000000,0.045779
0.695652,0.000000,1.000000,0.427653,0.400000,0.000000,1.000000,0.000000,0.000000,0.000000,1.000000,0.386465
0.152174,1.000000,0.000000,0.209283,0.600000,0.000000,1.000000,1.000000,0.000000,0.000000,0.000000,0.052192
0.500000,1.000000,0.000000,0.441353,0.600000,0.000000,1.000000,1.000000,0.000000,0.000000,0.000000,0.109063
0.000000,1.000000,0.000000,0.643227,0.000000,0.000000,1.000000,0.000000,1.000000,0.000000,0.000000,0.008174
0.086957,1.000000,0.000000,0.124843,0.600000,0.000000,1.000000,0.000000,0.000000,1.000000,0.000000,0.050670
0.130435,1.000000,0.000000,0.301552,0.000000,0.000000,1.000000,1.000000,0.000000,0.000000,0.000000,0.284657
0.804348,1.000000,0.000000,0.372571,0.400000,0.000000,1.000000,0.000000,1.000000,0.000000,0.000000,0.171753
0.521739,1.000000,0.000000,0.261848,0.200000,0.000000,1.000000,0.000000,1.000000,0.000000,0.000000,0.094573
0.934783,0.000000,1.000000,0.321404,0.200000,1.000000,0.000000,0.000000,0.000000,1.000000,0.000000,0.442896
0.934783,0.000000,1.000000,0.432965,0.400000,0.000000,1.000000,0.000000,0.000000,1.000000,0.000000,0.207471
