21.000000,0.000000,1.000000,35.530000,0.000000,0.000000,1.000000,0.000000,1.000000,0.000000,0.000000,1532.469700
21.000000,1.000000,0.000000,32.680000,2.000000,0.000000,1.000000,0.000000,0.000000,1.000000,0.000000,26018.950520
21.000000,1.000000,0.000000,21.890000,2.000000,0.000000,1.000000,0.000000,1.000000,0.000000,0.000000,3180.510100
39.000000,1.000000,0.000000,32.800000,0.000000,0.000000,1.000000,1.000000,0.000000,0.000000,0.000000,5649.715000
45.000000,1.000000,0.000000,25.700000,3.000000,0.000000,1.000000,1.000000,0.000000,0.000000,0.000000,9101.798000
24.000000,1.000000,0.000000,33.345000,0.000000,0.000000,1.000000,0.000000,0.000000,1.000000,0.000000,2855.437550
50.000000,0.000000,1.000000,32.300000,1.000000,1.000000,0.000000,0.000000,0.000000,0.000000,1.000000,41919.097000
61.000000,0.000000,1.000000,23.655000,0.000000,0.000000,1.000000,0.000000,0.000000,0.000000,1.000000,13129.603450
50.000000,0.000000,1.000000,27.455000,1.000000,0.000000,1.000000,0.000000,0.000000,0.000000,1.000000,9617.662450
34.000000,1.000000,0.000000,33.250000,1.000000,0.000000,1.000000,0.000000,0.000000,0.000000,1.000000,5594.845500
44.000000,1.000000,0.000000,29.810000,2.000000,0.000000,1.000000,0.000000,1.000000,0.000000,0.000000,8219.203900
30.000000,1.000000,0.000000,43.120000,2.000000,0.000000,1.000000,0.000000,1.000000,0.000000,0.000000,4753.636800
62.000000,1.000000,0.000000,39.200000,0.000000,0.000000,1.000000,1.000000,0.000000,0.000000,0.000000,13470.860000
57.000000,0.000000,1.000000,34.010000,0.000000,0.000000,1.000000,0.000000,0.000000,1.000000,0.000000,11356.660900
47.000000,0.000000,1.000000,19.570000,1.000000,0.000000,1.000000,0.000000,0.000000,1.000000,0.000000,8428.069300
31.000000,0.000000,1.000000,27.645000,2.000000,0.000000,1.000000,0.000000,0.000000,0.000000,1.000000,5031.269550
34.000000,0.000000,1.000000,25.270000,1.000000,0.000000,1.000000,0.000000,0.000000,1.000000,0.000000,4894.753300
48.000000,0.000000,1.000000,30.200000,2.000000,0.000000,1.000000,1.000000,0.000000,0.000000,0.000000,8968.330000
43.000000,1.000000,0.000000,25.270000,1.000000,1.000000,0.000000,0.000000,0.000000,0.000000,1.000000,21771.342300
18.000000,1.000000,0.000000,36.850000,0.000000,1.000000,0.000000,0.000000,1.000000,0.000000,0.000000,36149.483500
58.000000,1.000000,0.000000,27.170000,0.000000,0.000000,1.000000,0.000000,0.000000,1.000000,0.000000,12222.898300
29.000000,0.000000,1.000000,34.400000,0.000000,1.000000,0.000000,1.000000,0.000000,0.000000,0.000000,36197.699000
25.000000,1.000000,0.000000,26.790000,2.000000,0.000000,1.000000,0.000000,0.000000,1.000000,0.000000,4189.113100
56.000000,0.000000,1.000000,26.695000,1.000000,1.000000,0.000000,0.000000,0.000000,1.000000,0.000000,26109.329050
18.000000,0.000000,1.000000,31.730000,0.000000,1.000000,0.000000,0.000000,0.000000,0.000000,1.000000,33732.686700
24.000000,1.000000,0.000000,27.720000,0.000000,0.000000,1.000000,0.000000,1.000000,0.000000,0.000000,2464.618800
18.000000,1.000000,0.000000,38.170000,0.000000,0.000000,1.000000,0.000000,1.000000,0.000000,0.000000,1631.668300
59.000000,0.000000,1.000000,28.785000,0.000000,0.000000,1.000000,0.000000,0.000000,1.000000,0.000000,12129.614150
18.000000,1.000000,0.000000,31.350000,0.000000,0.000000,1.000000,0.000000,1.000000,0.000000,0.000000,1622.188500
32.000000,1.000000,0.000000,29.800000,2.000000,0.000000,1.000000,1.000000,0.000000,0.000000,0.000000,5152.134000
39.000000,0.000000,1.000000,32.340000,2.000000,0.000000,1.000000,0.000000,1.000000,0.000000,0.000000,6338.075600
49.000000,0.000000,1.000000,28.690000,3.000000,0.000000,1.000000,0.000000,0.000000,1.000000,0.000000,10264.442100
47.000000,1.000000,0.000000,33.915000,3.000000,0.000000,1.000000,0.000000,0.000000,1.000000,0.000000,10115.008850
42.000000,1.000000,0.000000,37.900000,0.000000,0.000000,1.000000,1.000000,0.000000,0.000000,0.000000,6474.013000
55.000000,1.000000,0.000000,26.800000,1.000000,0.000000,1.000000,1.000000,0.000000,0.000000,0.000000,35160.134570
59.000000,0.000000,1.000000,29.830000,3.000000,1.000000,0.000000,0.000000,0.000000,0.000000,1.000000,30184.936700
36.000000,1.000000,0.000000,25.900000,1.000000,0.000000,1.000000,1.000000,0.000000,0.000000,0.000000,5472.449000
23.000000,1.000000,0.000000,39.270000,2.000000,0.000000,1.000000,0.000000,1.000000,0.000000,0.000000,3500.612300
49.000000,1.000000,0.000000,33.345000,2.000000,0.000000,1.000000,0.000000,0.000000,0.000000,1.000000,10370.912550
39.000000,1.000000,0.000000,26.315000,2.000000,0.000000,1.000000,0.000000,0.000000,1.000000,0.000000,7201.700850
43.000000,0.000000,1.000000,38.060000,2.000000,1.000000,0.000000,0.000000,1.000000,0.000000,0.000000,42560.430400
18.000000,1.000000,0.000000,37.290000,1.000000,0.000000,1.000000,0.000000,1.000000,0.000000,0.000000,2219.445100
35.000000,1.000000,0.000000,28.025000,0.000000,1.000000,0.000000,0.000000,0.000000,1.000000,0.000000,20234.854750
20.000000,1.000000,0.000000,22.420000,0.000000,1.000000,0.000000,0.000000,0.000000,1.000000,0.000000,14711.743800
60.000000,1.000000,0.000000,30.500000,0.000000,0.000000,1.000000,1.000000,0.000000,0.000000,0.000000,12638.195000
57.000000,1.000000,0.000000,31.825000,0.000000,0.000000,1.000000,0.000000,0.000000,1.000000,0.000000,11842.623750
22.000000,0.000000,1.000000,28.310000,1.000000,0.000000,1.000000,0.000000,0.000000,1.000000,0.000000,2639.042900
54.000000,0.000000,1.000000,31.600000,0.000000,0.000000,1.000000,1.000000,0.000000,0.000000,0.000000,9850.432000
42.000000,1.000000,0.000000,24.985000,2.000000,0.000000,1.000000,0.000000,0.000000,1.000000,0.000000,8017.061150
47.000000,0.000000,1.000000,29.800000,3.000000,1.000000,0.000000,1.000000,0.000000,0.000000,0.000000,25309.489000
19.000000,0.000000,1.000000,27.265000,2.000000,0.000000,1.000000,0.000000,0.000000,1.000000,0.000000,22493.659640
19.000000,0.000000,1.000000,19.800000,0.000000,0.000000,1.000000,1.000000,0.000000,0.000000,0.000000,1241.565000
28.000000,0.000000,1.000000,33.820000,0.000000,0.000000,1.000000,0.000000,0.000000,1.000000,0.000000,19673.335730
26.000000,0.000000,1.000000,27.265000,3.000000,0.000000,1.000000,0.000000,0.000000,0.000000,1.000000,4661.286350
33.000000,1.000000,0.000000,19.095000,2.000000,1.000000,0.000000,0.000000,0.000000,0.000000,1.000000,16776.304050
42.000000,1.000000,0.000000,23.370000,0.000000,1.000000,0.000000,0.000000,0.000000,0.000000,1.000000,19964.746300
59.000000,1.000000,0.000000,26.505000,0.000000,0.000000,1.000000,0.000000,0.000000,0.000000,1.000000,12815.444950
48.000000,0.000000,1.000000,32.300000,1.000000,0.000000,1.000000,0.000000,0.000000,1.000000,0.000000,8765.249000
41.000000,1.000000,0.000000,31.020000,0.000000,0.000000,1.000000,0.000000,1.000000,0.000000,0.000000,6185.320800
44.000000,1.000000,0.000000,20.235000,1.000000,1.000000,0.000000,0.000000,0.000000,0.000000,1.000000,19594.809650
39.000000,1.000000,0.000000,24.225000,5.000000,0.000000,1.000000,0.000000,0.000000,1.000000,0.000000,8965.795750
37.000000,0.000000,1.000000,29.830000,2.000000,0.000000,1.000000,0.000000,0.000000,0.000000,1.000000,6406.410700
19.000000,0.000000,1.000000,35.530000,0.000000,0.000000,1.000000,0.000000,0.000000,1.000000,0.000000,1646.429700
54.000000,0.000000,1.000000,30.800000,1.000000,1.000000,0.000000,0.000000,1.000000,0.000000,0.000000,41999.520000
62.000000,0.000000,1.000000,37.400000,0.000000,0.000000,1.000000,1.000000,0.000000,0.000000,0.000000,12979.358000
26.000000,1.000000,0.000000,34.200000,2.000000,0.000000,1.000000,1.000000,0.000000,0.000000,0.000000,3987.926000
57.000000,1.000000,0.000000,31.160000,0.000000,1.000000,0.000000,0.000000,0.000000,1.000000,0.000000,43578.939400
64.000000,0.000000,1.000000,38.190000,0.000000,0.000000,1.000000,0.000000,0.000000,0.000000,1.000000,14410.932100
32.000000,0.000000,1.000000,46.530000,2.000000,0.000000,1.000000,0.000000,1.000000,0.000000,0.000000,4686.388700
45.000000,0.000000,1.000000,30.360000,0.000000,1.000000,0.000000,0.000000,1.000000,0.000000,0.000000,62592.873090
19.000000,0.000000,1.000000,25.555000,1.000000,0.000000,1.000000,0.000000,0.000000,1.000000,0.000000,2221.564450
28.000000,1.000000,0.000000,37.620000,1.000000,0.000000,1.000000,0.000000,1.000000,0.000000,0.000000,3766.883800
49.000000,0.000000,1.000000,28.700000,1.000000,0.000000,1.000000,1.000000,0.000000,0.000000,0.000000,8703.456000
36.000000,1.000000,0.000000,27.740000,0.000000,0.000000,1.000000,0.000000,0.000000,0.000000,1.000000,5469.006600
38.000000,1.000000,0.000000,40.150000,0.000000,0.000000,1.000000,0.000000,1.000000,0.000000,0.000000,5400.980500
41.000000,1.000000,0.000000,32.200000,1.000000,0.000000,1.000000,1.000000,0.000000,0.000000,0.000000,6775.961000
18.000000,0.000000,1.000000,30.140000,0.000000,0.000000,1.000000,0.000000,1.000000,0.000000,0.000000,1131.506600
49.000000,0.000000,1.000000,31.350000,1.000000,0.000000,1.000000,0.000000,0.000000,0.000000,1.000000,9290.139500
19.000000,1.000000,0.000000,28.880000,0.000000,1.000000,0.000000,0.000000,0.000000,1.000000,0.000000,17748.506200
18.000000,0.000000,1.000000,43.010000,0.000000,0.000000,1.000000,0.000000,1.000000,0.000000,0.000000,1149.395900
23.000000,0.000000,1.000000,32.700000,3.000000,0.000000,1.000000,1.000000,0.000000,0.000000,0.000000,3591.480000
19.000000,1.000000,0.000000,36.575000,0.000000,0.000000,1.000000,0.000000,0.000000,1.000000,0.000000,2136.882250
40.000000,1.000000,0.000000,28.690000,3.000000,0.000000,1.000000,0.000000,0.000000,1.000000,0.000000,8059.679100
46.000000,0.000000,1.000000,42.350000,3.000000,1.000000,0.000000,0.000000,1.000000,0.000000,0.000000,46151.124500
55.000000,1.000000,0.000000,26.980000,0.000000,0.000000,1.000000,0.000000,0.000000,1.000000,0.000000,11082.577200
19.000000,0.000000,1.000000,31.920000,0.000000,1.000000,0.000000,0.000000,0.000000,1.000000,0.000000,33750.291800
60.000000,0.000000,1.000000,36.955000,0.000000,0.000000,1.000000,0.000000,0.000000,0.000000,1.000000,12741.167450
41.000000,0.000000,1.000000,29.640000,5.000000,0.000000,1.000000,0.000000,0.000000,0.000000,1.000000,9222.402600
34.000000,0.000000,1.000000,21.375000,0.000000,0.000000,1.000000,0.000000,0.000000,0.000000,1.000000,4500.339250
41.000000,0.000000,1.000000,30.780000,3.000000,1.000000,0.000000,0.000000,0.000000,0.000000,1.000000,39597.407200
19.000000,1.000000,0.000000,29.800000,0.000000,0.000000,1.000000,1.000000,0.000000,0.000000,0.000000,1744.465000
39.000000,0.000000,1.000000,26.220000,1.000000,0.000000,1.000000,0.000000,0.000000,1.000000,0.000000,6123.568800
46.000000,1.000000,0.000000,34.600000,1.000000,1.000000,0.000000,1.000000,0.000000,0.000000,0.000000,41661.602000
54.000000,0.000000,1.000000,21.010000,2.000000,0.000000,1.000000,0.000000,1.000000,0.000000,0.000000,11013.711900
49.000000,1.000000,0.000000,42.680000,2.000000,0.000000,1.000000,0.000000,1.000000,0.000000,0.000000,9800.888200
44.000000,0.000000,1.000000,38.060000,1.000000,0.000000,1.000000,0.000000,1.000000,0.000000,0.000000,7152.671400
31.000000,0.000000,1.000000,25.900000,3.000000,1.000000,0.000000,1.000000,0.000000,0.000000,0.000000,19199.944000
25.000000,0.000000,1.000000,26.220000,0.000000,0.000000,1.000000,0.000000,0.000000,0.000000,1.000000,2721.320800
50.000000,1.000000,0.000000,30.115000,1.000000,0.000000,1.000000,0.000000,0.000000,1.000000,0.000000,9910.359850
59.000000,0.000000,1.000000,29.700000,2.000000,0.000000,1.000000,0.000000,1.000000,0.000000,0.000000,12925.886000
30.000000,0.000000,1.000000,28.690000,3.000000,1.000000,0.000000,0.000000,0.000000,1.000000,0.000000,20745.989100
19.000000,1.000000,0.000000,23.400000,2.000000,0.000000,1.000000,1.000000,0.000000,0.000000,0.000000,2913.569000
52.000000,1.000000,0.000000,33.300000,2.000000,0.000000,1.000000,1.000000,0.000000,0.000000,0.000000,10806.839000
28.000000,1.000000,0.000000,34.770000,0.000000,0.000000,1.000000,0.000000,0.000000,1.000000,0.000000,3556.922300
33.000000,0.000000,1.000000,30.250000,0.000000,0.000000,1.000000,0.000000,1.000000,0.000000,0.000000,3704.354500
18.000000,0.000000,1.000000,21.780000,2.000000,0.000000,1.000000,0.000000,1.000000,0.000000,0.000000,11884.048580
57.000000,1.000000,0.000000,23.980000,1.000000,0.000000,1.000000,0.000000,1.000000,0.000000,0.000000,22192.437110
60.000000,0.000000,1.000000,24.320000,0.000000,0.000000,1.000000,0.000000,0.000000,1.000000,0.000000,12523.604800
49.000000,0.000000,1.000000,32.300000,3.000000,0.000000,1.000000,0.000000,0.000000,1.000000,0.000000,10269.460000
26.000000,1.000000,0.000000,19.800000,1.000000,0.000000,1.000000,1.000000,0.000000,0.000000,0.000000,3378.910000
32.000000,0.000000,1.000000,30.030000,1.000000,0.000000,1.000000,0.000000,1.000000,0.000000,0.000000,4074.453700
21.000000,0.000000,1.000000,31.100000,0.000000,0.000000,1.000000,1.000000,0.000000,0.000000,0.000000,1526.312000
28.000000,1.000000,0.000000,23.845000,2.000000,0.000000,1.000000,0.000000,0.000000,1.000000,0.000000,4719.736550
54.000000,1.000000,0.000000,31.900000,3.000000,0.000000,1.000000,0.000000,1.000000,0.000000,0.000000,27322.733860
55.000000,0.000000,1.000000,21.500000,1.000000,0.000000,1.000000,1.000000,0.000000,0.000000,0.000000,10791.960000
44.000000,0.000000,1.000000,22.135000,2.000000,0.000000,1.000000,0.000000,0.000000,0.000000,1.000000,8302.535650
25.000000,0.000000,1.000000,30.590000,0.000000,0.000000,1.000000,0.000000,0.000000,0.000000,1.000000,2727.395100
32.000000,0.000000,1.000000,28.930000,1.000000,1.000000,0.000000,0.000000,1.000000,0.000000,0.000000,19719.694700
23.000000,1.000000,0.000000,24.225000,2.000000,0.000000,1.000000,0.000000,0.000000,0.000000,1.000000,22395.744240
54.000000,0.000000,1.000000,40.565000,3.000000,1.000000,0.000000,0.000000,0.000000,0.000000,1.000000,48549.178350
61.000000,1.000000,0.000000,35.910000,0.000000,0.000000,1.000000,0.000000,0.000000,0.000000,1.000000,13635.637900
28.000000,0.000000,1.000000,23.980000,3.000000,1.000000,0.000000,0.000000,1.000000,0.000000,0.000000,17663.144200
58.000000,1.000000,0.000000,32.965000,0.000000,0.000000,1.000000,0.000000,0.000000,0.000000,1.000000,12430.953350
37.000000,0.000000,1.000000,29.640000,0.000000,0.000000,1.000000,0.000000,0.000000,1.000000,0.000000,5028.146600
18.000000,1.000000,0.000000,39.160000,0.000000,0.000000,1.000000,0.000000,1.000000,0.000000,0.000000,1633.044400
48.000000,0.000000,1.000000,34.300000,3.000000,0.000000,1.000000,1.000000,0.000000,0.000000,0.000000,9563.029000
55.000000,0.000000,1.000000,33.000000,0.000000,0.000000,1.000000,0.000000,1.000000,0.000000,0.000000,20781.488920
29.000000,1.000000,0.000000,24.600000,2.000000,0.000000,1.000000,1.000000,0.000000,0.000000,0.000000,4529.477000
27.000000,0.000000,1.000000,23.100000,0.000000,0.000000,1.000000,0.000000,1.000000,0.000000,0.000000,2483.736000
51.000000,0.000000,1.000000,23.210000,1.000000,1.000000,0.000000,0.000000,1.000000,0.000000,0.000000,22218.114900
34.000000,1.000000,0.000000,23.560000,0.000000,0.000000,1.000000,0.000000,0.000000,0.000000,1.000000,4992.376400
41.000000,0.000000,1.000000,30.590000,2.000000,0.000000,1.000000,0.000000,0.000000,1.000000,0.000000,7256.723100
22.000000,0.000000,1.000000,52.580000,1.000000,1.000000,0.000000,0.000000,1.000000,0.000000,0.000000,44501.398200
25.000000,0.000000,1.000000,33.660000,4.000000,0.000000,1.000000,0.000000,1.000000,0.000000,0.000000,4504.662400
30.000000,1.000000,0.000000,30.900000,3.000000,0.000000,1.000000,1.000000,0.000000,0.000000,0.000000,5325.651000
51.000000,0.000000,1.000000,25.400000,0.000000,0.000000,1.000000,1.000000,0.000000,0.000000,0.000000,8782.469000
19.000000,0.000000,1.000000,17.480000,0.000000,0.000000,1.000000,0.000000,0.000000,1.000000,0.000000,1621.340200
47.000000,1.000000,0.000000,36.630000,1.000000,1.000000,0.000000,0.000000,1.000000,0.000000,0.000000,42969.852700
37.000000,0.000000,1.000000,34.100000,4.000000,1.000000,0.000000,1.000000,0.000000,0.000000,0.000000,40182.246000
18.000000,0.000000,1.000000,33.535000,0.000000,1.000000,0.000000,0.000000,0.000000,0.000000,1.000000,34617.840650
32.000000,1.000000,0.000000,20.520000,0.000000,0.000000,1.000000,0.000000,0.000000,0.000000,1.000000,4544.234800
43.000000,1.000000,0.000000,26.700000,2.000000,1.000000,0.000000,1.000000,0.000000,0.000000,0.000000,22478.600000
58.000000,1.000000,0.000000,33.440000,0.000000,0.000000,1.000000,0.000000,0.000000,1.000000,0.000000,12231.613600
25.000000,0.000000,1.000000,25.840000,1.000000,0.000000,1.000000,0.000000,0.000000,0.000000,1.000000,3309.792600
23.000000,0.000000,1.000000,23.845000,0.000000,0.000000,1.000000,0.000000,0.000000,0.000000,1.000000,2395.171550
61.000000,0.000000,1.000000,33.915000,0.000000,0.000000,1.000000,0.000000,0.000000,0.000000,1.000000,13143.864850
42.000000,1.000000,0.000000,33.155000,1.000000,0.000000,1.000000,0.000000,0.000000,0.000000,1.000000,7639.417450
53.000000,0.000000,1.000000,36.100000,1.000000,0.000000,1.000000,1.000000,0.000000,0.000000,0.000000,10085.846000
55.000000,1.000000,0.000000,35.200000,0.000000,1.000000,0.000000,0.000000,1.000000,0.000000,0.000000,44423.803000
57.000000,1.000000,0.000000,20.100000,1.000000,0.000000,1.000000,1.000000,0.000000,0.000000,0.000000,12032.326000
33.000000,1.000000,0.000000,35.530000,0.000000,1.000000,0.000000,0.000000,0.000000,1.000000,0.000000,55135.402090
39.000000,0.000000,1.000000,28.300000,1.000000,1.000000,0.000000,1.000000,0.000000,0.000000,0.000000,21082.160000
39.000000,1.000000,0.000000,24.890000,3.000000,1.000000,0.000000,0.000000,0.000000,0.000000,1.000000,21659.930100
32.000000,1.000000,0.000000,31.540000,1.000000,0.000000,1.000000,0.000000,0.000000,0.000000,1.000000,5148.552600
48.000000,0.000000,1.000000,31.445000,1.000000,0.000000,1.000000,0.000000,0.000000,0.000000,1.000000,8964.060550
23.000000,1.000000,0.000000,33.400000,0.000000,0.000000,1.000000,1.000000,0.000000,0.000000,0.000000,10795.937330
52.000000,0.000000,1.000000,36.700000,0.000000,0.000000,1.000000,1.000000,0.000000,0.000000,0.000000,9144.565000
57.000000,1.000000,0.000000,28.700000,0.000000,0.000000,1.000000,1.000000,0.000000,0.000000,0.000000,11455.280000
61.000000,0.000000,1.000000,36.300000,1.000000,1.000000,0.000000,1.000000,0.000000,0.000000,0.000000,47403.880000
51.000000,1.000000,0.000000,39.500000,1.000000,0.000000,1.000000,1.000000,0.000000,0.000000,0.000000,9880.068000
22.000000,1.000000,0.000000,39.805000,0.000000,0.000000,1.000000,0.000000,0.000000,0.000000,1.000000,2755.020950
27.000000,0.000000,1.000000,26.030000,0.000000,0.000000,1.000000,0.000000,0.000000,0.000000,1.000000,3070.808700
51.000000,1.000000,0.000000,36.670000,2.000000,0.000000,1.000000,0.000000,0.000000,1.000000,0.000000,10848.134300
28.000000,0.000000,1.000000,31.680000,0.000000,1.000000,0.000000,0.000000,1.000000,0.000000,0.000000,34672.147200
52.000000,0.000000,1.000000,38.600000,2.000000,0.000000,1.000000,1.000000,0.000000,0.000000,0.000000,10325.206000
27.000000,1.000000,0.000000,32.395000,1.000000,0.000000,1.000000,0.000000,0.000000,0.000000,1.000000,18903.491410
31.000000,0.000000,1.000000,25.935000,1.000000,0.000000,1.000000,0.000000,0.000000,1.000000,0.000000,4239.892650
25.000000,1.000000,0.000000,30.200000,0.000000,1.000000,0.000000,1.000000,0.000000,0.000000,0.000000,33900.653000
50.000000,0.000000,1.000000,31.825000,0.000000,1.000000,0.000000,0.000000,0.000000,0.000000,1.000000,41097.161750
54.000000,0.000000,1.000000,25.460000,1.000000,0.000000,1.000000,0.000000,0.000000,0.000000,1.000000,25517.113630
53.000000,1.000000,0.000000,23.750000,2.000000,0.000000,1.000000,0.000000,0.000000,0.000000,1.000000,11729.679500
60.000000,0.000000,1.000000,25.740000,0.000000,0.000000,1.000000,0.000000,1.000000,0.000000,0.000000,12142.578600
43.000000,0.000000,1.000000,23.200000,0.000000,0.000000,1.000000,1.000000,0.000000,0.000000,0.000000,6250.435000
30.000000,1.000000,0.000000,39.050000,3.000000,1.000000,0.000000,0.000000,1.000000,0.000000,0.000000,40932.429500
30.000000,1.000000,0.000000,27.700000,0.000000,0.000000,1.000000,1.000000,0.000000,0.000000,0.000000,3554.203000
56.000000,0.000000,1.000000,40.300000,0.000000,0.000000,1.000000,1.000000,0.000000,0.000000,0.000000,10602.385000
58.000000,1.000000,0.000000,36.480000,0.000000,0.000000,1.000000,0.000000,0.000000,1.000000,0.000000,12235.839200
52.000000,1.000000,0.000000,37.525000,2.000000,0.000000,1.000000,0.000000,0.000000,1.000000,0.000000,33471.971890
22.000000,1.000000,0.000000,27.100000,0.000000,0.000000,1.000000,1.000000,0.000000,0.000000,0.000000,2154.361000
47.000000,0.000000,1.000000,36.080000,1.000000,1.000000,0.000000,0.000000,1.000000,0.000000,0.000000,42211.138200
35.000000,0.000000,1.000000,27.740000,2.000000,1.000000,0.000000,0.000000,0.000000,0.000000,1.000000,20984.093600
29.000000,1.000000,0.000000,32.110000,2.000000,0.000000,1.000000,0.000000,0.000000,1.000000,0.000000,4922.915900
44.000000,0.000000,1.000000,21.850000,3.000000,0.000000,1.000000,0.000000,0.000000,0.000000,1.000000,8891.139500
29.000000,0.000000,1.000000,35.500000,2.000000,1.000000,0.000000,1.000000,0.000000,0.000000,0.000000,44585.455870
61.000000,1.000000,0.000000,31.160000,0.000000,0.000000,1.000000,0.000000,0.000000,1.000000,0.000000,13429.035400
37.000000,0.000000,1.000000,30.875000,3.000000,0.000000,1.000000,0.000000,0.000000,1.000000,0.000000,6796.863250
50.000000,1.000000,0.000000,27.600000,1.000000,1.000000,0.000000,1.000000,0.000000,0.000000,0.000000,24520.264000
21.000000,1.000000,0.000000,16.815000,1.000000,0.000000,1.000000,0.000000,0.000000,0.000000,1.000000,3167.455850
18.000000,0.000000,1.000000,17.290000,2.000000,1.000000,0.000000,0.000000,0.000000,0.000000,1.000000,12829.455100
18.000000,0.000000,1.000000,33.660000,0.000000,0.000000,1.000000,0.000000,1.000000,0.000000,0.000000,1136.399400
56.000000,0.000000,1.000000,33.725000,0.000000,0.000000,1.000000,0.000000,0.000000,1.000000,0.000000,10976.245750
56.000000,0.000000,1.000000,33.660000,4.000000,0.000000,1.000000,0.000000,1.000000,0.000000,0.000000,12949.155400
23.000000,1.000000,0.000000,28.310000,0.000000,1.000000,0.000000,0.000000,0.000000,1.000000,0.000000,18033.967900
43.000000,1.000000,0.000000,32.560000,3.000000,1.000000,0.000000,0.000000,1.000000,0.000000,0.000000,40941.285400
47.000000,1.000000,0.000000,26.600000,2.000000,0.000000,1.000000,0.000000,0.000000,0.000000,1.000000,9715.841000
55.000000,1.000000,0.000000,40.810000,3.000000,0.000000,1.000000,0.000000,1.000000,0.000000,0.000000,12485.800900
24.000000,1.000000,0.000000,26.600000,0.000000,0.000000,1.000000,0.000000,0.000000,0.000000,1.000000,3046.062000
19.000000,1.000000,0.000000,28.310000,0.000000,1.000000,0.000000,0.000000,0.000000,1.000000,0.000000,17468.983900
21.000000,0.000000,1.000000,36.850000,0.000000,0.000000,1.000000,0.000000,1.000000,0.000000,0.000000,1534.304500
20.000000,1.000000,0.000000,33.000000,0.000000,0.000000,1.000000,0.000000,1.000000,0.000000,0.000000,1880.070000
33.000000,0.000000,1.000000,35.245000,0.000000,0.000000,1.000000,0.000000,0.000000,0.000000,1.000000,12404.879100
35.000000,1.000000,0.000000,31.000000,1.000000,0.000000,1.000000,1.000000,0.000000,0.000000,0.000000,5240.765000
59.000000,1.000000,0.000000,34.800000,2.000000,0.000000,1.000000,1.000000,0.000000,0.000000,0.000000,36910.608030
44.000000,1.000000,0.000000,25.800000,1.000000,0.000000,1.000000,1.000000,0.000000,0.000000,0.000000,7624.630000
63.000000,1.000000,0.000000,36.850000,0.000000,0.000000,1.000000,0.000000,1.000000,0.000000,0.000000,13887.968500
62.000000,1.000000,0.000000,33.200000,0.000000,0.000000,1.000000,1.000000,0.000000,0.000000,0.000000,13462.520000
38.000000,1.000000,0.000000,40.565000,1.000000,0.000000,1.000000,0.000000,0.000000,1.000000,0.000000,6373.557350
42.000000,0.000000,1.000000,31.255000,0.000000,0.000000,1.000000,0.000000,0.000000,1.000000,0.000000,6358.776450
45.000000,0.000000,1.000000,24.310000,5.000000,0.000000,1.000000,0.000000,1.000000,0.000000,0.000000,9788.865900
35.000000,0.000000,1.000000,34.320000,3.000000,0.000000,1.000000,0.000000,1.000000,0.000000,0.000000,5934.379800
46.000000,1.000000,0.000000,30.200000,2.000000,0.000000,1.000000,1.000000,0.000000,0.000000,0.000000,8825.086000
46.000000,1.000000,0.000000,28.050000,1.000000,0.000000,1.000000,0.000000,1.000000,0.000000,0.000000,8233.097500
57.000000,0.000000,1.000000,18.335000,0.000000,0.000000,1.000000,0.000000,0.000000,0.000000,1.000000,11534.872650
33.000000,1.000000,0.000000,33.500000,0.000000,1.000000,0.000000,1.000000,0.000000,0.000000,0.000000,37079.372000
60.000000,0.000000,1.000000,32.800000,0.000000,1.000000,0.000000,1.000000,0.000000,0.000000,0.000000,52590.829390
18.000000,0.000000,1.000000,29.370000,1.000000,0.000000,1.000000,0.000000,1.000000,0.000000,0.000000,1719.436300
19.000000,1.000000,0.000000,28.400000,1.000000,0.000000,1.000000,1.000000,0.000000,0.000000,0.000000,2331.519000
37.000000,1.000000,0.000000,47.600000,2.000000,1.000000,0.000000,1.000000,0.000000,0.000000,0.000000,46113.511000
19.000000,0.000000,1.000000,20.700000,0.000000,0.000000,1.000000,1.000000,0.000000,0.000000,0.000000,1242.816000
29.000000,0.000000,1.000000,38.940000,1.000000,0.000000,1.000000,0.000000,1.000000,0.000000,0.000000,3471.409600
34.000000,0.000000,1.000000,32.800000,1.000000,0.000000,1.000000,1.000000,0.000000,0.000000,0.000000,14358.364370
20.000000,1.000000,0.000000,31.790000,2.000000,0.000000,1.000000,0.000000,1.000000,0.000000,0.000000,3056.388100
54.000000,1.000000,0.000000,27.645000,1.000000,0.000000,1.000000,0.000000,0.000000,1.000000,0.000000,11305.934550
61.000000,0.000000,1.000000,35.860000,0.000000,1.000000,0.000000,0.000000,1.000000,0.000000,0.000000,46599.108400
22.000000,1.000000,0.000000,24.300000,0.000000,0.000000,1.000000,1.000000,0.000000,0.000000,0.000000,2150.469000
43.000000,0.000000,1.000000,26.030000,0.000000,0.000000,1.000000,0.000000,0.000000,0.000000,1.000000,6837.368700
41.000000,0.000000,1.000000,40.260000,0.000000,0.000000,1.000000,0.000000,1.000000,0.000000,0.000000,5709.164400
38.000000,0.000000,1.000000,21.120000,3.000000,0.000000,1.000000,0.000000,1.000000,0.000000,0.000000,6652.528800
56.000000,1.000000,0.000000,25.300000,0.000000,0.000000,1.000000,1.000000,0.000000,0.000000,0.000000,11070.535000
30.000000,1.000000,0.000000,19.950000,3.000000,0.000000,1.000000,0.000000,0.000000,1.000000,0.000000,5693.430500
18.000000,0.000000,1.000000,30.400000,3.000000,0.000000,1.000000,0.000000,0.000000,0.000000,1.000000,3481.868000
19.000000,0.000000,1.000000,30.400000,0.000000,0.000000,1.000000,1.000000,0.000000,0.000000,0.000000,1256.299000
63.000000,1.000000,0.000000,26.220000,0.000000,0.000000,1.000000,0.000000,0.000000,1.000000,0.000000,14256.192800
47.000000,0.000000,1.000000,36.190000,0.000000,1.000000,0.000000,0.000000,1.000000,0.000000,0.000000,41676.081100
58.000000,0.000000,1.000000,34.390000,0.000000,0.000000,1.000000,0.000000,0.000000,1.000000,0.000000,11743.934100
59.000000,1.000000,0.000000,35.200000,0.000000,0.000000,1.000000,0.000000,1.000000,0.000000,0.000000,12244.531000
48.000000,1.000000,0.000000,25.850000,3.000000,1.000000,0.000000,0.000000,1.000000,0.000000,0.000000,24180.933500
21.000000,0.000000,1.000000,31.255000,0.000000,0.000000,1.000000,0.000000,0.000000,1.000000,0.000000,1909.527450
63.000000,1.000000,0.000000,35.200000,1.000000,0.000000,1.000000,0.000000,1.000000,0.000000,0.000000,14474.675000
35.000000,1.000000,0.000000,38.095000,2.000000,0.000000,1.000000,0.000000,0.000000,0.000000,1.000000,24915.046260
48.000000,1.000000,0.000000,32.230000,1.000000,0.000000,1.000000,0.000000,1.000000,0.000000,0.000000,8871.151700
18.000000,0.000000,1.000000,25.175000,0.000000,1.000000,0.000000,0.000000,0.000000,0.000000,1.000000,15518.180250
32.000000,1.000000,0.000000,24.600000,0.000000,1.000000,0.000000,1.000000,0.000000,0.000000,0.000000,17496.306000
57.000000,0.000000,1.000000,23.700000,0.000000,0.000000,1.000000,1.000000,0.000000,0.000000,0.000000,10959.330000
58.000000,1.000000,0.000000,32.395000,1.000000,0.000000,1.000000,0.000000,0.000000,0.000000,1.000000,13019.161050
24.000000,0.000000,1.000000,28.500000,0.000000,1.000000,0.000000,0.000000,0.000000,0.000000,1.000000,35147.528480
24.000000,0.000000,1.000000,31.065000,0.000000,1.000000,0.000000,0.000000,0.000000,0.000000,1.000000,34254.053350
19.000000,1.000000,0.000000,34.700000,2.000000,1.000000,0.000000,1.000000,0.000000,0.000000,0.000000,36397.576000
51.000000,0.000000,1.000000,37.000000,0.000000,0.000000,1.000000,1.000000,0.000000,0.000000,0.000000,8798.593000
40.000000,1.000000,0.000000,33.000000,3.000000,0.000000,1.000000,0.000000,1.000000,0.000000,0.000000,7682.670000
50.000000,0.000000,1.000000,44.770000,1.000000,0.000000,1.000000,0.000000,1.000000,0.000000,0.000000,9058.730300
33.000000,0.000000,1.000000,35.750000,1.000000,1.000000,0.000000,0.000000,1.000000,0.000000,0.000000,38282.749500
52.000000,1.000000,0.000000,30.875000,0.000000,0.000000,1.000000,0.000000,0.000000,0.000000,1.000000,23045.566160
27.000000,0.000000,1.000000,18.905000,3.000000,0.000000,1.000000,0.000000,0.000000,0.000000,1.000000,4827.904950
41.000000,1.000000,0.000000,37.100000,2.000000,0.000000,1.000000,1.000000,0.000000,0.000000,0.000000,7371.772000
42.000000,0.000000,1.000000,30.000000,0.000000,1.000000,0.000000,1.000000,0.000000,0.000000,0.000000,22144.032000
53.000000,0.000000,1.000000,21.400000,1.000000,0.000000,1.000000,1.000000,0.000000,0.000000,0.000000,10065.413000
33.000000,1.000000,0.000000,24.310000,0.000000,0.000000,1.000000,0.000000,1.000000,0.000000,0.000000,4185.097900
19.000000,0.000000,1.000000,26.030000,1.000000,1.000000,0.000000,0.000000,0.000000,1.000000,0.000000,16450.894700
46.000000,1.000000,0.000000,35.530000,0.000000,1.000000,0.000000,0.000000,0.000000,0.000000,1.000000,42111.664700
49.000000,1.000000,0.000000,21.300000,1.000000,0.000000,1.000000,1.000000,0.000000,0.000000,0.000000,9182.170000
37.000000,0.000000,1.000000,36.190000,0.000000,0.000000,1.000000,0.000000,1.000000,0.000000,0.000000,19214.705530
39.000000,1.000000,0.000000,22.800000,3.000000,0.000000,1.000000,0.000000,0.000000,0.000000,1.000000,7985.815000
22.000000,0.000000,1.000000,32.110000,0.000000,0.000000,1.000000,0.000000,0.000000,1.000000,0.000000,2055.324900
47.000000,1.000000,0.000000,24.100000,1.000000,0.000000,1.000000,1.000000,0.000000,0.000000,0.000000,26236.579970
45.000000,1.000000,0.000000,28.600000,2.000000,0.000000,1.000000,0.000000,1.000000,0.000000,0.000000,8516.829000
59.000000,0.000000,1.000000,27.500000,1.000000,0.000000,1.000000,1.000000,0.000000,0.000000,0.000000,12333.828000
44.000000,0.000000,1.000000,27.400000,2.000000,0.000000,1.000000,1.000000,0.000000,0.000000,0.000000,7726.854000
19.000000,1.000000,0.000000,31.825000,1.000000,0.000000,1.000000,0.000000,0.000000,1.000000,0.000000,2719.279750
35.000000,1.000000,0.000000,34.210000,1.000000,0.000000,1.000000,0.000000,1.000000,0.000000,0.000000,5245.226900
28.000000,0.000000,1.000000,22.515000,2.000000,0.000000,1.000000,0.000000,0.000000,0.000000,1.000000,4428.887850
23.000000,0.000000,1.000000,18.715000,0.000000,0.000000,1.000000,0.000000,0.000000,1.000000,0.000000,21595.382290
18.000000,1.000000,0.000000,42.240000,0.000000,1.000000,0.000000,0.000000,1.000000,0.000000,0.000000,38792.685600
48.000000,1.000000,0.000000,27.265000,1.000000,0.000000,1.000000,0.000000,0.000000,0.000000,1.000000,9447.250350
54.000000,1.000000,0.000000,28.880000,2.000000,0.000000,1.000000,0.000000,0.000000,0.000000,1.000000,12096.651200
46.000000,0.000000,1.000000,27.600000,0.000000,0.000000,1.000000,1.000000,0.000000,0.000000,0.000000,24603.048370
52.000000,0.000000,1.000000,26.400000,3.000000,0.000000,1.000000,0.000000,1.000000,0.000000,0.000000,25992.821040
56.000000,0.000000,1.000000,36.100000,3.000000,0.000000,1.000000,1.000000,0.000000,0.000000,0.000000,12363.547000
28.000000,1.000000,0.000000,17.290000,0.000000,0.000000,1.000000,0.000000,0.000000,0.000000,1.000000,3732.625100
19.000000,1.000000,0.000000,28.900000,0.000000,0.000000,1.000000,1.000000,0.000000,0.000000,0.000000,1743.214000
28.000000,1.000000,0.000000,25.935000,1.000000,0.000000,1.000000,0.000000,0.000000,1.000000,0.000000,4133.641650
21.000000,1.000000,0.000000,39.490000,0.000000,0.000000,1.000000,0.000000,1.000000,0.000000,0.000000,2026.974100
33.000000,0.000000,1.000000,27.100000,1.000000,1.000000,0.000000,1.000000,0.000000,0.000000,0.000000,19040.876000
61.000000,1.000000,0.000000,28.200000,0.000000,0.000000,1.000000,1.000000,0.000000,0.000000,0.000000,13041.921000
27.000000,1.000000,0.000000,36.080000,0.000000,1.000000,0.000000,0.000000,1.000000,0.000000,0.000000,37133.898200
45.000000,0.000000,1.000000,20.350000,3.000000,0.000000,1.000000,0.000000,1.000000,0.000000,0.000000,8605.361500
19.000000,1.000000,0.000000,27.930000,3.000000,0.000000,1.000000,0.000000,0.000000,1.000000,0.000000,18838.703660
25.000000,0.000000,1.000000,35.625000,0.000000,0.000000,1.000000,0.000000,0.000000,1.000000,0.000000,2534.393750
44.000000,1.000000,0.000000,23.980000,2.000000,0.000000,1.000000,0.000000,1.000000,0.000000,0.000000,8211.100200
64.000000,0.000000,1.000000,33.880000,0.000000,1.000000,0.000000,0.000000,1.000000,0.000000,0.000000,46889.261200
28.000000,1.000000,0.000000,33.000000,2.000000,0.000000,1.000000,0.000000,1.000000,0.000000,0.000000,4349.462000
29.000000,1.000000,0.000000,35.530000,0.000000,0.000000,1.000000,0.000000,1.000000,0.000000,0.000000,3366.669700
37.000000,0.000000,1.000000,34.200000,1.000000,1.000000,0.000000,0.000000,0.000000,0.000000,1.000000,39047.285000
32.000000,1.000000,0.000000,28.930000,0.000000,0.000000,1.000000,0.000000,1.000000,0.000000,0.000000,3972.924700
48.000000,0.000000,1.000000,36.670000,1.000000,0.000000,1.000000,0.000000,0.000000,1.000000,0.000000,28468.919010
40.000000,1.000000,0.000000,23.370000,3.000000,0.000000,1.000000,0.000000,0.000000,0.000000,1.000000,8252.284300
45.000000,0.000000,1.000000,30.495000,2.000000,0.000000,1.000000,0.000000,0.000000,1.000000,0.000000,8413.463050
38.000000,0.000000,1.000000,37.050000,1.000000,0.000000,1.000000,0.000000,0.000000,0.000000,1.000000,6079.671500
41.000000,0.000000,1.000000,34.200000,2.000000,0.000000,1.000000,0.000000,0.000000,1.000000,0.000000,7261.741000
21.000000,0.000000,1.000000,27.360000,0.000000,0.000000,1.000000,0.000000,0.000000,0.000000,1.000000,2104.113400
28.000000,0.000000,1.000000,37.100000,1.000000,0.000000,1.000000,1.000000,0.000000,0.000000,0.000000,3277.161000
34.000000,0.000000,1.000000,42.130000,2.000000,0.000000,1.000000,0.000000,1.000000,0.000000,0.000000,5124.188700
50.000000,1.000000,0.000000,44.745000,0.000000,0.000000,1.000000,0.000000,0.000000,0.000000,1.000000,9541.695550
28.000000,1.000000,0.000000,33.400000,0.000000,0.000000,1.000000,1.000000,0.000000,0.000000,0.000000,3172.018000
48.000000,1.000000,0.000000,32.300000,2.000000,0.000000,1.000000,0.000000,0.000000,0.000000,1.000000,10043.249000
52.000000,1.000000,0.000000,18.335000,0.000000,0.000000,1.000000,0.000000,0.000000,1.000000,0.000000,9991.037650
41.000000,1.000000,0.000000,31.600000,0.000000,0.000000,1.000000,1.000000,0.000000,0.000000,0.000000,6186.127000
28.000000,1.000000,0.000000,24.320000,1.000000,0.000000,1.000000,0.000000,0.000000,0.000000,1.000000,23288.928400
53.000000,1.000000,0.000000,37.430000,1.000000,0.000000,1.000000,0.000000,0.000000,1.000000,0.000000,10959.694700
19.000000,0.000000,1.000000,36.955000,0.000000,1.000000,0.000000,0.000000,0.000000,1.000000,0.000000,36219.405450
55.000000,0.000000,1.000000,27.645000,0.000000,0.000000,1.000000,0.000000,0.000000,1.000000,0.000000,10594.501550
26.000000,0.000000,1.000000,30.875000,2.000000,0.000000,1.000000,0.000000,0.000000,1.000000,0.000000,3877.304250
57.000000,1.000000,0.000000,23.180000,0.000000,0.000000,1.000000,0.000000,0.000000,1.000000,0.000000,11830.607200
64.000000,1.000000,0.000000,31.825000,2.000000,0.000000,1.000000,0.000000,0.000000,0.000000,1.000000,16069.084750
18.000000,1.000000,0.000000,31.920000,0.000000,0.000000,1.000000,0.000000,0.000000,0.000000,1.000000,2205.980800
39.000000,1.000000,0.000000,34.100000,3.000000,0.000000,1.000000,1.000000,0.000000,0.000000,0.000000,7418.522000
47.000000,1.000000,0.000000,32.000000,1.000000,0.000000,1.000000,1.000000,0.000000,0.000000,0.000000,8551.347000
55.000000,0.000000,1.000000,38.280000,0.000000,0.000000,1.000000,0.000000,1.000000,0.000000,0.000000,10226.284200
59.000000,0.000000,1.000000,41.140000,1.000000,1.000000,0.000000,0.000000,1.000000,0.000000,0.000000,48970.247600
37.000000,0.000000,1.000000,29.800000,0.000000,0.000000,1.000000,1.000000,0.000000,0.000000,0.000000,20420.604650
26.000000,1.000000,0.000000,29.920000,2.000000,0.000000,1.000000,0.000000,1.000000,0.000000,0.000000,3981.976800
34.000000,1.000000,0.000000,30.210000,1.000000,1.000000,0.000000,0.000000,0.000000,1.000000,0.000000,43943.876100
21.000000,0.000000,1.000000,36.860000,0.000000,0.000000,1.000000,0.000000,0.000000,1.000000,0.000000,1917.318400
36.000000,1.000000,0.000000,29.040000,4.000000,0.000000,1.000000,0.000000,1.000000,0.000000,0.000000,7243.813600
48.000000,1.000000,0.000000,41.230000,4.000000,0.000000,1.000000,0.000000,0.000000,1.000000,0.000000,11033.661700
46.000000,0.000000,1.000000,40.375000,2.000000,0.000000,1.000000,0.000000,0.000000,1.000000,0.000000,8733.229250
46.000000,0.000000,1.000000,25.800000,5.000000,0.000000,1.000000,1.000000,0.000000,0.000000,0.000000,10096.970000
31.000000,0.000000,1.000000,29.810000,0.000000,1.000000,0.000000,0.000000,1.000000,0.000000,0.000000,19350.368900
52.000000,1.000000,0.000000,30.780000,1.000000,0.000000,1.000000,0.000000,0.000000,0.000000,1.000000,10797.336200
48.000000,0.000000,1.000000,40.150000,0.000000,0.000000,1.000000,0.000000,1.000000,0.000000,0.000000,7804.160500
50.000000,0.000000,1.000000,36.200000,0.000000,0.000000,1.000000,1.000000,0.000000,0.000000,0.000000,8457.818000
30.000000,1.000000,0.000000,33.330000,1.000000,0.000000,1.000000,0.000000,1.000000,0.000000,0.000000,4151.028700
49.000000,1.000000,0.000000,27.100000,1.000000,0.000000,1.000000,1.000000,0.000000,0.000000,0.000000,26140.360300
58.000000,0.000000,1.000000,23.300000,0.000000,0.000000,1.000000,1.000000,0.000000,0.000000,0.000000,11345.519000
52.000000,1.000000,0.000000,24.130000,1.000000,1.000000,0.000000,0.000000,0.000000,1.000000,0.000000,23887.662700
60.000000,1.000000,0.000000,18.335000,0.000000,0.000000,1.000000,0.000000,0.000000,0.000000,1.000000,13204.285650
36.000000,1.000000,0.000000,26.200000,0.000000,0.000000,1.000000,1.000000,0.000000,0.000000,0.000000,4883.866000
49.000000,0.000000,1.000000,36.850000,0.000000,0.000000,1.000000,0.000000,1.000000,0.000000,0.000000,8125.784500
49.000000,1.000000,0.000000,27.170000,0.000000,0.000000,1.000000,0.000000,1.000000,0.000000,0.000000,8601.329300
52.000000,0.000000,1.000000,32.775000,3.000000,0.000000,1.000000,0.000000,0.000000,1.000000,0.000000,11289.109250
48.000000,1.000000,0.000000,33.330000,0.000000,0.000000,1.000000,0.000000,1.000000,0.000000,0.000000,8283.680700
24.000000,0.000000,1.000000,26.790000,1.000000,0.000000,1.000000,0.000000,0.000000,1.000000,0.000000,12609.887020
58.000000,0.000000,1.000000,38.000000,0.000000,0.000000,1.000000,1.000000,0.000000,0.000000,0.000000,11365.952000
54.000000,1.000000,0.000000,46.700000,2.000000,0.000000,1.000000,1.000000,0.000000,0.000000,0.000000,11538.421000
26.000000,0.000000,1.000000,17.670000,0.000000,0.000000,1.000000,0.000000,0.000000,1.000000,0.000000,2680.949300
64.000000,0.000000,1.000000,40.480000,0.000000,0.000000,1.000000,0.000000,1.000000,0.000000,0.000000,13831.115200
30.000000,0.000000,1.000000,35.530000,0.000000,1.000000,0.000000,0.000000,1.000000,0.000000,0.000000,36950.256700
34.000000,0.000000,1.000000,27.835000,1.000000,1.000000,0.000000,0.000000,0.000000,1.000000,0.000000,20009.633650
18.000000,1.000000,0.000000,31.130000,0.000000,0.000000,1.000000,0.000000,1.000000,0.000000,0.000000,1621.882700
51.000000,1.000000,0.000000,33.915000,0.000000,0.000000,1.000000,0.000000,0.000000,0.000000,1.000000,9866.304850
51.000000,1.000000,0.000000,36.385000,3.000000,0.000000,1.000000,0.000000,0.000000,1.000000,0.000000,11436.738150
30.000000,0.000000,1.000000,31.570000,3.000000,0.000000,1.000000,0.000000,1.000000,0.000000,0.000000,4837.582300
46.000000,1.000000,0.000000,27.740000,0.000000,0.000000,1.000000,0.000000,0.000000,1.000000,0.000000,8026.666600
38.000000,0.000000,1.000000,19.300000,0.000000,1.000000,0.000000,1.000000,0.000000,0.000000,0.000000,15820.699000
45.000000,1.000000,0.000000,35.300000,0.000000,0.000000,1.000000,1.000000,0.000000,0.000000,0.000000,7348.142000
56.000000,0.000000,1.000000,22.100000,0.000000,0.000000,1.000000,1.000000,0.000000,0.000000,0.000000,10577.087000
24.000000,0.000000,1.000000,29.830000,0.000000,1.000000,0.000000,0.000000,0.000000,0.000000,1.000000,18648.421700
64.000000,0.000000,1.000000,24.700000,1.000000,0.000000,1.000000,0.000000,0.000000,1.000000,0.000000,30166.618170
52.000000,0.000000,1.000000,27.360000,0.000000,1.000000,0.000000,0.000000,0.000000,1.000000,0.000000,24393.622400
54.000000,0.000000,1.000000,24.035000,0.000000,0.000000,1.000000,0.000000,0.000000,0.000000,1.000000,10422.916650
59.000000,0.000000,1.000000,24.700000,0.000000,0.000000,1.000000,0.000000,0.000000,0.000000,1.000000,12323.936000
61.000000,0.000000,1.000000,38.380000,0.000000,0.000000,1.000000,0.000000,0.000000,1.000000,0.000000,12950.071200
53.000000,0.000000,1.000000,36.600000,3.000000,0.000000,1.000000,1.000000,0.000000,0.000000,0.000000,11264.541000
45.000000,1.000000,0.000000,27.830000,2.000000,0.000000,1.000000,0.000000,1.000000,0.000000,0.000000,8515.758700
42.000000,0.000000,1.000000,28.310000,3.000000,1.000000,0.000000,0.000000,0.000000,1.000000,0.000000,32787.458590
52.000000,1.000000,0.000000,24.860000,0.000000,0.000000,1.000000,0.000000,1.000000,0.000000,0.000000,27117.993780
59.000000,0.000000,1.000000,31.790000,2.000000,0.000000,1.000000,0.000000,1.000000,0.000000,0.000000,12928.791100
20.000000,1.000000,0.000000,37.000000,5.000000,0.000000,1.000000,1.000000,0.000000,0.000000,0.000000,4830.630000
53.000000,0.000000,1.000000,28.600000,3.000000,0.000000,1.000000,1.000000,0.000000,0.000000,0.000000,11253.421000
18.000000,0.000000,1.000000,25.460000,0.000000,0.000000,1.000000,0.000000,0.000000,0.000000,1.000000,1708.001400
28.000000,0.000000,1.000000,30.875000,0.000000,0.000000,1.000000,0.000000,0.000000,1.000000,0.000000,3062.508250
45.000000,1.000000,0.000000,30.900000,2.000000,0.000000,1.000000,1.000000,0.000000,0.000000,0.000000,8520.026000
28.000000,0.000000,1.000000,36.400000,1.000000,1.000000,0.000000,1.000000,0.000000,0.000000,0.000000,51194.559140
29.000000,1.000000,0.000000,20.235000,2.000000,0.000000,1.000000,0.000000,0.000000,1.000000,0.000000,4906.409650
33.000000,0.000000,1.000000,27.455000,2.000000,0.000000,1.000000,0.000000,0.000000,1.000000,0.000000,5261.469450
26.000000,1.000000,0.000000,29.920000,1.000000,0.000000,1.000000,0.000000,1.000000,0.000000,0.000000,3392.976800
21.000000,1.000000,0.000000,34.870000,0.000000,0.000000,1.000000,0.000000,1.000000,0.000000,0.000000,2020.552300
49.000000,1.000000,0.000000,22.610000,1.000000,0.000000,1.000000,0.000000,0.000000,1.000000,0.000000,9566.990900
52.000000,1.000000,0.000000,31.730000,2.000000,0.000000,1.000000,0.000000,0.000000,1.000000,0.000000,11187.656700
48.000000,1.000000,0.000000,33.110000,0.000000,1.000000,0.000000,0.000000,1.000000,0.000000,0.000000,40974.164900
43.000000,0.000000,1.000000,27.800000,0.000000,1.000000,0.000000,1.000000,0.000000,0.000000,0.000000,37829.724200
49.000000,1.000000,0.000000,23.845000,3.000000,1.000000,0.000000,0.000000,0.000000,0.000000,1.000000,24106.912550
42.000000,0.000000,1.000000,24.640000,0.000000,1.000000,0.000000,0.000000,1.000000,0.000000,0.000000,19515.541600
61.000000,1.000000,0.000000,36.385000,1.000000,1.000000,0.000000,0.000000,0.000000,0.000000,1.000000,48517.563150
56.000000,1.000000,0.000000,26.600000,1.000000,0.000000,1.000000,0.000000,0.000000,1.000000,0.000000,12044.342000
64.000000,1.000000,0.000000,31.300000,2.000000,1.000000,0.000000,1.000000,0.000000,0.000000,0.000000,47291.055000
43.000000,1.000000,0.000000,26.885000,0.000000,1.000000,0.000000,0.000000,0.000000,1.000000,0.000000,21774.322150
59.000000,1.000000,0.000000,27.720000,3.000000,0.000000,1.000000,0.000000,1.000000,0.000000,0.000000,14001.133800
63.000000,0.000000,1.000000,33.100000,0.000000,0.000000,1.000000,1.000000,0.000000,0.000000,0.000000,13393.756000
18.000000,1.000000,0.000000,26.730000,0.000000,0.000000,1.000000,0.000000,1.000000,0.000000,0.000000,1615.766700
64.000000,0.000000,1.000000,25.600000,2.000000,0.000000,1.000000,1.000000,0.000000,0.000000,0.000000,14988.432000
19.000000,0.000000,1.000000,30.590000,0.000000,0.000000,1.000000,0.000000,0.000000,1.000000,0.000000,1639.563100
42.000000,0.000000,1.000000,24.605000,2.000000,1.000000,0.000000,0.000000,0.000000,0.000000,1.000000,21259.377950
61.000000,0.000000,1.000000,43.400000,0.000000,0.000000,1.000000,1.000000,0.000000,0.000000,0.000000,12574.049000
48.000000,0.000000,1.000000,37.290000,2.000000,0.000000,1.000000,0.000000,1.000000,0.000000,0.000000,8978.185100
36.000000,0.000000,1.000000,33.820000,1.000000,0.000000,1.000000,0.000000,0.000000,1.000000,0.000000,5377.457800
46.000000,1.000000,0.000000,28.900000,2.000000,0.000000,1.000000,1.000000,0.000000,0.000000,0.000000,8823.279000
21.000000,0.000000,1.000000,23.750000,2.000000,0.000000,1.000000,0.000000,0.000000,1.000000,0.000000,3077.095500
38.000000,0.000000,1.000000,38.390000,3.000000,1.000000,0.000000,0.000000,1.000000,0.000000,0.000000,41949.244100
41.000000,0.000000,1.000000,21.780000,1.000000,0.000000,1.000000,0.000000,1.000000,0.000000,0.000000,6272.477200
53.000000,0.000000,1.000000,26.410000,2.000000,0.000000,1.000000,0.000000,0.000000,0.000000,1.000000,11244.376900
28.000000,1.000000,0.000000,27.500000,2.000000,0.000000,1.000000,1.000000,0.000000,0.000000,0.000000,20177.671130
40.000000,0.000000,1.000000,26.315000,1.000000,0.000000,1.000000,0.000000,0.000000,1.000000,0.000000,6389.377850
18.000000,1.000000,0.000000,26.315000,0.000000,0.000000,1.000000,0.000000,0.000000,0.000000,1.000000,2198.189850
44.000000,1.000000,0.000000,36.480000,0.000000,0.000000,1.000000,0.000000,0.000000,0.000000,1.000000,12797.209620
45.000000,1.000000,0.000000,39.995000,3.000000,0.000000,1.000000,0.000000,0.000000,0.000000,1.000000,9704.668050
57.000000,0.000000,1.000000,42.130000,1.000000,1.000000,0.000000,0.000000,1.000000,0.000000,0.000000,48675.517700
18.000000,0.000000,1.000000,27.360000,1.000000,1.000000,0.000000,0.000000,0.000000,0.000000,1.000000,17178.682400
42.000000,1.000000,0.000000,26.600000,0.000000,1.000000,0.000000,0.000000,0.000000,1.000000,0.000000,21348.706000
55.000000,1.000000,0.000000,29.830000,0.000000,0.000000,1.000000,0.000000,0.000000,0.000000,1.000000,11286.538700
42.000000,0.000000,1.000000,26.900000,0.000000,0.000000,1.000000,1.000000,0.000000,0.000000,0.000000,5969.723000
19.000000,1.000000,0.000000,30.020000,0.000000,1.000000,0.000000,0.000000,0.000000,1.000000,0.000000,33307.550800
34.000000,0.000000,1.000000,22.420000,2.000000,0.000000,1.000000,0.000000,0.000000,0.000000,1.000000,27375.904780
18.000000,0.000000,1.000000,22.990000,0.000000,0.000000,1.000000,0.000000,0.000000,0.000000,1.000000,1704.568100
40.000000,1.000000,0.000000,28.120000,1.000000,1.000000,0.000000,0.000000,0.000000,0.000000,1.000000,22331.566800
44.000000,1.000000,0.000000,26.410000,0.000000,0.000000,1.000000,0.000000,0.000000,1.000000,0.000000,7419.477900
32.000000,1.000000,0.000000,29.735000,0.000000,0.000000,1.000000,0.000000,0.000000,1.000000,0.000000,4357.043650
41.000000,1.000000,0.000000,28.050000,1.000000,0.000000,1.000000,0.000000,1.000000,0.000000,0.000000,6770.192500
20.000000,0.000000,1.000000,35.310000,1.000000,0.000000,1.000000,0.000000,1.000000,0.000000,0.000000,27724.288750
26.000000,1.000000,0.000000,29.640000,4.000000,0.000000,1.000000,0.000000,0.000000,0.000000,1.000000,24671.663340
51.000000,1.000000,0.000000,40.660000,0.000000,0.000000,1.000000,0.000000,0.000000,0.000000,1.000000,9875.680400
57.000000,0.000000,1.000000,43.700000,1.000000,0.000000,1.000000,1.000000,0.000000,0.000000,0.000000,11576.130000
47.000000,0.000000,1.000000,47.520000,1.000000,0.000000,1.000000,0.000000,1.000000,0.000000,0.000000,8083.919800
63.000000,1.000000,0.000000,27.740000,0.000000,1.000000,0.000000,0.000000,0.000000,0.000000,1.000000,29523.165600
18.000000,0.000000,1.000000,38.170000,0.000000,1.000000,0.000000,0.000000,1.000000,0.000000,0.000000,36307.798300
40.000000,1.000000,0.000000,36.190000,0.000000,0.000000,1.000000,0.000000,1.000000,0.000000,0.000000,5920.104100
60.000000,0.000000,1.000000,33.110000,3.000000,0.000000,1.000000,0.000000,1.000000,0.000000,0.000000,13919.822900
64.000000,1.000000,0.000000,30.115000,3.000000,0.000000,1.000000,0.000000,0.000000,1.000000,0.000000,16455.707850
58.000000,1.000000,0.000000,41.910000,0.000000,0.000000,1.000000,0.000000,1.000000,0.000000,0.000000,24227.337240
37.000000,0.000000,1.000000,28.025000,2.000000,0.000000,1.000000,0.000000,0.000000,1.000000,0.000000,6203.901750
56.000000,1.000000,0.000000,32.300000,3.000000,0.000000,1.000000,0.000000,0.000000,0.000000,1.000000,13430.265000
46.000000,1.000000,0.000000,30.800000,3.000000,0.000000,1.000000,1.000000,0.000000,0.000000,0.000000,9414.920000
41.000000,1.000000,0.000000,36.080000,1.000000,0.000000,1.000000,0.000000,1.000000,0.000000,0.000000,6781.354200
19.000000,0.000000,1.000000,34.900000,0.000000,1.000000,0.000000,1.000000,0.000000,0.000000,0.000000,34828.654000
43.000000,1.000000,0.000000,34.580000,1.000000,0.000000,1.000000,0.000000,0.000000,1.000000,0.000000,7727.253200
46.000000,1.000000,0.000000,19.950000,2.000000,0.000000,1.000000,0.000000,0.000000,1.000000,0.000000,9193.838500
50.000000,0.000000,1.000000,26.600000,0.000000,0.000000,1.000000,1.000000,0.000000,0.000000,0.000000,8444.474000
43.000000,1.000000,0.000000,35.640000,1.000000,0.000000,1.000000,0.000000,1.000000,0.000000,0.000000,7345.726600
60.000000,1.000000,0.000000,32.450000,0.000000,1.000000,0.000000,0.000000,1.000000,0.000000,0.000000,45008.955500
57.000000,0.000000,1.000000,27.940000,1.000000,0.000000,1.000000,0.000000,1.000000,0.000000,0.000000,11554.223600
18.000000,0.000000,1.000000,28.500000,0.000000,0.000000,1.000000,0.000000,0.000000,0.000000,1.000000,1712.227000
33.000000,1.000000,0.000000,18.500000,1.000000,0.000000,1.000000,1.000000,0.000000,0.000000,0.000000,4766.022000
28.000000,0.000000,1.000000,33.000000,3.000000,0.000000,1.000000,0.000000,1.000000,0.000000,0.000000,4449.462000
26.000000,0.000000,1.000000,33.915000,1.000000,0.000000,1.000000,0.000000,0.000000,1.000000,0.000000,3292.529850
27.000000,0.000000,1.000000,33.155000,2.000000,0.000000,1.000000,0.000000,0.000000,1.000000,0.000000,4058.712450
55.000000,0.000000,1.000000,28.975000,0.000000,0.000000,1.000000,0.000000,0.000000,0.000000,1.000000,10796.350250
25.000000,0.000000,1.000000,24.985000,2.000000,0.000000,1.000000,0.000000,0.000000,0.000000,1.000000,23241.474530
58.000000,0.000000,1.000000,30.305000,0.000000,0.000000,1.000000,0.000000,0.000000,0.000000,1.000000,11938.255950
50.000000,1.000000,0.000000,27.075000,1.000000,0.000000,1.000000,0.000000,0.000000,0.000000,1.000000,10106.134250
42.000000,1.000000,0.000000,25.300000,1.000000,0.000000,1.000000,1.000000,0.000000,0.000000,0.000000,7045.499000
24.000000,1.000000,0.000000,22.600000,0.000000,0.000000,1.000000,1.000000,0.000000,0.000000,0.000000,2457.502000
49.000000,0.000000,1.000000,25.840000,2.000000,1.000000,0.000000,0.000000,0.000000,1.000000,0.000000,23807.240600
61.000000,1.000000,0.000000,44.000000,0.000000,0.000000,1.000000,1.000000,0.000000,0.000000,0.000000,13063.883000
53.000000,1.000000,0.000000,33.250000,0.000000,0.000000,1.000000,0.000000,0.000000,0.000000,1.000000,10564.884500
35.000000,0.000000,1.000000,27.610000,1.000000,0.000000,1.000000,0.000000,1.000000,0.000000,0.000000,4747.052900
29.000000,0.000000,1.000000,27.940000,0.000000,0.000000,1.000000,0.000000,1.000000,0.000000,0.000000,2867.119600
22.000000,1.000000,0.000000,30.400000,0.000000,1.000000,0.000000,0.000000,0.000000,1.000000,0.000000,33907.548000
55.000000,1.000000,0.000000,37.100000,0.000000,0.000000,1.000000,1.000000,0.000000,0.000000,0.000000,10713.644000
46.000000,0.000000,1.000000,24.795000,3.000000,0.000000,1.000000,0.000000,0.000000,0.000000,1.000000,9500.573050
33.000000,1.000000,0.000000,28.270000,1.000000,0.000000,1.000000,0.000000,1.000000,0.000000,0.000000,4779.602300
26.000000,1.000000,0.000000,28.785000,0.000000,0.000000,1.000000,0.000000,0.000000,0.000000,1.000000,3385.399150
54.000000,0.000000,1.000000,34.210000,2.000000,1.000000,0.000000,0.000000,1.000000,0.000000,0.000000,44260.749900
61.000000,0.000000,1.000000,31.570000,0.000000,0.000000,1.000000,0.000000,1.000000,0.000000,0.000000,12557.605300
26.000000,1.000000,0.000000,42.400000,1.000000,0.000000,1.000000,1.000000,0.000000,0.000000,0.000000,3410.324000
51.000000,1.000000,0.000000,37.730000,1.000000,0.000000,1.000000,0.000000,1.000000,0.000000,0.000000,9877.607700
49.000000,1.000000,0.000000,30.780000,1.000000,0.000000,1.000000,0.000000,0.000000,0.000000,1.000000,9778.347200
30.000000,0.000000,1.000000,24.400000,3.000000,1.000000,0.000000,1.000000,0.000000,0.000000,0.000000,18259.216000
58.000000,0.000000,1.000000,49.060000,0.000000,0.000000,1.000000,0.000000,1.000000,0.000000,0.000000,11381.325400
22.000000,0.000000,1.000000,28.880000,0.000000,0.000000,1.000000,0.000000,0.000000,0.000000,1.000000,2250.835200
45.000000,0.000000,1.000000,22.895000,0.000000,1.000000,0.000000,0.000000,0.000000,0.000000,1.000000,35069.374520
38.000000,0.000000,1.000000,27.835000,2.000000,0.000000,1.000000,0.000000,0.000000,1.000000,0.000000,6455.862650
58.000000,1.000000,0.000000,28.215000,0.000000,0.000000,1.000000,0.000000,0.000000,1.000000,0.000000,12224.350850
26.000000,0.000000,1.000000,29.150000,1.000000,0.000000,1.000000,0.000000,1.000000,0.000000,0.000000,2902.906500
47.000000,1.000000,0.000000,24.320000,0.000000,0.000000,1.000000,0.000000,0.000000,0.000000,1.000000,8534.671800
38.000000,1.000000,0.000000,30.210000,3.000000,0.000000,1.000000,0.000000,0.000000,1.000000,0.000000,7537.163900
40.000000,1.000000,0.000000,32.775000,2.000000,1.000000,0.000000,0.000000,0.000000,1.000000,0.000000,40003.332250
19.000000,1.000000,0.000000,37.430000,0.000000,0.000000,1.000000,0.000000,0.000000,1.000000,0.000000,2138.070700
41.000000,0.000000,1.000000,34.210000,1.000000,0.000000,1.000000,0.000000,1.000000,0.000000,0.000000,6289.754900
36.000000,0.000000,1.000000,30.875000,1.000000,0.000000,1.000000,0.000000,0.000000,1.000000,0.000000,5373.364250
31.000000,0.000000,1.000000,20.400000,0.000000,0.000000,1.000000,1.000000,0.000000,0.000000,0.000000,3260.199000
32.000000,0.000000,1.000000,28.880000,0.000000,0.000000,1.000000,0.000000,0.000000,1.000000,0.000000,3866.855200
49.000000,1.000000,0.000000,31.900000,5.000000,0.000000,1.000000,1.000000,0.000000,0.000000,0.000000,11552.904000
24.000000,1.000000,0.000000,39.490000,0.000000,0.000000,1.000000,0.000000,1.000000,0.000000,0.000000,2480.979100
31.000000,1.000000,0.000000,38.095000,1.000000,1.000000,0.000000,0.000000,0.000000,0.000000,1.000000,58571.074480
50.000000,1.000000,0.000000,33.700000,4.000000,0.000000,1.000000,1.000000,0.000000,0.000000,0.000000,11299.343000
43.000000,1.000000,0.000000,30.685000,2.000000,0.000000,1.000000,0.000000,0.000000,1.000000,0.000000,8310.839150
42.000000,1.000000,0.000000,41.325000,1.000000,0.000000,1.000000,0.000000,0.000000,0.000000,1.000000,7650.773750
59.000000,1.000000,0.000000,31.350000,0.000000,0.000000,1.000000,0.000000,0.000000,1.000000,0.000000,12622.179500
63.000000,1.000000,0.000000,25.080000,0.000000,0.000000,1.000000,0.000000,0.000000,1.000000,0.000000,14254.608200
56.000000,0.000000,1.000000,34.430000,0.000000,0.000000,1.000000,0.000000,1.000000,0.000000,0.000000,10594.225700
24.000000,0.000000,1.000000,23.655000,0.000000,0.000000,1.000000,0.000000,0.000000,1.000000,0.000000,2352.968450
42.000000,1.000000,0.000000,32.870000,0.000000,0.000000,1.000000,0.000000,0.000000,0.000000,1.000000,7050.021300
29.000000,0.000000,1.000000,31.730000,2.000000,0.000000,1.000000,0.000000,0.000000,1.000000,0.000000,4433.387700
28.000000,1.000000,0.000000,26.315000,3.000000,0.000000,1.000000,0.000000,0.000000,1.000000,0.000000,5312.169850
27.000000,0.000000,1.000000,42.130000,0.000000,1.000000,0.000000,0.000000,1.000000,0.000000,0.000000,39611.757700
40.000000,0.000000,1.000000,29.355000,1.000000,0.000000,1.000000,0.000000,0.000000,1.000000,0.000000,6393.603450
50.000000,1.000000,0.000000,28.120000,3.000000,0.000000,1.000000,0.000000,0.000000,1.000000,0.000000,11085.586800
60.000000,0.000000,1.000000,39.900000,0.000000,1.000000,0.000000,1.000000,0.000000,0.000000,0.000000,48173.361000
33.000000,1.000000,0.000000,42.940000,3.000000,0.000000,1.000000,0.000000,0.000000,1.000000,0.000000,6360.993600
23.000000,0.000000,1.000000,37.100000,3.000000,0.000000,1.000000,1.000000,0.000000,0.000000,0.000000,3597.596000
21.000000,1.000000,0.000000,33.630000,2.000000,0.000000,1.000000,0.000000,0.000000,1.000000,0.000000,3579.828700
51.000000,1.000000,0.000000,38.060000,0.000000,1.000000,0.000000,0.000000,1.000000,0.000000,0.000000,44400.406400
41.000000,0.000000,1.000000,33.550000,0.000000,0.000000,1.000000,0.000000,1.000000,0.000000,0.000000,5699.837500
58.000000,0.000000,1.000000,32.010000,1.000000,0.000000,1.000000,0.000000,1.000000,0.000000,0.000000,11946.625900
53.000000,1.000000,0.000000,32.300000,2.000000,0.000000,1.000000,0.000000,0.000000,0.000000,1.000000,29186.482360
18.000000,0.000000,1.000000,35.200000,1.000000,0.000000,1.000000,0.000000,1.000000,0.000000,0.000000,1727.540000
19.000000,1.000000,0.000000,17.800000,0.000000,0.000000,1.000000,1.000000,0.000000,0.000000,0.000000,1727.785000
59.000000,1.000000,0.000000,26.695000,3.000000,0.000000,1.000000,0.000000,0.000000,1.000000,0.000000,14382.709050
48.000000,0.000000,1.000000,40.565000,2.000000,1.000000,0.000000,0.000000,0.000000,1.000000,0.000000,45702.022350
20.000000,0.000000,1.000000,30.115000,5.000000,0.000000,1.000000,0.000000,0.000000,0.000000,1.000000,4915.059850
38.000000,0.000000,1.000000,29.260000,2.000000,0.000000,1.000000,0.000000,0.000000,1.000000,0.000000,6457.843400
20.000000,1.000000,0.000000,30.590000,0.000000,0.000000,1.000000,0.000000,0.000000,0.000000,1.000000,2459.720100
47.000000,0.000000,1.000000,28.215000,3.000000,1.000000,0.000000,0.000000,0.000000,1.000000,0.000000,24915.220850
42.000000,1.000000,0.000000,29.000000,1.000000,0.000000,1.000000,1.000000,0.000000,0.000000,0.000000,7050.642000
51.000000,1.000000,0.000000,18.050000,0.000000,0.000000,1.000000,0.000000,0.000000,1.000000,0.000000,9644.252500
53.000000,1.000000,0.000000,24.795000,1.000000,0.000000,1.000000,0.000000,0.000000,1.000000,0.000000,10942.132050
61.000000,0.000000,1.000000,33.535000,0.000000,0.000000,1.000000,0.000000,0.000000,0.000000,1.000000,13143.336650
46.000000,0.000000,1.000000,22.300000,0.000000,0.000000,1.000000,1.000000,0.000000,0.000000,0.000000,7147.105000
37.000000,1.000000,0.000000,30.800000,2.000000,0.000000,1.000000,0.000000,1.000000,0.000000,0.000000,6313.759000
27.000000,1.000000,0.000000,31.400000,0.000000,1.000000,0.000000,1.000000,0.000000,0.000000,0.000000,34838.873000
44.000000,0.000000,1.000000,30.690000,2.000000,0.000000,1.000000,0.000000,1.000000,0.000000,0.000000,7731.427100
47.000000,0.000000,1.000000,29.830000,3.000000,0.000000,1.000000,0.000000,0.000000,1.000000,0.000000,9620.330700
39.000000,1.000000,0.000000,32.500000,1.000000,0.000000,1.000000,1.000000,0.000000,0.000000,0.000000,6238.298000
45.000000,0.000000,1.000000,27.500000,3.000000,0.000000,1.000000,1.000000,0.000000,0.000000,0.000000,8615.300000
55.000000,0.000000,1.000000,29.900000,0.000000,0.000000,1.000000,1.000000,0.000000,0.000000,0.000000,10214.636000
19.000000,1.000000,0.000000,18.600000,0.000000,0.000000,1.000000,1.000000,0.000000,0.000000,0.000000,1728.897000
20.000000,0.000000,1.000000,28.025000,1.000000,1.000000,0.000000,0.000000,0.000000,1.000000,0.000000,17560.379750
51.000000,0.000000,1.000000,42.900000,2.000000,1.000000,0.000000,0.000000,1.000000,0.000000,0.000000,47462.894000
41.000000,1.000000,0.000000,21.755000,1.000000,0.000000,1.000000,0.000000,0.000000,0.000000,1.000000,13725.471840
20.000000,0.000000,1.000000,22.000000,1.000000,0.000000,1.000000,1.000000,0.000000,0.000000,0.000000,1964.780000
45.000000,1.000000,0.000000,38.285000,0.000000,0.000000,1.000000,0.000000,0.000000,0.000000,1.000000,7935.291150
27.000000,0.000000,1.000000,30.500000,0.000000,0.000000,1.000000,1.000000,0.000000,0.000000,0.000000,2494.022000
56.000000,1.000000,0.000000,35.800000,1.000000,0.000000,1.000000,1.000000,0.000000,0.000000,0.000000,11674.130000
51.000000,0.000000,1.000000,35.970000,1.000000,0.000000,1.000000,0.000000,1.000000,0.000000,0.000000,9386.161300
38.000000,0.000000,1.000000,19.950000,1.000000,0.000000,1.000000,0.000000,0.000000,1.000000,0.000000,5855.902500
20.000000,1.000000,0.000000,31.460000,0.000000,0.000000,1.000000,0.000000,1.000000,0.000000,0.000000,1877.929400
40.000000,1.000000,0.000000,29.300000,4.000000,0.000000,1.000000,1.000000,0.000000,0.000000,0.000000,15828.821730
44.000000,0.000000,1.000000,34.320000,1.000000,0.000000,1.000000,0.000000,1.000000,0.000000,0.000000,7147.472800
31.000000,0.000000,1.000000,39.490000,1.000000,0.000000,1.000000,0.000000,1.000000,0.000000,0.000000,3875.734100
48.000000,1.000000,0.000000,36.575000,0.000000,0.000000,1.000000,0.000000,0.000000,1.000000,0.000000,8671.191250
37.000000,0.000000,1.000000,22.705000,3.000000,0.000000,1.000000,0.000000,0.000000,0.000000,1.000000,6985.506950
62.000000,0.000000,1.000000,27.550000,1.000000,0.000000,1.000000,0.000000,0.000000,1.000000,0.000000,13937.666500
28.000000,0.000000,1.000000,23.800000,2.000000,0.000000,1.000000,1.000000,0.000000,0.000000,0.000000,3847.674000
49.000000,0.000000,1.000000,30.900000,0.000000,1.000000,0.000000,1.000000,0.000000,0.000000,0.000000,39727.614000
25.000000,0.000000,1.000000,25.740000,0.000000,0.000000,1.000000,0.000000,1.000000,0.000000,0.000000,2137.653600
26.000000,0.000000,1.000000,32.900000,2.000000,1.000000,0.000000,1.000000,0.000000,0.000000,0.000000,36085.219000
42.000000,0.000000,1.000000,24.860000,0.000000,0.000000,1.000000,0.000000,1.000000,0.000000,0.000000,5966.887400
23.000000,1.000000,0.000000,28.120000,0.000000,0.000000,1.000000,0.000000,0.000000,1.000000,0.000000,2690.113800
32.000000,1.000000,0.000000,37.145000,3.000000,0.000000,1.000000,0.000000,0.000000,0.000000,1.000000,6334.343550
27.000000,1.000000,0.000000,17.955000,2.000000,1.000000,0.000000,0.000000,0.000000,0.000000,1.000000,15006.579450
19.000000,1.000000,0.000000,20.600000,0.000000,0.000000,1.000000,1.000000,0.000000,0.000000,0.000000,1731.677000
36.000000,1.000000,0.000000,30.020000,0.000000,0.000000,1.000000,0.000000,0.000000,1.000000,0.000000,5272.175800
38.000000,0.000000,1.000000,28.270000,1.000000,0.000000,1.000000,0.000000,1.000000,0.000000,0.000000,5484.467300
45.000000,1.000000,0.000000,36.300000,2.000000,0.000000,1.000000,0.000000,1.000000,0.000000,0.000000,8527.532000
27.000000,1.000000,0.000000,21.470000,0.000000,0.000000,1.000000,0.000000,0.000000,1.000000,0.000000,3353.470300
25.000000,0.000000,1.000000,26.800000,3.000000,0.000000,1.000000,1.000000,0.000000,0.000000,0.000000,3906.127000
57.000000,1.000000,0.000000,29.810000,0.000000,1.000000,0.000000,0.000000,1.000000,0.000000,0.000000,27533.912900
25.000000,1.000000,0.000000,23.465000,0.000000,0.000000,1.000000,0.000000,0.000000,0.000000,1.000000,3206.491350
50.000000,1.000000,0.000000,46.090000,1.000000,0.000000,1.000000,0.000000,1.000000,0.000000,0.000000,9549.565100
54.000000,1.000000,0.000000,47.410000,0.000000,1.000000,0.000000,0.000000,1.000000,0.000000,0.000000,63770.428010
57.000000,0.000000,1.000000,33.630000,1.000000,0.000000,1.000000,0.000000,0.000000,1.000000,0.000000,11945.132700
43.000000,0.000000,1.000000,30.115000,3.000000,0.000000,1.000000,0.000000,0.000000,1.000000,0.000000,8410.046850
35.000000,0.000000,1.000000,36.670000,1.000000,1.000000,0.000000,0.000000,0.000000,0.000000,1.000000,39774.276300
63.000000,0.000000,1.000000,28.310000,0.000000,0.000000,1.000000,0.000000,0.000000,1.000000,0.000000,13770.097900
32.000000,0.000000,1.000000,35.200000,2.000000,0.000000,1.000000,1.000000,0.000000,0.000000,0.000000,4670.640000
60.000000,0.000000,1.000000,29.640000,0.000000,0.000000,1.000000,0.000000,0.000000,0.000000,1.000000,12730.999600
36.000000,1.000000,0.000000,29.920000,1.000000,0.000000,1.000000,0.000000,1.000000,0.000000,0.000000,5478.036800
19.000000,1.000000,0.000000,24.510000,1.000000,0.000000,1.000000,0.000000,0.000000,1.000000,0.000000,2709.111900
48.000000,0.000000,1.000000,29.600000,0.000000,0.000000,1.000000,1.000000,0.000000,0.000000,0.000000,21232.182260
18.000000,0.000000,1.000000,33.770000,1.000000,0.000000,1.000000,0.000000,1.000000,0.000000,0.000000,1725.552300
33.000000,0.000000,1.000000,42.460000,1.000000,0.000000,1.000000,0.000000,1.000000,0.000000,0.000000,11326.714870
60.000000,1.000000,0.000000,35.100000,0.000000,0.000000,1.000000,1.000000,0.000000,0.000000,0.000000,12644.589000
52.000000,1.000000,0.000000,38.380000,2.000000,0.000000,1.000000,0.000000,0.000000,0.000000,1.000000,11396.900200
56.000000,1.000000,0.000000,27.200000,0.000000,0.000000,1.000000,1.000000,0.000000,0.000000,0.000000,11073.176000
21.000000,0.000000,1.000000,20.235000,3.000000,0.000000,1.000000,0.000000,0.000000,0.000000,1.000000,3861.209650
19.000000,0.000000,1.000000,21.755000,0.000000,0.000000,1.000000,0.000000,0.000000,1.000000,0.000000,1627.282450
48.000000,0.000000,1.000000,28.000000,1.000000,1.000000,0.000000,1.000000,0.000000,0.000000,0.000000,23568.272000
49.000000,1.000000,0.000000,29.925000,0.000000,0.000000,1.000000,0.000000,0.000000,1.000000,0.000000,8988.158750
41.000000,0.000000,1.000000,28.405000,1.000000,0.000000,1.000000,0.000000,0.000000,1.000000,0.000000,6664.685950
31.000000,1.000000,0.000000,23.600000,2.000000,0.000000,1.000000,1.000000,0.000000,0.000000,0.000000,4931.647000
26.000000,1.000000,0.000000,40.185000,0.000000,0.000000,1.000000,0.000000,0.000000,1.000000,0.000000,3201.245150
31.000000,0.000000,1.000000,36.300000,2.000000,1.000000,0.000000,1.000000,0.000000,0.000000,0.000000,38711.000000
18.000000,1.000000,0.000000,40.260000,0.000000,0.000000,1.000000,0.000000,1.000000,0.000000,0.000000,1634.573400
33.000000,0.000000,1.000000,24.795000,0.000000,1.000000,0.000000,0.000000,0.000000,0.000000,1.000000,17904.527050
34.000000,1.000000,0.000000,38.000000,3.000000,0.000000,1.000000,1.000000,0.000000,0.000000,0.000000,6196.448000
30.000000,1.000000,0.000000,28.380000,1.000000,1.000000,0.000000,0.000000,1.000000,0.000000,0.000000,19521.968200
55.000000,0.000000,1.000000,32.670000,1.000000,0.000000,1.000000,0.000000,1.000000,0.000000,0.000000,10807.486300
28.000000,1.000000,0.000000,25.800000,0.000000,0.000000,1.000000,1.000000,0.000000,0.000000,0.000000,3161.454000
56.000000,1.000000,0.000000,28.310000,0.000000,0.000000,1.000000,0.000000,0.000000,0.000000,1.000000,11657.718900
21.000000,0.000000,1.000000,31.020000,0.000000,0.000000,1.000000,0.000000,1.000000,0.000000,0.000000,16586.497710
47.000000,0.000000,1.000000,38.940000,2.000000,1.000000,0.000000,0.000000,1.000000,0.000000,0.000000,44202.653600
23.000000,0.000000,1.000000,31.730000,3.000000,1.000000,0.000000,0.000000,0.000000,0.000000,1.000000,36189.101700
25.000000,1.000000,0.000000,33.990000,1.000000,0.000000,1.000000,0.000000,1.000000,0.000000,0.000000,3227.121100
54.000000,1.000000,0.000000,23.000000,3.000000,0.000000,1.000000,1.000000,0.000000,0.000000,0.000000,12094.478000
19.000000,0.000000,1.000000,34.400000,0.000000,0.000000,1.000000,1.000000,0.000000,0.000000,0.000000,1261.859000
23.000000,1.000000,0.000000,42.750000,1.000000,1.000000,0.000000,0.000000,0.000000,0.000000,1.000000,40904.199500
30.000000,1.000000,0.000000,22.895000,1.000000,0.000000,1.000000,0.000000,0.000000,0.000000,1.000000,4719.524050
18.000000,1.000000,0.000000,21.660000,0.000000,1.000000,0.000000,0.000000,0.000000,0.000000,1.000000,14283.459400
25.000000,0.000000,1.000000,26.695000,4.000000,0.000000,1.000000,0.000000,0.000000,1.000000,0.000000,4877.981050
23.000000,0.000000,1.000000,34.400000,0.000000,0.000000,1.000000,1.000000,0.000000,0.000000,0.000000,1826.843000
36.000000,0.000000,1.000000,33.400000,2.000000,1.000000,0.000000,1.000000,0.000000,0.000000,0.000000,38415.474000
57.000000,1.000000,0.000000,28.785000,4.000000,0.000000,1.000000,0.000000,0.000000,0.000000,1.000000,14394.398150
58.000000,0.000000,1.000000,36.955000,2.000000,1.000000,0.000000,0.000000,0.000000,1.000000,0.000000,47496.494450
54.000000,0.000000,1.000000,25.100000,3.000000,1.000000,0.000000,1.000000,0.000000,0.000000,0.000000,25382.297000
27.000000,0.000000,1.000000,32.670000,0.000000,0.000000,1.000000,0.000000,1.000000,0.000000,0.000000,2497.038300
25.000000,1.000000,0.000000,20.800000,1.000000,0.000000,1.000000,1.000000,0.000000,0.000000,0.000000,3208.787000
44.000000,1.000000,0.000000,27.645000,0.000000,0.000000,1.000000,0.000000,0.000000,1.000000,0.000000,7421.194550
39.000000,0.000000,1.000000,21.850000,1.000000,0.000000,1.000000,0.000000,0.000000,1.000000,0.000000,6117.494500
22.000000,0.000000,1.000000,33.770000,0.000000,0.000000,1.000000,0.000000,1.000000,0.000000,0.000000,1674.632300
28.000000,1.000000,0.000000,33.110000,0.000000,0.000000,1.000000,0.000000,1.000000,0.000000,0.000000,3171.614900
63.000000,0.000000,1.000000,30.800000,0.000000,0.000000,1.000000,1.000000,0.000000,0.000000,0.000000,13390.559000
62.000000,0.000000,1.000000,31.460000,1.000000,0.000000,1.000000,0.000000,1.000000,0.000000,0.000000,27000.984730
39.000000,1.000000,0.000000,23.870000,5.000000,0.000000,1.000000,0.000000,1.000000,0.000000,0.000000,8582.302300
57.000000,1.000000,0.000000,22.230000,0.000000,0.000000,1.000000,0.000000,0.000000,0.000000,1.000000,12029.286700
39.000000,0.000000,1.000000,24.510000,2.000000,0.000000,1.000000,0.000000,0.000000,1.000000,0.000000,6710.191900
35.000000,0.000000,1.000000,39.710000,4.000000,0.000000,1.000000,0.000000,0.000000,0.000000,1.000000,19496.719170
22.000000,1.000000,0.000000,31.020000,3.000000,1.000000,0.000000,0.000000,1.000000,0.000000,0.000000,35595.589800
27.000000,1.000000,0.000000,24.750000,0.000000,1.000000,0.000000,0.000000,1.000000,0.000000,0.000000,16577.779500
35.000000,0.000000,1.000000,34.770000,2.000000,0.000000,1.000000,0.000000,0.000000,1.000000,0.000000,5729.005300
27.000000,1.000000,0.000000,20.045000,3.000000,1.000000,0.000000,0.000000,0.000000,1.000000,0.000000,16420.494550
19.000000,1.000000,0.000000,28.300000,0.000000,1.000000,0.000000,1.000000,0.000000,0.000000,0.000000,17081.080000
56.000000,1.000000,0.000000,37.510000,2.000000,0.000000,1.000000,0.000000,1.000000,0.000000,0.000000,12265.506900
43.000000,0.000000,1.000000,27.360000,3.000000,0.000000,1.000000,0.000000,0.000000,0.000000,1.000000,8606.217400
52.000000,1.000000,0.000000,25.300000,2.000000,1.000000,0.000000,0.000000,1.000000,0.000000,0.000000,24667.419000
45.000000,1.000000,0.000000,25.175000,2.000000,0.000000,1.000000,0.000000,0.000000,0.000000,1.000000,9095.068250
62.000000,1.000000,0.000000,29.920000,0.000000,0.000000,1.000000,0.000000,1.000000,0.000000,0.000000,13457.960800
36.000000,0.000000,1.000000,31.500000,0.000000,0.000000,1.000000,1.000000,0.000000,0.000000,0.000000,4402.233000
54.000000,1.000000,0.000000,32.680000,0.000000,0.000000,1.000000,0.000000,0.000000,0.000000,1.000000,10923.933200
53.000000,1.000000,0.000000,36.860000,3.000000,1.000000,0.000000,0.000000,0.000000,1.000000,0.000000,46661.442400
30.000000,0.000000,1.000000,22.990000,2.000000,1.000000,0.000000,0.000000,0.000000,1.000000,0.000000,17361.766100
48.000000,1.000000,0.000000,35.910000,1.000000,0.000000,1.000000,0.000000,0.000000,0.000000,1.000000,26392.260290
54.000000,0.000000,1.000000,30.020000,0.000000,0.000000,1.000000,0.000000,0.000000,1.000000,0.000000,24476.478510
21.000000,1.000000,0.000000,26.400000,1.000000,0.000000,1.000000,1.000000,0.000000,0.000000,0.000000,2597.779000
49.000000,0.000000,1.000000,25.840000,1.000000,0.000000,1.000000,0.000000,0.000000,0.000000,1.000000,9282.480600
32.000000,0.000000,1.000000,37.180000,2.000000,0.000000,1.000000,0.000000,1.000000,0.000000,0.000000,4673.392200
62.000000,1.000000,0.000000,30.495000,2.000000,0.000000,1.000000,0.000000,0.000000,1.000000,0.000000,15019.760050
35.000000,0.000000,1.000000,28.900000,3.000000,0.000000,1.000000,1.000000,0.000000,0.000000,0.000000,5926.846000
23.000000,0.000000,1.000000,26.510000,0.000000,0.000000,1.000000,0.000000,1.000000,0.000000,0.000000,1815.875900
29.000000,0.000000,1.000000,33.345000,2.000000,0.000000,1.000000,0.000000,0.000000,1.000000,0.000000,19442.353500
18.000000,1.000000,0.000000,38.280000,0.000000,0.000000,1.000000,0.000000,1.000000,0.000000,0.000000,1631.821200
24.000000,0.000000,1.000000,40.150000,0.000000,1.000000,0.000000,0.000000,1.000000,0.000000,0.000000,38126.246500
19.000000,1.000000,0.000000,22.515000,0.000000,0.000000,1.000000,0.000000,0.000000,1.000000,0.000000,2117.338850
58.000000,1.000000,0.000000,22.770000,0.000000,0.000000,1.000000,0.000000,1.000000,0.000000,0.000000,11833.782300
44.000000,1.000000,0.000000,43.890000,2.000000,1.000000,0.000000,0.000000,1.000000,0.000000,0.000000,46200.985100
20.000000,0.000000,1.000000,30.685000,0.000000,1.000000,0.000000,0.000000,0.000000,0.000000,1.000000,33475.817150
60.000000,1.000000,0.000000,24.035000,0.000000,0.000000,1.000000,0.000000,0.000000,1.000000,0.000000,13012.208650
36.000000,1.000000,0.000000,22.600000,2.000000,1.000000,0.000000,1.000000,0.000000,0.000000,0.000000,18608.262000
56.000000,1.000000,0.000000,28.595000,0.000000,0.000000,1.000000,0.000000,0.000000,0.000000,1.000000,11658.115050
49.000000,1.000000,0.000000,36.630000,3.000000,0.000000,1.000000,0.000000,1.000000,0.000000,0.000000,10381.478700
49.000000,0.000000,1.000000,29.830000,1.000000,0.000000,1.000000,0.000000,0.000000,0.000000,1.000000,9288.026700
20.000000,0.000000,1.000000,40.470000,0.000000,0.000000,1.000000,0.000000,0.000000,0.000000,1.000000,1984.453300
60.000000,1.000000,0.000000,27.550000,0.000000,0.000000,1.000000,0.000000,0.000000,0.000000,1.000000,13217.094500
18.000000,0.000000,1.000000,33.330000,0.000000,0.000000,1.000000,0.000000,1.000000,0.000000,0.000000,1135.940700
41.000000,0.000000,1.000000,37.050000,2.000000,0.000000,1.000000,0.000000,0.000000,1.000000,0.000000,7265.702500
40.000000,1.000000,0.000000,27.400000,1.000000,0.000000,1.000000,1.000000,0.000000,0.000000,0.000000,6496.886000
62.000000,0.000000,1.000000,39.930000,0.000000,0.000000,1.000000,0.000000,1.000000,0.000000,0.000000,12982.874700
36.000000,0.000000,1.000000,28.595000,3.000000,0.000000,1.000000,0.000000,0.000000,1.000000,0.000000,6548.195050
47.000000,0.000000,1.000000,19.190000,1.000000,0.000000,1.000000,0.000000,0.000000,0.000000,1.000000,8627.541100
19.000000,0.000000,1.000000,27.700000,0.000000,1.000000,0.000000,1.000000,0.000000,0.000000,0.000000,16297.846000
34.000000,0.000000,1.000000,35.815000,0.000000,0.000000,1.000000,0.000000,0.000000,1.000000,0.000000,4320.410850
20.000000,1.000000,0.000000,26.840000,1.000000,1.000000,0.000000,0.000000,1.000000,0.000000,0.000000,17085.267600
47.000000,1.000000,0.000000,29.545000,1.000000,0.000000,1.000000,0.000000,0.000000,1.000000,0.000000,8930.934550
39.000000,1.000000,0.000000,18.300000,5.000000,1.000000,0.000000,1.000000,0.000000,0.000000,0.000000,19023.260000
23.000000,0.000000,1.000000,35.200000,1.000000,0.000000,1.000000,1.000000,0.000000,0.000000,0.000000,2416.955000
51.000000,0.000000,1.000000,27.740000,1.000000,0.000000,1.000000,0.000000,0.000000,0.000000,1.000000,9957.721600
18.000000,1.000000,0.000000,40.185000,0.000000,0.000000,1.000000,0.000000,0.000000,0.000000,1.000000,2217.469150
51.000000,0.000000,1.000000,33.330000,3.000000,0.000000,1.000000,0.000000,1.000000,0.000000,0.000000,10560.491700
19.000000,0.000000,1.000000,30.250000,0.000000,1.000000,0.000000,0.000000,1.000000,0.000000,0.000000,32548.340500
56.000000,1.000000,0.000000,25.650000,0.000000,0.000000,1.000000,0.000000,0.000000,1.000000,0.000000,11454.021500
49.000000,0.000000,1.000000,25.600000,2.000000,1.000000,0.000000,1.000000,0.000000,0.000000,0.000000,23306.547000
56.000000,0.000000,1.000000,31.790000,2.000000,1.000000,0.000000,0.000000,1.000000,0.000000,0.000000,43813.866100
23.000000,1.000000,0.000000,34.865000,0.000000,0.000000,1.000000,0.000000,0.000000,0.000000,1.000000,2899.489350
33.000000,1.000000,0.000000,26.695000,0.000000,0.000000,1.000000,0.000000,0.000000,1.000000,0.000000,4571.413050
41.000000,0.000000,1.000000,28.800000,1.000000,0.000000,1.000000,1.000000,0.000000,0.000000,0.000000,6282.235000
33.000000,1.000000,0.000000,38.900000,3.000000,0.000000,1.000000,1.000000,0.000000,0.000000,0.000000,5972.378000
36.000000,1.000000,0.000000,29.920000,0.000000,0.000000,1.000000,0.000000,1.000000,0.000000,0.000000,4889.036800
43.000000,1.000000,0.000000,25.080000,0.000000,0.000000,1.000000,0.000000,0.000000,0.000000,1.000000,7325.048200
39.000000,0.000000,1.000000,29.600000,4.000000,0.000000,1.000000,1.000000,0.000000,0.000000,0.000000,7512.267000
53.000000,0.000000,1.000000,28.880000,0.000000,0.000000,1.000000,0.000000,0.000000,1.000000,0.000000,9869.810200
25.000000,1.000000,0.000000,32.230000,1.000000,0.000000,1.000000,0.000000,1.000000,0.000000,0.000000,18218.161390
20.000000,1.000000,0.000000,28.975000,0.000000,0.000000,1.000000,0.000000,0.000000,1.000000,0.000000,2257.475250
41.000000,1.000000,0.000000,28.310000,1.000000,0.000000,1.000000,0.000000,0.000000,1.000000,0.000000,7153.553900
57.000000,1.000000,0.000000,34.295000,2.000000,0.000000,1.000000,0.000000,0.000000,0.000000,1.000000,13224.057050
22.000000,1.000000,0.000000,36.000000,0.000000,0.000000,1.000000,1.000000,0.000000,0.000000,0.000000,2166.732000
52.000000,0.000000,1.000000,30.200000,1.000000,0.000000,1.000000,1.000000,0.000000,0.000000,0.000000,9724.530000
18.000000,0.000000,1.000000,23.085000,0.000000,0.000000,1.000000,0.000000,0.000000,0.000000,1.000000,1704.700150
32.000000,1.000000,0.000000,23.650000,1.000000,0.000000,1.000000,0.000000,1.000000,0.000000,0.000000,17626.239510
41.000000,0.000000,1.000000,35.750000,1.000000,1.000000,0.000000,0.000000,1.000000,0.000000,0.000000,40273.645500
45.000000,0.000000,1.000000,30.200000,1.000000,0.000000,1.000000,1.000000,0.000000,0.000000,0.000000,7441.053000
18.000000,0.000000,1.000000,23.210000,0.000000,0.000000,1.000000,0.000000,1.000000,0.000000,0.000000,1121.873900
56.000000,1.000000,0.000000,39.820000,0.000000,0.000000,1.000000,0.000000,1.000000,0.000000,0.000000,11090.717800
61.000000,1.000000,0.000000,29.070000,0.000000,1.000000,0.000000,0.000000,0.000000,1.000000,0.000000,29141.360300
30.000000,0.000000,1.000000,25.460000,0.000000,0.000000,1.000000,0.000000,0.000000,0.000000,1.000000,3645.089400
29.000000,0.000000,1.000000,22.895000,0.000000,1.000000,0.000000,0.000000,0.000000,0.000000,1.000000,16138.762050
52.000000,0.000000,1.000000,32.205000,3.000000,0.000000,1.000000,0.000000,0.000000,0.000000,1.000000,11488.316950
19.000000,0.000000,1.000000,28.700000,0.000000,0.000000,1.000000,1.000000,0.000000,0.000000,0.000000,1253.936000
53.000000,0.000000,1.000000,31.350000,0.000000,0.000000,1.000000,0.000000,1.000000,0.000000,0.000000,27346.042070
30.000000,0.000000,1.000000,27.645000,1.000000,0.000000,1.000000,0.000000,0.000000,0.000000,1.000000,4237.126550
62.000000,0.000000,1.000000,32.015000,0.000000,1.000000,0.000000,0.000000,0.000000,0.000000,1.000000,45710.207850
45.000000,1.000000,0.000000,30.495000,1.000000,1.000000,0.000000,0.000000,0.000000,1.000000,0.000000,39725.518050
38.000000,1.000000,0.000000,37.730000,0.000000,0.000000,1.000000,0.000000,1.000000,0.000000,0.000000,5397.616700
18.000000,1.000000,0.000000,30.305000,0.000000,0.000000,1.000000,0.000000,0.000000,0.000000,1.000000,2203.735950
58.000000,0.000000,1.000000,35.700000,0.000000,0.000000,1.000000,1.000000,0.000000,0.000000,0.000000,11362.755000
45.000000,1.000000,0.000000,27.645000,1.000000,0.000000,1.000000,0.000000,0.000000,1.000000,0.000000,28340.188850
40.000000,0.000000,1.000000,35.300000,3.000000,0.000000,1.000000,1.000000,0.000000,0.000000,0.000000,7196.867000
46.000000,1.000000,0.000000,33.725000,1.000000,0.000000,1.000000,0.000000,0.000000,0.000000,1.000000,8823.985750
40.000000,0.000000,1.000000,25.080000,0.000000,0.000000,1.000000,0.000000,1.000000,0.000000,0.000000,5415.661200
50.000000,0.000000,1.000000,25.365000,2.000000,0.000000,1.000000,0.000000,0.000000,1.000000,0.000000,30284.642940
32.000000,0.000000,1.000000,37.335000,1.000000,0.000000,1.000000,0.000000,0.000000,0.000000,1.000000,4667.607650
19.000000,1.000000,0.000000,24.605000,1.000000,0.000000,1.000000,0.000000,0.000000,1.000000,0.000000,2709.243950
37.000000,0.000000,1.000000,30.800000,0.000000,0.000000,1.000000,1.000000,0.000000,0.000000,0.000000,4646.759000
38.000000,1.000000,0.000000,27.265000,1.000000,0.000000,1.000000,0.000000,0.000000,0.000000,1.000000,6555.070350
55.000000,0.000000,1.000000,33.880000,3.000000,0.000000,1.000000,0.000000,1.000000,0.000000,0.000000,11987.168200
54.000000,1.000000,0.000000,32.300000,1.000000,0.000000,1.000000,0.000000,0.000000,0.000000,1.000000,11512.405000
22.000000,1.000000,0.000000,30.400000,0.000000,0.000000,1.000000,0.000000,0.000000,0.000000,1.000000,2741.948000
38.000000,0.000000,1.000000,16.815000,2.000000,0.000000,1.000000,0.000000,0.000000,0.000000,1.000000,6640.544850
52.000000,0.000000,1.000000,34.100000,0.000000,0.000000,1.000000,0.000000,1.000000,0.000000,0.000000,9140.951000
19.000000,1.000000,0.000000,32.110000,0.000000,0.000000,1.000000,0.000000,0.000000,1.000000,0.000000,2130.675900
34.000000,0.000000,1.000000,34.675000,0.000000,0.000000,1.000000,0.000000,0.000000,0.000000,1.000000,4518.826250
43.000000,0.000000,1.000000,35.310000,2.000000,0.000000,1.000000,0.000000,1.000000,0.000000,0.000000,18806.145470
26.000000,1.000000,0.000000,22.230000,0.000000,0.000000,1.000000,0.000000,0.000000,1.000000,0.000000,3176.287700
55.000000,0.000000,1.000000,30.685000,0.000000,1.000000,0.000000,0.000000,0.000000,0.000000,1.000000,42303.692150
18.000000,1.000000,0.000000,29.165000,0.000000,0.000000,1.000000,0.000000,0.000000,0.000000,1.000000,7323.734819
21.000000,1.000000,0.000000,34.600000,0.000000,0.000000,1.000000,1.000000,0.000000,0.000000,0.000000,2020.177000
48.000000,1.000000,0.000000,31.130000,0.000000,0.000000,1.000000,0.000000,1.000000,0.000000,0.000000,8280.622700
55.000000,1.000000,0.000000,32.395000,1.000000,0.000000,1.000000,0.000000,0.000000,0.000000,1.000000,11879.104050
34.000000,0.000000,1.000000,30.800000,0.000000,1.000000,0.000000,1.000000,0.000000,0.000000,0.000000,35491.640000
31.000000,1.000000,0.000000,36.630000,2.000000,0.000000,1.000000,0.000000,1.000000,0.000000,0.000000,4949.758700
61.000000,1.000000,0.000000,39.100000,2.000000,0.000000,1.000000,1.000000,0.000000,0.000000,0.000000,14235.072000
47.000000,1.000000,0.000000,33.345000,0.000000,0.000000,1.000000,0.000000,0.000000,0.000000,1.000000,20878.784430
24.000000,1.000000,0.000000,20.520000,0.000000,1.000000,0.000000,0.000000,0.000000,0.000000,1.000000,14571.890800
48.000000,1.000000,0.000000,27.930000,4.000000,0.000000,1.000000,0.000000,0.000000,1.000000,0.000000,11015.174700
19.000000,0.000000,1.000000,25.175000,0.000000,0.000000,1.000000,0.000000,0.000000,1.000000,0.000000,1632.036250
44.000000,0.000000,1.000000,29.735000,2.000000,0.000000,1.000000,0.000000,0.000000,0.000000,1.000000,32108.662820
40.000000,1.000000,0.000000,22.220000,2.000000,1.000000,0.000000,0.000000,1.000000,0.000000,0.000000,19444.265800
33.000000,0.000000,1.000000,29.400000,4.000000,0.000000,1.000000,1.000000,0.000000,0.000000,0.000000,6059.173000
38.000000,1.000000,0.000000,34.800000,2.000000,0.000000,1.000000,1.000000,0.000000,0.000000,0.000000,6571.544000
18.000000,1.000000,0.000000,33.880000,0.000000,0.000000,1.000000,0.000000,1.000000,0.000000,0.000000,11482.634850
41.000000,0.000000,1.000000,23.940000,1.000000,0.000000,1.000000,0.000000,0.000000,0.000000,1.000000,6858.479600
19.000000,0.000000,1.000000,29.070000,0.000000,1.000000,0.000000,0.000000,0.000000,1.000000,0.000000,17352.680300
39.000000,0.000000,1.000000,26.410000,0.000000,1.000000,0.000000,0.000000,0.000000,0.000000,1.000000,20149.322900
50.000000,0.000000,1.000000,37.070000,1.000000,0.000000,1.000000,0.000000,1.000000,0.000000,0.000000,9048.027300
29.000000,1.000000,0.000000,25.600000,4.000000,0.000000,1.000000,1.000000,0.000000,0.000000,0.000000,5708.867000
20.000000,0.000000,1.000000,32.395000,1.000000,0.000000,1.000000,0.000000,0.000000,1.000000,0.000000,2362.229050
18.000000,0.000000,1.000000,41.140000,0.000000,0.000000,1.000000,0.000000,1.000000,0.000000,0.000000,1146.796600
42.000000,0.000000,1.000000,34.100000,0.000000,0.000000,1.000000,1.000000,0.000000,0.000000,0.000000,5979.731000
48.000000,0.000000,1.000000,24.420000,0.000000,1.000000,0.000000,0.000000,1.000000,0.000000,0.000000,21223.675800
22.000000,0.000000,1.000000,35.600000,0.000000,1.000000,0.000000,1.000000,0.000000,0.000000,0.000000,35585.576000
25.000000,0.000000,1.000000,27.550000,0.000000,0.000000,1.000000,0.000000,0.000000,1.000000,0.000000,2523.169500
23.000000,0.000000,1.000000,41.910000,0.000000,0.000000,1.000000,0.000000,1.000000,0.000000,0.000000,1837.281900
50.000000,0.000000,1.000000,26.410000,0.000000,0.000000,1.000000,0.000000,0.000000,1.000000,0.000000,8827.209900
51.000000,1.000000,0.000000,25.800000,1.000000,0.000000,1.000000,1.000000,0.000000,0.000000,0.000000,9861.025000
40.000000,0.000000,1.000000,30.875000,4.000000,0.000000,1.000000,0.000000,0.000000,1.000000,0.000000,8162.716250
30.000000,0.000000,1.000000,24.130000,1.000000,0.000000,1.000000,0.000000,0.000000,1.000000,0.000000,4032.240700
29.000000,1.000000,0.000000,31.160000,0.000000,0.000000,1.000000,0.000000,0.000000,0.000000,1.000000,3943.595400
46.000000,0.000000,1.000000,30.495000,3.000000,1.000000,0.000000,0.000000,0.000000,1.000000,0.000000,40720.551050
22.000000,1.000000,0.000000,28.050000,0.000000,0.000000,1.000000,0.000000,1.000000,0.000000,0.000000,2155.681500
31.000000,0.000000,1.000000,38.390000,2.000000,0.000000,1.000000,0.000000,1.000000,0.000000,0.000000,4463.205100
60.000000,1.000000,0.000000,38.060000,0.000000,0.000000,1.000000,0.000000,1.000000,0.000000,0.000000,12648.703400
53.000000,0.000000,1.000000,24.320000,0.000000,0.000000,1.000000,0.000000,0.000000,1.000000,0.000000,9863.471800
19.000000,1.000000,0.000000,30.495000,0.000000,0.000000,1.000000,0.000000,0.000000,1.000000,0.000000,2128.431050
18.000000,0.000000,1.000000,26.180000,2.000000,0.000000,1.000000,0.000000,1.000000,0.000000,0.000000,2304.002200
18.000000,1.000000,0.000000,25.080000,0.000000,0.000000,1.000000,0.000000,0.000000,0.000000,1.000000,2196.473200
57.000000,1.000000,0.000000,38.000000,2.000000,0.000000,1.000000,1.000000,0.000000,0.000000,0.000000,12646.207000
27.000000,0.000000,1.000000,33.660000,0.000000,0.000000,1.000000,0.000000,1.000000,0.000000,0.000000,2498.414400
36.000000,1.000000,0.000000,22.135000,3.000000,0.000000,1.000000,0.000000,0.000000,0.000000,1.000000,7228.215650
20.000000,1.000000,0.000000,31.920000,0.000000,0.000000,1.000000,0.000000,0.000000,1.000000,0.000000,2261.568800
44.000000,1.000000,0.000000,25.000000,1.000000,0.000000,1.000000,1.000000,0.000000,0.000000,0.000000,7623.518000
44.000000,1.000000,0.000000,27.500000,1.000000,0.000000,1.000000,1.000000,0.000000,0.000000,0.000000,7626.993000
62.000000,0.000000,1.000000,26.695000,0.000000,1.000000,0.000000,0.000000,0.000000,0.000000,1.000000,28101.333050
62.000000,1.000000,0.000000,31.730000,0.000000,0.000000,1.000000,0.000000,0.000000,0.000000,1.000000,14043.476700
59.000000,1.000000,0.000000,32.100000,3.000000,0.000000,1.000000,1.000000,0.000000,0.000000,0.000000,14007.222000
35.000000,0.000000,1.000000,24.130000,1.000000,0.000000,1.000000,0.000000,0.000000,1.000000,0.000000,5125.215700
48.000000,1.000000,0.000000,22.800000,0.000000,0.000000,1.000000,1.000000,0.000000,0.000000,0.000000,8269.044000
19.000000,0.000000,1.000000,33.100000,0.000000,0.000000,1.000000,1.000000,0.000000,0.000000,0.000000,23082.955330
59.000000,1.000000,0.000000,27.830000,3.000000,0.000000,1.000000,0.000000,1.000000,0.000000,0.000000,14001.286700
19.000000,0.000000,1.000000,20.900000,1.000000,0.000000,1.000000,1.000000,0.000000,0.000000,0.000000,1832.094000
26.000000,1.000000,0.000000,29.480000,1.000000,0.000000,1.000000,0.000000,1.000000,0.000000,0.000000,3392.365200
59.000000,1.000000,0.000000,36.765000,1.000000,1.000000,0.000000,0.000000,0.000000,0.000000,1.000000,47896.791350
40.000000,1.000000,0.000000,29.600000,0.000000,0.000000,1.000000,1.000000,0.000000,0.000000,0.000000,5910.944000
19.000000,1.000000,0.000000,21.700000,0.000000,1.000000,0.000000,1.000000,0.000000,0.000000,0.000000,13844.506000
25.000000,1.000000,0.000000,30.300000,0.000000,0.000000,1.000000,1.000000,0.000000,0.000000,0.000000,2632.992000
62.000000,1.000000,0.000000,25.000000,0.000000,0.000000,1.000000,1.000000,0.000000,0.000000,0.000000,13451.122000
27.000000,1.000000,0.000000,30.400000,3.000000,0.000000,1.000000,0.000000,0.000000,1.000000,0.000000,18804.752400
33.000000,1.000000,0.000000,22.135000,1.000000,0.000000,1.000000,0.000000,0.000000,0.000000,1.000000,5354.074650
58.000000,0.000000,1.000000,34.865000,0.000000,0.000000,1.000000,0.000000,0.000000,0.000000,1.000000,11944.594350
51.000000,0.000000,1.000000,24.415000,4.000000,0.000000,1.000000,0.000000,0.000000,1.000000,0.000000,11520.099850
22.000000,0.000000,1.000000,31.350000,1.000000,0.000000,1.000000,0.000000,0.000000,1.000000,0.000000,2643.268500
64.000000,0.000000,1.000000,36.960000,2.000000,1.000000,0.000000,0.000000,1.000000,0.000000,0.000000,49577.662400
19.000000,1.000000,0.000000,28.600000,5.000000,0.000000,1.000000,1.000000,0.000000,0.000000,0.000000,4687.797000
59.000000,0.000000,1.000000,37.400000,0.000000,0.000000,1.000000,1.000000,0.000000,0.000000,0.000000,21797.000400
51.000000,0.000000,1.000000,39.700000,1.000000,0.000000,1.000000,1.000000,0.000000,0.000000,0.000000,9391.346000
38.000000,1.000000,0.000000,19.950000,2.000000,0.000000,1.000000,0.000000,0.000000,0.000000,1.000000,7133.902500
63.000000,0.000000,1.000000,39.800000,3.000000,0.000000,1.000000,1.000000,0.000000,0.000000,0.000000,15170.069000
31.000000,0.000000,1.000000,28.595000,1.000000,0.000000,1.000000,0.000000,0.000000,1.000000,0.000000,4243.590050
18.000000,1.000000,0.000000,33.155000,0.000000,0.000000,1.000000,0.000000,0.000000,0.000000,1.000000,2207.697450
23.000000,1.000000,0.000000,34.960000,3.000000,0.000000,1.000000,0.000000,0.000000,1.000000,0.000000,4466.621400
34.000000,0.000000,1.000000,27.000000,2.000000,0.000000,1.000000,1.000000,0.000000,0.000000,0.000000,11737.848840
35.000000,1.000000,0.000000,43.340000,2.000000,0.000000,1.000000,0.000000,1.000000,0.000000,0.000000,5846.917600
32.000000,0.000000,1.000000,27.835000,1.000000,0.000000,1.000000,0.000000,0.000000,1.000000,0.000000,4454.402650
22.000000,0.000000,1.000000,34.800000,3.000000,0.000000,1.000000,1.000000,0.000000,0.000000,0.000000,3443.064000
32.000000,1.000000,0.000000,44.220000,0.000000,0.000000,1.000000,0.000000,1.000000,0.000000,0.000000,3994.177800
22.000000,0.000000,1.000000,26.840000,0.000000,0.000000,1.000000,0.000000,1.000000,0.000000,0.000000,1664.999600
35.000000,0.000000,1.000000,30.500000,1.000000,0.000000,1.000000,1.000000,0.000000,0.000000,0.000000,4751.070000
29.000000,0.000000,1.000000,37.290000,2.000000,0.000000,1.000000,0.000000,1.000000,0.000000,0.000000,4058.116100
59.000000,1.000000,0.000000,27.500000,0.000000,0.000000,1.000000,1.000000,0.000000,0.000000,0.000000,12233.828000
56.000000,1.000000,0.000000,41.910000,0.000000,0.000000,1.000000,0.000000,1.000000,0.000000,0.000000,11093.622900
23.000000,0.000000,1.000000,27.360000,1.000000,0.000000,1.000000,0.000000,0.000000,1.000000,0.000000,2789.057400
31.000000,1.000000,0.000000,21.755000,0.000000,0.000000,1.000000,0.000000,0.000000,1.000000,0.000000,4134.082450
36.000000,0.000000,1.000000,28.880000,3.000000,0.000000,1.000000,0.000000,0.000000,0.000000,1.000000,6748.591200
47.000000,0.000000,1.000000,25.460000,2.000000,0.000000,1.000000,0.000000,0.000000,0.000000,1.000000,9225.256400
35.000000,0.000000,1.000000,24.420000,3.000000,1.000000,0.000000,0.000000,1.000000,0.000000,0.000000,19361.998800
22.000000,1.000000,0.000000,23.180000,0.000000,0.000000,1.000000,0.000000,0.000000,0.000000,1.000000,2731.912200
37.000000,1.000000,0.000000,30.780000,0.000000,1.000000,0.000000,0.000000,0.000000,0.000000,1.000000,37270.151200
37.000000,1.000000,0.000000,26.400000,0.000000,1.000000,0.000000,0.000000,1.000000,0.000000,0.000000,19539.243000
53.000000,0.000000,1.000000,20.900000,0.000000,1.000000,0.000000,0.000000,1.000000,0.000000,0.000000,21195.818000
37.000000,1.000000,0.000000,17.290000,2.000000,0.000000,1.000000,0.000000,0.000000,0.000000,1.000000,6877.980100
45.000000,0.000000,1.000000,24.035000,2.000000,0.000000,1.000000,0.000000,0.000000,0.000000,1.000000,8604.483650
24.000000,0.000000,1.000000,35.860000,0.000000,0.000000,1.000000,0.000000,1.000000,0.000000,0.000000,1986.933400
23.000000,1.000000,0.000000,28.000000,0.000000,0.000000,1.000000,1.000000,0.000000,0.000000,0.000000,13126.677450
36.000000,0.000000,1.000000,28.025000,1.000000,1.000000,0.000000,0.000000,0.000000,0.000000,1.000000,20773.627750
57.000000,0.000000,1.000000,31.540000,0.000000,0.000000,1.000000,0.000000,0.000000,1.000000,0.000000,11353.227600
44.000000,1.000000,0.000000,38.060000,0.000000,1.000000,0.000000,0.000000,1.000000,0.000000,0.000000,48885.135610
55.000000,0.000000,1.000000,32.775000,0.000000,0.000000,1.000000,0.000000,0.000000,1.000000,0.000000,10601.632250
64.000000,1.000000,0.000000,22.990000,0.000000,1.000000,0.000000,0.000000,1.000000,0.000000,0.000000,27037.914100
25.000000,1.000000,0.000000,34.485000,0.000000,0.000000,1.000000,0.000000,0.000000,1.000000,0.000000,3021.809150
23.000000,1.000000,0.000000,28.490000,1.000000,1.000000,0.000000,0.000000,1.000000,0.000000,0.000000,18328.238100
58.000000,0.000000,1.000000,25.175000,0.000000,0.000000,1.000000,0.000000,0.000000,0.000000,1.000000,11931.125250
62.000000,0.000000,1.000000,30.875000,3.000000,1.000000,0.000000,0.000000,0.000000,1.000000,0.000000,46718.163250
50.000000,0.000000,1.000000,32.205000,0.000000,0.000000,1.000000,0.000000,0.000000,1.000000,0.000000,8835.264950
31.000000,0.000000,1.000000,28.500000,5.000000,0.000000,1.000000,0.000000,0.000000,0.000000,1.000000,6799.458000
55.000000,1.000000,0.000000,30.500000,0.000000,0.000000,1.000000,1.000000,0.000000,0.000000,0.000000,10704.470000
43.000000,0.000000,1.000000,35.970000,3.000000,1.000000,0.000000,0.000000,1.000000,0.000000,0.000000,42124.515300
18.000000,1.000000,0.000000,30.115000,0.000000,0.000000,1.000000,0.000000,0.000000,0.000000,1.000000,2203.471850
28.000000,1.000000,0.000000,28.880000,1.000000,0.000000,1.000000,0.000000,0.000000,0.000000,1.000000,4337.735200
47.000000,1.000000,0.000000,29.370000,1.000000,0.000000,1.000000,0.000000,1.000000,0.000000,0.000000,8547.691300
57.000000,0.000000,1.000000,40.370000,0.000000,0.000000,1.000000,0.000000,1.000000,0.000000,0.000000,10982.501300
63.000000,1.000000,0.000000,21.660000,0.000000,0.000000,1.000000,0.000000,0.000000,0.000000,1.000000,14449.854400
34.000000,1.000000,0.000000,29.260000,3.000000,0.000000,1.000000,0.000000,1.000000,0.000000,0.000000,6184.299400
48.000000,0.000000,1.000000,29.700000,0.000000,0.000000,1.000000,0.000000,1.000000,0.000000,0.000000,7789.635000
24.000000,0.000000,1.000000,23.400000,0.000000,0.000000,1.000000,1.000000,0.000000,0.000000,0.000000,1969.614000
64.000000,1.000000,0.000000,39.050000,3.000000,0.000000,1.000000,0.000000,1.000000,0.000000,0.000000,16085.127500
62.000000,1.000000,0.000000,38.095000,2.000000,0.000000,1.000000,0.000000,0.000000,0.000000,1.000000,15230.324050
30.000000,1.000000,0.000000,27.930000,0.000000,0.000000,1.000000,0.000000,0.000000,0.000000,1.000000,4137.522700
55.000000,1.000000,0.000000,29.700000,2.000000,0.000000,1.000000,1.000000,0.000000,0.000000,0.000000,11881.358000
44.000000,0.000000,1.000000,30.200000,2.000000,1.000000,0.000000,1.000000,0.000000,0.000000,0.000000,38998.546000
50.000000,0.000000,1.000000,30.970000,3.000000,0.000000,1.000000,0.000000,0.000000,1.000000,0.000000,10600.548300
60.000000,0.000000,1.000000,31.350000,3.000000,1.000000,0.000000,0.000000,0.000000,1.000000,0.000000,46130.526500
64.000000,0.000000,1.000000,23.760000,0.000000,1.000000,0.000000,0.000000,1.000000,0.000000,0.000000,26926.514400
23.000000,1.000000,0.000000,31.400000,0.000000,1.000000,0.000000,1.000000,0.000000,0.000000,0.000000,34166.273000
50.000000,1.000000,0.000000,31.600000,2.000000,0.000000,1.000000,1.000000,0.000000,0.000000,0.000000,10118.424000
30.000000,1.000000,0.000000,32.400000,1.000000,0.000000,1.000000,1.000000,0.000000,0.000000,0.000000,4149.736000
63.000000,0.000000,1.000000,33.660000,3.000000,0.000000,1.000000,0.000000,1.000000,0.000000,0.000000,15161.534400
43.000000,0.000000,1.000000,34.960000,1.000000,1.000000,0.000000,0.000000,0.000000,0.000000,1.000000,41034.221400
63.000000,0.000000,1.000000,36.765000,0.000000,0.000000,1.000000,0.000000,0.000000,0.000000,1.000000,13981.850350
20.000000,0.000000,1.000000,27.930000,0.000000,0.000000,1.000000,0.000000,0.000000,0.000000,1.000000,1967.022700
64.000000,0.000000,1.000000,34.500000,0.000000,0.000000,1.000000,1.000000,0.000000,0.000000,0.000000,13822.803000
47.000000,1.000000,0.000000,36.000000,1.000000,0.000000,1.000000,1.000000,0.000000,0.000000,0.000000,8556.907000
53.000000,1.000000,0.000000,22.880000,1.000000,1.000000,0.000000,0.000000,1.000000,0.000000,0.000000,23244.790200
43.000000,1.000000,0.000000,29.900000,1.000000,0.000000,1.000000,1.000000,0.000000,0.000000,0.000000,7337.748000
18.000000,0.000000,1.000000,30.030000,1.000000,0.000000,1.000000,0.000000,1.000000,0.000000,0.000000,1720.353700
54.000000,1.000000,0.000000,21.470000,3.000000,0.000000,1.000000,0.000000,0.000000,1.000000,0.000000,12475.351300
44.000000,1.000000,0.000000,32.340000,1.000000,0.000000,1.000000,0.000000,1.000000,0.000000,0.000000,7633.720600
64.000000,1.000000,0.000000,26.885000,0.000000,1.000000,0.000000,0.000000,0.000000,1.000000,0.000000,29330.983150
36.000000,0.000000,1.000000,27.550000,3.000000,0.000000,1.000000,0.000000,0.000000,0.000000,1.000000,6746.742500
46.000000,1.000000,0.000000,33.440000,1.000000,0.000000,1.000000,0.000000,1.000000,0.000000,0.000000,8240.589600
18.000000,0.000000,1.000000,28.310000,1.000000,0.000000,1.000000,0.000000,0.000000,0.000000,1.000000,11272.331390
19.000000,1.000000,0.000000,39.615000,1.000000,0.000000,1.000000,0.000000,0.000000,1.000000,0.000000,2730.107850
60.000000,1.000000,0.000000,36.005000,0.000000,0.000000,1.000000,0.000000,0.000000,0.000000,1.000000,13228.846950
41.000000,1.000000,0.000000,31.635000,1.000000,0.000000,1.000000,0.000000,0.000000,0.000000,1.000000,7358.175650
40.000000,0.000000,1.000000,24.970000,2.000000,0.000000,1.000000,0.000000,1.000000,0.000000,0.000000,6593.508300
26.000000,0.000000,1.000000,31.065000,0.000000,0.000000,1.000000,0.000000,0.000000,1.000000,0.000000,2699.568350
56.000000,0.000000,1.000000,33.630000,0.000000,1.000000,0.000000,0.000000,0.000000,1.000000,0.000000,43921.183700
22.000000,0.000000,1.000000,37.620000,1.000000,1.000000,0.000000,0.000000,1.000000,0.000000,0.000000,37165.163800
30.000000,0.000000,1.000000,38.830000,1.000000,0.000000,1.000000,0.000000,1.000000,0.000000,0.000000,18963.171920
59.000000,1.000000,0.000000,36.520000,1.000000,0.000000,1.000000,0.000000,1.000000,0.000000,0.000000,28287.897660
47.000000,1.000000,0.000000,27.645000,2.000000,1.000000,0.000000,0.000000,0.000000,1.000000,0.000000,24535.698550
19.000000,0.000000,1.000000,25.555000,0.000000,0.000000,1.000000,0.000000,0.000000,1.000000,0.000000,1632.564450
38.000000,0.000000,1.000000,34.700000,2.000000,0.000000,1.000000,1.000000,0.000000,0.000000,0.000000,6082.405000
20.000000,1.000000,0.000000,21.800000,0.000000,1.000000,0.000000,1.000000,0.000000,0.000000,0.000000,20167.336030
27.000000,1.000000,0.000000,23.210000,1.000000,0.000000,1.000000,0.000000,1.000000,0.000000,0.000000,3561.888900
62.000000,0.000000,1.000000,38.830000,0.000000,0.000000,1.000000,0.000000,1.000000,0.000000,0.000000,12981.345700
61.000000,1.000000,0.000000,29.920000,3.000000,1.000000,0.000000,0.000000,1.000000,0.000000,0.000000,30942.191800
19.000000,0.000000,1.000000,34.100000,0.000000,0.000000,1.000000,1.000000,0.000000,0.000000,0.000000,1261.442000
32.000000,0.000000,1.000000,30.800000,3.000000,0.000000,1.000000,1.000000,0.000000,0.000000,0.000000,5253.524000
50.000000,1.000000,0.000000,26.220000,2.000000,0.000000,1.000000,0.000000,0.000000,1.000000,0.000000,10493.945800
22.000000,0.000000,1.000000,25.175000,0.000000,0.000000,1.000000,0.000000,0.000000,1.000000,0.000000,2045.685250
29.000000,0.000000,1.000000,32.110000,2.000000,0.000000,1.000000,0.000000,0.000000,1.000000,0.000000,4433.915900
28.000000,0.000000,1.000000,38.060000,0.000000,0.000000,1.000000,0.000000,1.000000,0.000000,0.000000,2689.495400
42.000000,0.000000,1.000000,26.125000,2.000000,0.000000,1.000000,0.000000,0.000000,0.000000,1.000000,7729.645750
39.000000,1.000000,0.000000,31.920000,2.000000,0.000000,1.000000,0.000000,0.000000,1.000000,0.000000,7209.491800
33.000000,1.000000,0.000000,39.820000,1.000000,0.000000,1.000000,0.000000,1.000000,0.000000,0.000000,4795.656800
27.000000,0.000000,1.000000,45.900000,2.000000,0.000000,1.000000,1.000000,0.000000,0.000000,0.000000,3693.428000
53.000000,0.000000,1.000000,41.470000,0.000000,0.000000,1.000000,0.000000,1.000000,0.000000,0.000000,9504.310300
49.000000,1.000000,0.000000,23.180000,2.000000,0.000000,1.000000,0.000000,0.000000,1.000000,0.000000,10156.783200
40.000000,1.000000,0.000000,25.460000,1.000000,0.000000,1.000000,0.000000,0.000000,0.000000,1.000000,7077.189400
42.000000,0.000000,1.000000,26.315000,1.000000,0.000000,1.000000,0.000000,0.000000,1.000000,0.000000,6940.909850
19.000000,0.000000,1.000000,24.600000,1.000000,0.000000,1.000000,1.000000,0.000000,0.000000,0.000000,1837.237000
61.000000,1.000000,0.000000,25.080000,0.000000,0.000000,1.000000,0.000000,1.000000,0.000000,0.000000,24513.091260
61.000000,1.000000,0.000000,21.090000,0.000000,0.000000,1.000000,0.000000,0.000000,1.000000,0.000000,13415.038100
40.000000,0.000000,1.000000,29.900000,2.000000,0.000000,1.000000,1.000000,0.000000,0.000000,0.000000,6600.361000
24.000000,1.000000,0.000000,30.210000,3.000000,0.000000,1.000000,0.000000,0.000000,1.000000,0.000000,4618.079900
64.000000,1.000000,0.000000,35.970000,0.000000,0.000000,1.000000,0.000000,1.000000,0.000000,0.000000,14313.846300
37.000000,1.000000,0.000000,34.105000,1.000000,0.000000,1.000000,0.000000,0.000000,1.000000,0.000000,6112.352950
30.000000,0.000000,1.000000,35.300000,0.000000,1.000000,0.000000,1.000000,0.000000,0.000000,0.000000,36837.467000
40.000000,0.000000,1.000000,32.775000,1.000000,1.000000,0.000000,0.000000,0.000000,0.000000,1.000000,39125.332250
45.000000,0.000000,1.000000,23.560000,2.000000,0.000000,1.000000,0.000000,0.000000,0.000000,1.000000,8603.823400
60.000000,1.000000,0.000000,28.700000,1.000000,0.000000,1.000000,1.000000,0.000000,0.000000,0.000000,13224.693000
21.000000,0.000000,1.000000,25.745000,2.000000,0.000000,1.000000,0.000000,0.000000,0.000000,1.000000,3279.868550
18.000000,0.000000,1.000000,37.290000,0.000000,0.000000,1.000000,0.000000,1.000000,0.000000,0.000000,1141.445100
50.000000,1.000000,0.000000,27.830000,3.000000,0.000000,1.000000,0.000000,1.000000,0.000000,0.000000,19749.383380
19.000000,0.000000,1.000000,44.880000,0.000000,1.000000,0.000000,0.000000,1.000000,0.000000,0.000000,39722.746200
54.000000,1.000000,0.000000,31.240000,0.000000,0.000000,1.000000,0.000000,1.000000,0.000000,0.000000,10338.931600
32.000000,1.000000,0.000000,17.765000,2.000000,1.000000,0.000000,0.000000,0.000000,1.000000,0.000000,32734.186300
59.000000,0.000000,1.000000,26.400000,0.000000,0.000000,1.000000,0.000000,1.000000,0.000000,0.000000,11743.299000
57.000000,0.000000,1.000000,28.100000,0.000000,0.000000,1.000000,1.000000,0.000000,0.000000,0.000000,10965.446000
26.000000,1.000000,0.000000,22.610000,0.000000,0.000000,1.000000,0.000000,0.000000,1.000000,0.000000,3176.815900
63.000000,0.000000,1.000000,41.325000,3.000000,0.000000,1.000000,0.000000,0.000000,1.000000,0.000000,15555.188750
19.000000,0.000000,1.000000,35.400000,0.000000,0.000000,1.000000,1.000000,0.000000,0.000000,0.000000,1263.249000
49.000000,1.000000,0.000000,34.770000,1.000000,0.000000,1.000000,0.000000,0.000000,1.000000,0.000000,9583.893300
43.000000,1.000000,0.000000,35.720000,2.000000,0.000000,1.000000,0.000000,0.000000,0.000000,1.000000,19144.576520
24.000000,1.000000,0.000000,30.100000,3.000000,0.000000,1.000000,1.000000,0.000000,0.000000,0.000000,4234.927000
61.000000,1.000000,0.000000,33.330000,4.000000,0.000000,1.000000,0.000000,1.000000,0.000000,0.000000,36580.282160
47.000000,0.000000,1.000000,28.215000,4.000000,0.000000,1.000000,0.000000,0.000000,0.000000,1.000000,10407.085850
46.000000,0.000000,1.000000,33.345000,1.000000,0.000000,1.000000,0.000000,0.000000,0.000000,1.000000,8334.457550
59.000000,0.000000,1.000000,37.100000,1.000000,0.000000,1.000000,1.000000,0.000000,0.000000,0.000000,12347.172000
18.000000,1.000000,0.000000,32.120000,2.000000,0.000000,1.000000,0.000000,1.000000,0.000000,0.000000,2801.258800
57.000000,1.000000,0.000000,30.495000,0.000000,0.000000,1.000000,0.000000,0.000000,1.000000,0.000000,11840.775050
35.000000,1.000000,0.000000,23.465000,2.000000,0.000000,1.000000,0.000000,0.000000,0.000000,1.000000,6402.291350
26.000000,0.000000,1.000000,20.800000,0.000000,0.000000,1.000000,1.000000,0.000000,0.000000,0.000000,2302.300000
19.000000,0.000000,1.000000,20.425000,0.000000,0.000000,1.000000,0.000000,0.000000,1.000000,0.000000,1625.433750
37.000000,0.000000,1.000000,37.070000,1.000000,1.000000,0.000000,0.000000,1.000000,0.000000,0.000000,39871.704300
20.000000,0.000000,1.000000,39.400000,2.000000,1.000000,0.000000,1.000000,0.000000,0.000000,0.000000,38344.566000
58.000000,1.000000,0.000000,39.050000,0.000000,0.000000,1.000000,0.000000,1.000000,0.000000,0.000000,11856.411500
45.000000,1.000000,0.000000,33.100000,0.000000,0.000000,1.000000,1.000000,0.000000,0.000000,0.000000,7345.084000
48.000000,0.000000,1.000000,35.625000,4.000000,0.000000,1.000000,0.000000,0.000000,0.000000,1.000000,10736.870750
58.000000,1.000000,0.000000,31.825000,2.000000,0.000000,1.000000,0.000000,0.000000,0.000000,1.000000,13607.368750
19.000000,0.000000,1.000000,27.835000,0.000000,0.000000,1.000000,0.000000,0.000000,1.000000,0.000000,1635.733650
64.000000,1.000000,0.000000,33.800000,1.000000,1.000000,0.000000,1.000000,0.000000,0.000000,0.000000,47928.030000
20.000000,0.000000,1.000000,33.000000,1.000000,0.000000,1.000000,1.000000,0.000000,0.000000,0.000000,1980.070000
31.000000,1.000000,0.000000,25.740000,0.000000,0.000000,1.000000,0.000000,1.000000,0.000000,0.000000,3756.621600
20.000000,1.000000,0.000000,33.300000,0.000000,0.000000,1.000000,1.000000,0.000000,0.000000,0.000000,1880.487000
55.000000,0.000000,1.000000,37.715000,3.000000,0.000000,1.000000,0.000000,0.000000,1.000000,0.000000,30063.580550
29.000000,0.000000,1.000000,28.975000,1.000000,0.000000,1.000000,0.000000,0.000000,0.000000,1.000000,4040.558250
18.000000,0.000000,1.000000,31.680000,2.000000,1.000000,0.000000,0.000000,1.000000,0.000000,0.000000,34303.167200
20.000000,0.000000,1.000000,31.130000,2.000000,0.000000,1.000000,0.000000,1.000000,0.000000,0.000000,2566.470700
52.000000,1.000000,0.000000,37.400000,0.000000,0.000000,1.000000,1.000000,0.000000,0.000000,0.000000,9634.538000
40.000000,0.000000,1.000000,22.705000,2.000000,0.000000,1.000000,0.000000,0.000000,0.000000,1.000000,7173.359950
24.000000,0.000000,1.000000,33.630000,4.000000,0.000000,1.000000,0.000000,0.000000,0.000000,1.000000,17128.426080
38.000000,1.000000,0.000000,28.000000,3.000000,0.000000,1.000000,1.000000,0.000000,0.000000,0.000000,7151.092000
29.000000,1.000000,0.000000,21.755000,1.000000,1.000000,0.000000,0.000000,0.000000,0.000000,1.000000,16657.717450
34.000000,0.000000,1.000000,42.900000,1.000000,0.000000,1.000000,1.000000,0.000000,0.000000,0.000000,4536.259000
24.000000,0.000000,1.000000,32.700000,0.000000,1.000000,0.000000,1.000000,0.000000,0.000000,0.000000,34472.841000
62.000000,0.000000,1.000000,30.020000,0.000000,0.000000,1.000000,0.000000,0.000000,1.000000,0.000000,13352.099800
32.000000,0.000000,1.000000,28.120000,4.000000,1.000000,0.000000,0.000000,0.000000,1.000000,0.000000,21472.478800
40.000000,0.000000,1.000000,34.105000,1.000000,0.000000,1.000000,0.000000,0.000000,0.000000,1.000000,6600.205950
18.000000,0.000000,1.000000,39.140000,0.000000,0.000000,1.000000,0.000000,0.000000,0.000000,1.000000,12890.057650
27.000000,1.000000,0.000000,34.800000,1.000000,0.000000,1.000000,1.000000,0.000000,0.000000,0.000000,3577.999000
29.000000,0.000000,1.000000,22.515000,3.000000,0.000000,1.000000,0.000000,0.000000,0.000000,1.000000,5209.578850
51.000000,1.000000,0.000000,37.050000,3.000000,1.000000,0.000000,0.000000,0.000000,0.000000,1.000000,46255.112500
55.000000,1.000000,0.000000,33.535000,2.000000,0.000000,1.000000,0.000000,0.000000,1.000000,0.000000,12269.688650
27.000000,0.000000,1.000000,31.130000,1.000000,1.000000,0.000000,0.000000,1.000000,0.000000,0.000000,34806.467700
42.000000,1.000000,0.000000,36.195000,1.000000,0.000000,1.000000,0.000000,0.000000,1.000000,0.000000,7443.643050
23.000000,0.000000,1.000000,50.380000,1.000000,0.000000,1.000000,0.000000,1.000000,0.000000,0.000000,2438.055200
30.000000,1.000000,0.000000,21.945000,1.000000,0.000000,1.000000,0.000000,0.000000,0.000000,1.000000,4718.203550
24.000000,1.000000,0.000000,33.990000,0.000000,0.000000,1.000000,0.000000,1.000000,0.000000,0.000000,2473.334100
20.000000,0.000000,1.000000,35.625000,3.000000,1.000000,0.000000,0.000000,0.000000,1.000000,0.000000,37465.343750
18.000000,1.000000,0.000000,31.350000,4.000000,0.000000,1.000000,0.000000,0.000000,0.000000,1.000000,4561.188500
46.000000,1.000000,0.000000,32.300000,2.000000,0.000000,1.000000,0.000000,0.000000,0.000000,1.000000,9411.005000
58.000000,1.000000,0.000000,33.100000,0.000000,0.000000,1.000000,1.000000,0.000000,0.000000,0.000000,11848.141000
44.000000,0.000000,1.000000,37.100000,2.000000,0.000000,1.000000,1.000000,0.000000,0.000000,0.000000,7740.337000
54.000000,0.000000,1.000000,33.630000,1.000000,0.000000,1.000000,0.000000,0.000000,1.000000,0.000000,10825.253700
21.000000,1.000000,0.000000,25.800000,0.000000,0.000000,1.000000,1.000000,0.000000,0.000000,0.000000,2007.945000
36.000000,0.000000,1.000000,29.700000,0.000000,0.000000,1.000000,0.000000,1.000000,0.000000,0.000000,4399.731000
43.000000,0.000000,1.000000,25.520000,5.000000,0.000000,1.000000,0.000000,1.000000,0.000000,0.000000,14478.330150
63.000000,0.000000,1.000000,21.660000,1.000000,0.000000,1.000000,0.000000,0.000000,1.000000,0.000000,14349.854400
28.000000,0.000000,1.000000,29.260000,2.000000,0.000000,1.000000,0.000000,0.000000,0.000000,1.000000,4438.263400
36.000000,0.000000,1.000000,41.895000,3.000000,1.000000,0.000000,0.000000,0.000000,0.000000,1.000000,43753.337050
37.000000,1.000000,0.000000,23.370000,2.000000,0.000000,1.000000,0.000000,0.000000,1.000000,0.000000,6686.431300
18.000000,1.000000,0.000000,36.850000,0.000000,0.000000,1.000000,0.000000,1.000000,0.000000,0.000000,1629.833500
63.000000,1.000000,0.000000,37.700000,0.000000,1.000000,0.000000,1.000000,0.000000,0.000000,0.000000,48824.450000
31.000000,0.000000,1.000000,26.885000,1.000000,0.000000,1.000000,0.000000,0.000000,0.000000,1.000000,4441.213150
27.000000,0.000000,1.000000,30.300000,3.000000,0.000000,1.000000,1.000000,0.000000,0.000000,0.000000,4260.744000
52.000000,1.000000,0.000000,46.750000,5.000000,0.000000,1.000000,0.000000,1.000000,0.000000,0.000000,12592.534500
32.000000,0.000000,1.000000,31.500000,1.000000,0.000000,1.000000,1.000000,0.000000,0.000000,0.000000,4076.497000
26.000000,0.000000,1.000000,29.450000,0.000000,0.000000,1.000000,0.000000,0.000000,0.000000,1.000000,2897.323500
18.000000,0.000000,1.000000,34.100000,0.000000,0.000000,1.000000,0.000000,1.000000,0.000000,0.000000,1137.011000
49.000000,0.000000,1.000000,30.300000,0.000000,0.000000,1.000000,1.000000,0.000000,0.000000,0.000000,8116.680000
33.000000,0.000000,1.000000,24.605000,2.000000,0.000000,1.000000,0.000000,0.000000,1.000000,0.000000,5257.507950
43.000000,0.000000,1.000000,30.100000,1.000000,0.000000,1.000000,1.000000,0.000000,0.000000,0.000000,6849.026000
51.000000,1.000000,0.000000,34.200000,1.000000,0.000000,1.000000,1.000000,0.000000,0.000000,0.000000,9872.701000
52.000000,0.000000,1.000000,34.485000,3.000000,1.000000,0.000000,0.000000,0.000000,1.000000,0.000000,60021.398970
55.000000,0.000000,1.000000,35.245000,1.000000,0.000000,1.000000,0.000000,0.000000,0.000000,1.000000,11394.065550
21.000000,0.000000,1.000000,23.210000,0.000000,0.000000,1.000000,0.000000,1.000000,0.000000,0.000000,1515.344900
19.000000,0.000000,1.000000,34.800000,0.000000,1.000000,0.000000,1.000000,0.000000,0.000000,0.000000,34779.615000
39.000000,0.000000,1.000000,29.925000,1.000000,1.000000,0.000000,0.000000,0.000000,0.000000,1.000000,22462.043750
58.000000,0.000000,1.000000,36.080000,0.000000,0.000000,1.000000,0.000000,1.000000,0.000000,0.000000,11363.283200
45.000000,0.000000,1.000000,36.480000,2.000000,1.000000,0.000000,0.000000,0.000000,1.000000,0.000000,42760.502200
62.000000,1.000000,0.000000,32.680000,0.000000,0.000000,1.000000,0.000000,0.000000,1.000000,0.000000,13844.797200
23.000000,1.000000,0.000000,36.670000,2.000000,1.000000,0.000000,0.000000,0.000000,0.000000,1.000000,38511.628300
60.000000,0.000000,1.000000,28.900000,0.000000,0.000000,1.000000,1.000000,0.000000,0.000000,0.000000,12146.971000
43.000000,1.000000,0.000000,24.700000,2.000000,1.000000,0.000000,0.000000,0.000000,1.000000,0.000000,21880.820000
33.000000,0.000000,1.000000,33.440000,5.000000,0.000000,1.000000,0.000000,1.000000,0.000000,0.000000,6653.788600
31.000000,1.000000,0.000000,25.800000,2.000000,0.000000,1.000000,1.000000,0.000000,0.000000,0.000000,4934.705000
56.000000,0.000000,1.000000,19.950000,0.000000,1.000000,0.000000,0.000000,0.000000,0.000000,1.000000,22412.648500
20.000000,0.000000,1.000000,27.300000,0.000000,1.000000,0.000000,1.000000,0.000000,0.000000,0.000000,16232.847000
61.000000,0.000000,1.000000,36.100000,3.000000,0.000000,1.000000,1.000000,0.000000,0.000000,0.000000,27941.287580
18.000000,1.000000,0.000000,30.115000,0.000000,0.000000,1.000000,0.000000,0.000000,0.000000,1.000000,21344.846700
25.000000,0.000000,1.000000,45.540000,2.000000,1.000000,0.000000,0.000000,1.000000,0.000000,0.000000,42112.235600
23.000000,0.000000,1.000000,32.560000,0.000000,0.000000,1.000000,0.000000,1.000000,0.000000,0.000000,1824.285400
36.000000,0.000000,1.000000,34.430000,2.000000,0.000000,1.000000,0.000000,1.000000,0.000000,0.000000,5584.305700
24.000000,0.000000,1.000000,25.800000,0.000000,0.000000,1.000000,1.000000,0.000000,0.000000,0.000000,1972.950000
22.000000,0.000000,1.000000,37.070000,2.000000,1.000000,0.000000,0.000000,1.000000,0.000000,0.000000,37484.449300
51.000000,0.000000,1.000000,30.030000,1.000000,0.000000,1.000000,0.000000,1.000000,0.000000,0.000000,9377.904700
26.000000,0.000000,1.000000,30.000000,1.000000,0.000000,1.000000,1.000000,0.000000,0.000000,0.000000,2904.088000
51.000000,0.000000,1.000000,31.635000,0.000000,0.000000,1.000000,0.000000,0.000000,1.000000,0.000000,9174.135650
64.000000,1.000000,0.000000,39.700000,0.000000,0.000000,1.000000,1.000000,0.000000,0.000000,0.000000,14319.031000
64.000000,1.000000,0.000000,39.330000,0.000000,0.000000,1.000000,0.000000,0.000000,0.000000,1.000000,14901.516700
31.000000,1.000000,0.000000,29.100000,0.000000,0.000000,1.000000,1.000000,0.000000,0.000000,0.000000,3761.292000
28.000000,0.000000,1.000000,26.980000,2.000000,0.000000,1.000000,0.000000,0.000000,0.000000,1.000000,4435.094200
63.000000,1.000000,0.000000,31.800000,0.000000,0.000000,1.000000,1.000000,0.000000,0.000000,0.000000,13880.949000
53.000000,1.000000,0.000000,38.060000,3.000000,0.000000,1.000000,0.000000,1.000000,0.000000,0.000000,20462.997660
63.000000,0.000000,1.000000,35.090000,0.000000,1.000000,0.000000,0.000000,1.000000,0.000000,0.000000,47055.532100
19.000000,1.000000,0.000000,40.500000,0.000000,0.000000,1.000000,1.000000,0.000000,0.000000,0.000000,1759.338000
54.000000,0.000000,1.000000,39.600000,1.000000,0.000000,1.000000,1.000000,0.000000,0.000000,0.000000,10450.552000
47.000000,1.000000,0.000000,45.320000,1.000000,0.000000,1.000000,0.000000,1.000000,0.000000,0.000000,8569.861800
20.000000,0.000000,1.000000,33.330000,0.000000,0.000000,1.000000,0.000000,1.000000,0.000000,0.000000,1391.528700
19.000000,1.000000,0.000000,27.900000,0.000000,1.000000,0.000000,1.000000,0.000000,0.000000,0.000000,16884.924000
60.000000,0.000000,1.000000,40.920000,0.000000,1.000000,0.000000,0.000000,1.000000,0.000000,0.000000,48673.558800
27.000000,0.000000,1.000000,29.150000,0.000000,1.000000,0.000000,0.000000,1.000000,0.000000,0.000000,18246.495500
24.000000,0.000000,1.000000,29.300000,0.000000,0.000000,1.000000,1.000000,0.000000,0.000000,0.000000,1977.815000
49.000000,0.000000,1.000000,35.860000,0.000000,0.000000,1.000000,0.000000,1.000000,0.000000,0.000000,8124.408400
48.000000,1.000000,0.000000,27.360000,1.000000,0.000000,1.000000,0.000000,0.000000,0.000000,1.000000,9447.382400
52.000000,0.000000,1.000000,41.800000,2.000000,1.000000,0.000000,0.000000,1.000000,0.000000,0.000000,47269.854000
30.000000,0.000000,1.000000,31.400000,1.000000,0.000000,1.000000,1.000000,0.000000,0.000000,0.000000,3659.346000
19.000000,1.000000,0.000000,32.900000,0.000000,0.000000,1.000000,1.000000,0.000000,0.000000,0.000000,1748.774000
43.000000,0.000000,1.000000,32.600000,2.000000,0.000000,1.000000,1.000000,0.000000,0.000000,0.000000,7441.501000
56.000000,1.000000,0.000000,33.820000,2.000000,0.000000,1.000000,0.000000,0.000000,1.000000,0.000000,12643.377800
25.000000,0.000000,1.000000,23.900000,5.000000,0.000000,1.000000,1.000000,0.000000,0.000000,0.000000,5080.096000
38.000000,0.000000,1.000000,31.000000,1.000000,0.000000,1.000000,1.000000,0.000000,0.000000,0.000000,5488.262000
46.000000,1.000000,0.000000,48.070000,2.000000,0.000000,1.000000,0.000000,0.000000,0.000000,1.000000,9432.925300
45.000000,1.000000,0.000000,31.790000,0.000000,0.000000,1.000000,0.000000,1.000000,0.000000,0.000000,17929.303370
54.000000,0.000000,1.000000,30.210000,0.000000,0.000000,1.000000,0.000000,0.000000,1.000000,0.000000,10231.499900
18.000000,0.000000,1.000000,23.750000,0.000000,0.000000,1.000000,0.000000,0.000000,0.000000,1.000000,1705.624500
31.000000,1.000000,0.000000,29.260000,1.000000,0.000000,1.000000,0.000000,1.000000,0.000000,0.000000,4350.514400
41.000000,1.000000,0.000000,33.060000,2.000000,0.000000,1.000000,0.000000,0.000000,1.000000,0.000000,7749.156400
32.000000,0.000000,1.000000,33.630000,1.000000,1.000000,0.000000,0.000000,0.000000,0.000000,1.000000,37607.527700
35.000000,0.000000,1.000000,27.100000,1.000000,0.000000,1.000000,1.000000,0.000000,0.000000,0.000000,4746.344000
49.000000,0.000000,1.000000,37.510000,2.000000,0.000000,1.000000,0.000000,1.000000,0.000000,0.000000,9304.701900
38.000000,0.000000,1.000000,28.025000,1.000000,0.000000,1.000000,0.000000,0.000000,0.000000,1.000000,6067.126750
26.000000,0.000000,1.000000,27.060000,0.000000,1.000000,0.000000,0.000000,1.000000,0.000000,0.000000,17043.341400
19.000000,1.000000,0.000000,35.150000,0.000000,0.000000,1.000000,0.000000,0.000000,1.000000,0.000000,2134.901500
63.000000,0.000000,1.000000,41.470000,0.000000,0.000000,1.000000,0.000000,1.000000,0.000000,0.000000,13405.390300
62.000000,0.000000,1.000000,21.400000,0.000000,0.000000,1.000000,1.000000,0.000000,0.000000,0.000000,12957.118000
51.000000,0.000000,1.000000,24.795000,2.000000,1.000000,0.000000,0.000000,0.000000,1.000000,0.000000,23967.383050
47.000000,0.000000,1.000000,36.200000,1.000000,0.000000,1.000000,1.000000,0.000000,0.000000,0.000000,8068.185000
50.000000,0.000000,1.000000,32.300000,2.000000,0.000000,1.000000,1.000000,0.000000,0.000000,0.000000,9630.397000
49.000000,0.000000,1.000000,22.515000,0.000000,0.000000,1.000000,0.000000,0.000000,0.000000,1.000000,8688.858850
21.000000,0.000000,1.000000,25.700000,4.000000,1.000000,0.000000,1.000000,0.000000,0.000000,0.000000,17942.106000
60.000000,0.000000,1.000000,28.595000,0.000000,0.000000,1.000000,0.000000,0.000000,0.000000,1.000000,30259.995560
32.000000,1.000000,0.000000,41.100000,0.000000,0.000000,1.000000,1.000000,0.000000,0.000000,0.000000,3989.841000
50.000000,0.000000,1.000000,32.110000,2.000000,0.000000,1.000000,0.000000,0.000000,0.000000,1.000000,25333.332840
25.000000,1.000000,0.000000,24.300000,3.000000,0.000000,1.000000,1.000000,0.000000,0.000000,0.000000,4391.652000
41.000000,1.000000,0.000000,32.600000,3.000000,0.000000,1.000000,1.000000,0.000000,0.000000,0.000000,7954.517000
18.000000,1.000000,0.000000,39.820000,0.000000,0.000000,1.000000,0.000000,1.000000,0.000000,0.000000,1633.961800
22.000000,1.000000,0.000000,21.280000,3.000000,0.000000,1.000000,0.000000,0.000000,1.000000,0.000000,4296.271200
24.000000,1.000000,0.000000,27.600000,0.000000,0.000000,1.000000,1.000000,0.000000,0.000000,0.000000,18955.220170
55.000000,1.000000,0.000000,30.140000,2.000000,0.000000,1.000000,0.000000,1.000000,0.000000,0.000000,11881.969600
42.000000,1.000000,0.000000,26.180000,1.000000,0.000000,1.000000,0.000000,1.000000,0.000000,0.000000,7046.722200
61.000000,0.000000,1.000000,28.310000,1.000000,1.000000,0.000000,0.000000,0.000000,1.000000,0.000000,28868.663900
61.000000,0.000000,1.000000,32.300000,2.000000,0.000000,1.000000,0.000000,0.000000,1.000000,0.000000,14119.620000
