1,1423.017534
2,1094.826066
3,933.654268
4,818.335668
5,725.756738
6,649.501929
7,586.355086
8,533.998185
9,490.568381
10,454.532225
11,424.621219
12,399.784994
13,379.153610
14,362.006523
15,347.746901
16,335.880372
17,325.997419
18,317.758802
19,310.883483
20,305.138634
21,300.331351
22,296.301801
23,292.917542
24,290.068821
25,287.664676
26,285.629716
27,283.901445
28,282.428050
29,281.166570
30,280.081377
31,279.142920
32,278.326682
33,277.612320
34,276.982946
35,276.424541
36,275.925461
37,275.476032
38,275.068214
39,274.695320
40,274.351787
41,274.032986
42,273.735059
43,273.454792
44,273.189502
45,272.936951
46,272.695267
47,272.462885
48,272.238494
49,272.020993
50,271.809460
51,271.603118
52,271.401311
53,271.203488
54,271.009181
55,270.817993
56,270.629587
57,270.443678
58,270.260019
59,270.078401
60,269.898643
61,269.720590
62,269.544107
63,269.369077
64,269.195399
65,269.022984
66,268.851754
67,268.681640
68,268.512581
69,268.344523
70,268.177419
71,268.011225
72,267.845903
73,267.681418
74,267.517740
75,267.354839
76,267.192689
77,267.031268
78,266.870554
79,266.710526
80,266.551167
81,266.392461
82,266.234391
83,266.076944
84,265.920106
85,265.763864
86,265.608209
87,265.453128
88,265.298612
89,265.144652
90,264.991239
91,264.838365
92,264.686022
93,264.534203
94,264.382901
95,264.232110
96,264.081824
97,263.932037
98,263.782743
99,263.633939
100,263.485618
101,263.337776
102,263.190410
103,263.043514
104,262.897085
105,262.751120
106,262.605613
107,262.460563
108,262.315966
109,262.171819
110,262.028118
111,261.884861
112,261.742046
113,261.599668
114,261.457727
115,261.316219
116,261.175142
117,261.034494
118,260.894273
119,260.754475
120,260.615100
121,260.476145
122,260.337609
123,260.199488
124,260.061782
125,259.924489
126,259.787607
127,259.651134
128,259.515068
129,259.379407
130,259.244151
131,259.109298
132,258.974845
133,258.840792
134,258.707137
135,258.573878
136,258.441014
137,258.308543
138,258.176465
139,258.044777
140,257.913479
141,257.782568
142,257.652044
143,257.521906
144,257.392151
145,257.262779
146,257.133788
147,257.005178
148,256.876946
149,256.749091
150,256.621613
151,256.494511
152,256.367782
153,256.241425
154,256.115440
155,255.989826
156,255.864580
157,255.739702
158,255.615191
159,255.491046
160,255.367265
161,255.243847
162,255.120791
163,254.998097
164,254.875762
165,254.753786
166,254.632167
167,254.510905
168,254.389999
169,254.269446
170,254.149247
171,254.029400
172,253.909904
173,253.790758
174,253.671961
175,253.553512
176,253.435409
177,253.317652
178,253.200240
179,253.083171
180,252.966444
181,252.850059
182,252.734015
183,252.618310
184,252.502943
185,252.387913
186,252.273220
187,252.158862
188,252.044838
189,251.931147
190,251.817789
191,251.704761
192,251.592064
193,251.479696
194,251.367656
195,251.255944
196,251.144557
197,251.033496
198,250.922759
199,250.812345
200,250.702253
201,250.592483
202,250.483033
203,250.373902
204,250.265089
205,250.156594
206,250.048416
207,249.940552
208,249.833004
209,249.725769
210,249.618846
211,249.512235
212,249.405935
213,249.299944
214,249.194263
215,249.088889
216,248.983822
217,248.879061
218,248.774606
219,248.670454
220,248.566606
221,248.463060
222,248.359816
223,248.256872
224,248.154228
225,248.051882
226,247.949834
227,247.848083
228,247.746628
229,247.645468
230,247.544603
231,247.444031
232,247.343751
233,247.243762
234,247.144065
235,247.044657
236,246.945538
237,246.846707
238,246.748163
239,246.649906
240,246.551934
241,246.454246
242,246.356842
243,246.259721
244,246.162882
245,246.066325
246,245.970047
247,245.874049
248,245.778329
249,245.682888
250,245.587723
251,245.492834
252,245.398221
253,245.303881
254,245.209816
255,245.116023
256,245.022502
257,244.929252
258,244.836273
259,244.743563
260,244.651122
261,244.558948
262,244.467042
263,244.375401
264,244.284026
265,244.192916
266,244.102070
267,244.011486
268,243.921165
269,243.831105
270,243.741306
271,243.651767
272,243.562486
273,243.473464
274,243.384700
275,243.296192
276,243.207940
277,243.119944
278,243.032202
279,242.944713
280,242.857477
281,242.770493
282,242.683761
283,242.597279
284,242.511047
285,242.425065
286,242.339330
287,242.253843
288,242.168603
289,242.083609
290,241.998860
291,241.914355
292,241.830095
293,241.746078
294,241.662303
295,241.578769
296,241.495477
297,241.412425
298,241.329612
299,241.247038
300,241.164702
301,241.082603
302,241.000741
303,240.919114
304,240.837723
305,240.756566
306,240.675643
307,240.594953
308,240.514495
309,240.434269
310,240.354274
311,240.274509
312,240.194973
313,240.115666
314,240.036588
315,239.957736
316,239.879112
317,239.800713
318,239.722540
319,239.644592
320,239.566868
321,239.489367
322,239.412088
323,239.335032
324,239.258197
325,239.181583
326,239.105188
327,239.029013
328,238.953057
329,238.877318
330,238.801797
331,238.726493
332,238.651404
333,238.576531
334,238.501873
335,238.427429
336,238.353198
337,238.279180
338,238.205374
339,238.131780
340,238.058396
341,237.985223
342,237.912259
343,237.839504
344,237.766958
345,237.694619
346,237.622487
347,237.550562
348,237.478842
349,237.407328
350,237.336018
351,237.264912
352,237.194010
353,237.123310
354,237.052812
355,236.982516
356,236.912421
357,236.842526
358,236.772830
359,236.703334
360,236.634036
361,236.564936
362,236.496034
363,236.427328
364,236.358818
365,236.290503
366,236.222384
367,236.154458
368,236.086727
369,236.019188
370,235.951842
371,235.884689
372,235.817726
373,235.750954
374,235.684373
375,235.617981
376,235.551778
377,235.485764
378,235.419938
379,235.354299
380,235.288847
381,235.223581
382,235.158501
383,235.093605
384,235.028895
385,234.964368
386,234.900025
387,234.835865
388,234.771887
389,234.708091
390,234.644476
391,234.581042
392,234.517788
393,234.454714
394,234.391818
395,234.329102
396,234.266563
397,234.204201
398,234.142017
399,234.080009
400,234.018176
401,233.956519
402,233.895037
403,233.833729
404,233.772595
405,233.711634
406,233.650845
407,233.590229
408,233.529784
409,233.469511
410,233.409408
411,233.349475
412,233.289712
413,233.230117
414,233.170692
415,233.111434
416,233.052344
417,232.993421
418,232.934664
419,232.876073
420,232.817648
421,232.759388
422,232.701293
423,232.643361
424,232.585593
425,232.527988
426,232.470545
427,232.413265
428,232.356146
429,232.299188
430,232.242391
431,232.185753
432,232.129276
433,232.072957
434,232.016797
435,231.960796
436,231.904952
437,231.849265
438,231.793735
439,231.738361
440,231.683143
441,231.628080
442,231.573172
443,231.518419
444,231.463819
445,231.409373
446,231.355080
447,231.300939
448,231.246951
449,231.193114
450,231.139428
451,231.085893
452,231.032508
453,230.979273
454,230.926187
455,230.873250
456,230.820461
457,230.767821
458,230.715328
459,230.662982
460,230.610783
461,230.558729
462,230.506822
463,230.455060
464,230.403443
465,230.351970
466,230.300642
467,230.249456
468,230.198414
469,230.147515
470,230.096758
471,230.046143
472,229.995669
473,229.945336
474,229.895144
475,229.845092
476,229.795180
477,229.745407
478,229.695772
479,229.646276
480,229.596919
481,229.547699
482,229.498616
483,229.449669
484,229.400860
485,229.352186
486,229.303648
487,229.255244
488,229.206976
489,229.158842
490,229.110842
491,229.062975
492,229.015241
493,228.967641
494,228.920172
495,228.872835
496,228.825630
497,228.778556
498,228.731613
499,228.684800
500,228.638117
501,228.591563
502,228.545139
503,228.498843
504,228.452676
505,228.406637
506,228.360725
507,228.314941
508,228.269283
509,228.223752
510,228.178347
511,228.133067
512,228.087913
513,228.042884
514,227.997979
515,227.953198
516,227.908541
517,227.864008
518,227.819598
519,227.775310
520,227.731145
521,227.687101
522,227.643179
523,227.599379
524,227.555699
525,227.512140
526,227.468700
527,227.425381
528,227.382181
529,227.339099
530,227.296137
531,227.253293
532,227.210567
533,227.167958
534,227.125467
535,227.083092
536,227.040834
537,226.998692
538,226.956666
539,226.914756
540,226.872960
541,226.831280
542,226.789713
543,226.748261
544,226.706923
545,226.665698
546,226.624586
547,226.583587
548,226.542700
549,226.501925
550,226.461262
551,226.420710
552,226.380270
553,226.339939
554,226.299720
555,226.259610
556,226.219610
557,226.179719
558,226.139938
559,226.100265
560,226.060700
561,226.021244
562,225.981895
563,225.942654
564,225.903519
565,225.864492
566,225.825571
567,225.786756
568,225.748046
569,225.709443
570,225.670944
571,225.632550
572,225.594261
573,225.556076
574,225.517994
575,225.480017
576,225.442142
577,225.404371
578,225.366702
579,225.329135
580,225.291671
581,225.254308
582,225.217046
583,225.179886
584,225.142826
585,225.105867
586,225.069008
587,225.032249
588,224.995590
589,224.959030
590,224.922569
591,224.886206
592,224.849942
593,224.813776
594,224.777708
595,224.741737
596,224.705863
597,224.670086
598,224.634406
599,224.598823
600,224.563335
601,224.527943
602,224.492646
603,224.457445
604,224.422338
605,224.387326
606,224.352409
607,224.317585
608,224.282855
609,224.248219
610,224.213676
611,224.179225
612,224.144868
613,224.110602
614,224.076429
615,224.042347
616,224.008357
617,223.974458
618,223.940650
619,223.906933
620,223.873306
621,223.839769
622,223.806323
623,223.772965
624,223.739697
625,223.706518
626,223.673428
627,223.640427
628,223.607513
629,223.574688
630,223.541950
631,223.509300
632,223.476736
633,223.444260
634,223.411871
635,223.379567
636,223.347350
637,223.315219
638,223.283174
639,223.251214
640,223.219338
641,223.187548
642,223.155843
643,223.124221
644,223.092684
645,223.061230
646,223.029861
647,222.998574
648,222.967371
649,222.936250
650,222.905212
651,222.874256
652,222.843382
653,222.812590
654,222.781880
655,222.751251
656,222.720703
657,222.690236
658,222.659849
659,222.629543
660,222.599317
661,222.569171
662,222.539105
663,222.509117
664,222.479209
665,222.449380
666,222.419630
667,222.389958
668,222.360364
669,222.330848
670,222.301410
671,222.272050
672,222.242766
673,222.213560
674,222.184430
675,222.155377
676,222.126401
677,222.097500
678,222.068676
679,222.039927
680,222.011253
681,221.982655
682,221.954131
683,221.925682
684,221.897308
685,221.869008
686,221.840782
687,221.812630
688,221.784552
689,221.756547
690,221.728615
691,221.700756
692,221.672970
693,221.645256
694,221.617615
695,221.590046
696,221.562548
697,221.535122
698,221.507768
699,221.480485
700,221.453273
701,221.426131
702,221.399061
703,221.372060
704,221.345130
705,221.318269
706,221.291479
707,221.264758
708,221.238106
709,221.211523
710,221.185009
711,221.158564
712,221.132187
713,221.105879
714,221.079639
715,221.053466
716,221.027361
717,221.001324
718,220.975354
719,220.949450
720,220.923614
721,220.897844
722,220.872141
723,220.846504
724,220.820933
725,220.795428
726,220.769989
727,220.744615
728,220.719306
729,220.694062
730,220.668883
731,220.643769
732,220.618719
733,220.593734
734,220.568812
735,220.543955
736,220.519161
737,220.494430
738,220.469763
739,220.445159
740,220.420618
741,220.396140
742,220.371724
743,220.347371
744,220.323080
745,220.298850
746,220.274683
747,220.250577
748,220.226533
749,220.202549
750,220.178627
751,220.154766
752,220.130966
753,220.107225
754,220.083546
755,220.059926
756,220.036366
757,220.012867
758,219.989426
759,219.966046
760,219.942724
761,219.919461
762,219.896258
763,219.873113
764,219.850026
765,219.826998
766,219.804028
767,219.781117
768,219.758263
769,219.735466
770,219.712727
771,219.690046
772,219.667421
773,219.644854
774,219.622343
775,219.599889
776,219.577491
777,219.555150
778,219.532865
779,219.510635
780,219.488462
781,219.466344
782,219.444281
783,219.422274
784,219.400322
785,219.378425
786,219.356583
787,219.334795
788,219.313061
789,219.291382
790,219.269757
791,219.248186
792,219.226669
793,219.205206
794,219.183796
795,219.162439
796,219.141135
797,219.119885
798,219.098687
799,219.077542
800,219.056449
801,219.035409
802,219.014421
803,218.993485
804,218.972600
805,218.951768
806,218.930987
807,218.910258
808,218.889579
809,218.868952
810,218.848376
811,218.827851
812,218.807376
813,218.786952
814,218.766578
815,218.746255
816,218.725981
817,218.705757
818,218.685583
819,218.665459
820,218.645384
821,218.625358
822,218.605382
823,218.585454
824,218.565575
825,218.545746
826,218.525964
827,218.506231
828,218.486546
829,218.466910
830,218.447321
831,218.427780
832,218.408287
833,218.388842
834,218.369443
835,218.350092
836,218.330789
837,218.311532
838,218.292322
839,218.273158
840,218.254042
841,218.234971
842,218.215947
843,218.196969
844,218.178037
845,218.159151
846,218.140311
847,218.121516
848,218.102766
849,218.084062
850,218.065403
851,218.046790
852,218.028221
853,218.009696
854,217.991217
855,217.972782
856,217.954391
857,217.936045
858,217.917742
859,217.899484
860,217.881269
861,217.863098
862,217.844971
863,217.826887
864,217.808846
865,217.790849
866,217.772895
867,217.754983
868,217.737114
869,217.719288
870,217.701505
871,217.683764
872,217.666065
873,217.648408
874,217.630794
875,217.613221
876,217.595690
877,217.578201
878,217.560753
879,217.543347
880,217.525981
881,217.508657
882,217.491375
883,217.474132
884,217.456931
885,217.439771
886,217.422650
887,217.405571
888,217.388531
889,217.371532
890,217.354573
891,217.337654
892,217.320774
893,217.303934
894,217.287134
895,217.270374
896,217.253652
897,217.236970
898,217.220327
899,217.203723
900,217.187157
901,217.170631
902,217.154143
903,217.137694
904,217.121283
905,217.104910
906,217.088575
907,217.072279
908,217.056020
909,217.039800
910,217.023617
911,217.007471
912,216.991363
913,216.975293
914,216.959259
915,216.943263
916,216.927304
917,216.911382
918,216.895497
919,216.879648
920,216.863836
921,216.848060
922,216.832321
923,216.816618
924,216.800951
925,216.785321
926,216.769726
927,216.754167
928,216.738643
929,216.723156
930,216.707704
931,216.692287
932,216.676906
933,216.661559
934,216.646248
935,216.630972
936,216.615731
937,216.600524
938,216.585352
939,216.570215
940,216.555112
941,216.540044
942,216.525009
943,216.510009
944,216.495043
945,216.480111
946,216.465213
947,216.450348
948,216.435518
949,216.420720
950,216.405956
951,216.391226
952,216.376529
953,216.361864
954,216.347233
955,216.332635
956,216.318070
957,216.303537
958,216.289037
959,216.274570
960,216.260135
961,216.245732
962,216.231362
963,216.217024
964,216.202718
965,216.188444
966,216.174201
967,216.159991
968,216.145812
969,216.131665
970,216.117549
971,216.103465
972,216.089412
973,216.075390
974,216.061399
975,216.047439
976,216.033511
977,216.019613
978,216.005745
979,215.991909
980,215.978103
981,215.964327
982,215.950582
983,215.936867
984,215.923183
985,215.909528
986,215.895904
987,215.882309
988,215.868744
989,215.855209
990,215.841704
991,215.828228
992,215.814782
993,215.801365
994,215.787977
995,215.774619
996,215.761289
997,215.747989
998,215.734718
999,215.721476
1000,215.708262
1001,215.695077
1002,215.681921
1003,215.668793
1004,215.655693
1005,215.642622
1006,215.629580
1007,215.616565
1008,215.603579
1009,215.590620
1010,215.577690
1011,215.564787
1012,215.551912
1013,215.539065
1014,215.526245
1015,215.513453
1016,215.500688
1017,215.487951
1018,215.475241
1019,215.462558
1020,215.449902
1021,215.437273
1022,215.424672
1023,215.412097
1024,215.399548
1025,215.387027
1026,215.374532
1027,215.362064
1028,215.349622
1029,215.337207
1030,215.324817
1031,215.312454
1032,215.300118
1033,215.287807
1034,215.275522
1035,215.263264
1036,215.251031
1037,215.238823
1038,215.226642
1039,215.214486
1040,215.202356
1041,215.190251
1042,215.178171
1043,215.166117
1044,215.154088
1045,215.142084
1046,215.130105
1047,215.118151
1048,215.106223
1049,215.094319
1050,215.082439
1051,215.070585
1052,215.058755
1053,215.046950
1054,215.035169
1055,215.023412
1056,215.011680
1057,214.999972
1058,214.988289
1059,214.976629
1060,214.964994
1061,214.953382
1062,214.941794
1063,214.930231
1064,214.918691
1065,214.907174
1066,214.895682
1067,214.884212
1068,214.872767
1069,214.861344
1070,214.849945
1071,214.838570
1072,214.827217
1073,214.815888
1074,214.804582
1075,214.793298
1076,214.782038
1077,214.770800
1078,214.759586
1079,214.748394
1080,214.737224
1081,214.726078
1082,214.714953
1083,214.703851
1084,214.692772
1085,214.681715
1086,214.670680
1087,214.659667
1088,214.648677
1089,214.637708
1090,214.626762
1091,214.615837
1092,214.604934
1093,214.594053
1094,214.583194
1095,214.572356
1096,214.561540
1097,214.550746
1098,214.539973
1099,214.529221
1100,214.518491
1101,214.507782
1102,214.497094
1103,214.486427
1104,214.475782
1105,214.465157
1106,214.454554
1107,214.443971
1108,214.433409
1109,214.422868
1110,214.412348
1111,214.401848
1112,214.391369
1113,214.380910
1114,214.370472
1115,214.360054
1116,214.349657
1117,214.339279
1118,214.328923
1119,214.318586
1120,214.308269
1121,214.297972
1122,214.287696
1123,214.277439
1124,214.267202
1125,214.256985
1126,214.246788
1127,214.236610
1128,214.226452
1129,214.216314
1130,214.206195
1131,214.196095
1132,214.186015
1133,214.175954
1134,214.165913
1135,214.155891
1136,214.145888
1137,214.135904
1138,214.125939
1139,214.115993
1140,214.106066
1141,214.096157
1142,214.086268
1143,214.076398
1144,214.066546
1145,214.056713
1146,214.046898
1147,214.037102
1148,214.027324
1149,214.017565
1150,214.007825
1151,213.998102
1152,213.988398
1153,213.978712
1154,213.969044
1155,213.959395
1156,213.949763
1157,213.940149
1158,213.930554
1159,213.920976
1160,213.911416
1161,213.901874
1162,213.892350
1163,213.882843
1164,213.873354
1165,213.863882
1166,213.854428
1167,213.844992
1168,213.835573
1169,213.826171
1170,213.816786
1171,213.807419
1172,213.798069
1173,213.788737
1174,213.779421
1175,213.770122
1176,213.760841
1177,213.751576
1178,213.742328
1179,213.733098
1180,213.723884
1181,213.714686
1182,213.705506
1183,213.696342
1184,213.687194
1185,213.678064
1186,213.668949
1187,213.659852
1188,213.650770
1189,213.641705
1190,213.632657
1191,213.623624
1192,213.614608
1193,213.605608
1194,213.596624
1195,213.587656
1196,213.578704
1197,213.569769
1198,213.560849
1199,213.551945
1200,213.543057
1201,213.534184
1202,213.525328
1203,213.516487
1204,213.507661
1205,213.498852
1206,213.490058
1207,213.481279
1208,213.472516
1209,213.463768
1210,213.455036
1211,213.446319
1212,213.437617
1213,213.428931
1214,213.420259
1215,213.411603
1216,213.402962
1217,213.394336
1218,213.385725
1219,213.377129
1220,213.368548
1221,213.359982
1222,213.351431
1223,213.342894
1224,213.334372
1225,213.325865
1226,213.317373
1227,213.308895
1228,213.300432
1229,213.291983
1230,213.283549
1231,213.275129
1232,213.266724
1233,213.258333
1234,213.249956
1235,213.241594
1236,213.233245
1237,213.224911
1238,213.216591
1239,213.208286
1240,213.199994
1241,213.191716
1242,213.183453
1243,213.175203
1244,213.166967
1245,213.158745
1246,213.150537
1247,213.142343
1248,213.134162
1249,213.125995
1250,213.117842
1251,213.109702
1252,213.101576
1253,213.093463
1254,213.085364
1255,213.077279
1256,213.069207
1257,213.061148
1258,213.053102
1259,213.045070
1260,213.037051
1261,213.029045
1262,213.021053
1263,213.013073
1264,213.005107
1265,212.997154
1266,212.989214
1267,212.981286
1268,212.973372
1269,212.965471
1270,212.957582
1271,212.949707
1272,212.941844
1273,212.933994
1274,212.926156
1275,212.918331
1276,212.910519
1277,212.902720
1278,212.894933
1279,212.887159
1280,212.879397
1281,212.871647
1282,212.863910
1283,212.856186
1284,212.848473
1285,212.840773
1286,212.833086
1287,212.825410
1288,212.817747
1289,212.810096
1290,212.802457
1291,212.794830
1292,212.787215
1293,212.779613
1294,212.772022
1295,212.764443
1296,212.756876
1297,212.749321
1298,212.741778
1299,212.734247
1300,212.726727
1301,212.719219
1302,212.711723
1303,212.704239
1304,212.696766
1305,212.689305
1306,212.681855
1307,212.674417
1308,212.666990
1309,212.659575
1310,212.652171
1311,212.644779
1312,212.637398
1313,212.630029
1314,212.622670
1315,212.615323
1316,212.607988
1317,212.600663
1318,212.593350
1319,212.586047
1320,212.578756
1321,212.571476
1322,212.564207
1323,212.556949
1324,212.549702
1325,212.542466
1326,212.535240
1327,212.528026
1328,212.520823
1329,212.513630
1330,212.506448
1331,212.499277
1332,212.492116
1333,212.484967
1334,212.477828
1335,212.470699
1336,212.463581
1337,212.456474
1338,212.449377
1339,212.442291
1340,212.435215
1341,212.428150
1342,212.421095
1343,212.414050
1344,212.407016
1345,212.399992
1346,212.392978
1347,212.385975
1348,212.378982
1349,212.371999
1350,212.365026
1351,212.358063
1352,212.351111
1353,212.344168
1354,212.337236
1355,212.330313
1356,212.323401
1357,212.316498
1358,212.309606
1359,212.302723
1360,212.295850
1361,212.288987
1362,212.282134
1363,212.275291
1364,212.268457
1365,212.261633
1366,212.254819
1367,212.248015
1368,212.241220
1369,212.234435
1370,212.227659
1371,212.220893
1372,212.214136
1373,212.207389
1374,212.200652
1375,212.193924
1376,212.187205
1377,212.180495
1378,212.173795
1379,212.167105
1380,212.160424
1381,212.153751
1382,212.147089
1383,212.140435
1384,212.133791
1385,212.127156
1386,212.120530
1387,212.113913
1388,212.107305
1389,212.100706
1390,212.094116
1391,212.087536
1392,212.080964
1393,212.074401
1394,212.067847
1395,212.061302
1396,212.054766
1397,212.048239
1398,212.041721
1399,212.035211
1400,212.028711
1401,212.022218
1402,212.015735
1403,212.009261
1404,212.002795
1405,211.996337
1406,211.989889
1407,211.983449
1408,211.977017
1409,211.970595
1410,211.964180
1411,211.957774
1412,211.951377
1413,211.944988
1414,211.938607
1415,211.932235
1416,211.925872
1417,211.919516
1418,211.913169
1419,211.906830
1420,211.900500
1421,211.894178
1422,211.887864
1423,211.881558
1424,211.875260
1425,211.868971
1426,211.862690
1427,211.856417
1428,211.850152
1429,211.843895
1430,211.837646
1431,211.831405
1432,211.825172
1433,211.818947
1434,211.812730
1435,211.806521
1436,211.800319
1437,211.794126
1438,211.787941
1439,211.781763
1440,211.775593
1441,211.769431
1442,211.763277
1443,211.757130
1444,211.750992
1445,211.744861
1446,211.738737
1447,211.732621
1448,211.726513
1449,211.720413
1450,211.714320
1451,211.708234
1452,211.702157
1453,211.696086
1454,211.690024
1455,211.683968
1456,211.677920
1457,211.671880
1458,211.665847
1459,211.659821
1460,211.653803
1461,211.647792
1462,211.641789
1463,211.635792
1464,211.629803
1465,211.623822
1466,211.617847
1467,211.611880
1468,211.605920
1469,211.599967
1470,211.594021
1471,211.588083
1472,211.582151
1473,211.576227
1474,211.570310
1475,211.564399
1476,211.558496
1477,211.552600
1478,211.546711
1479,211.540829
1480,211.534953
1481,211.529085
1482,211.523224
1483,211.517369
1484,211.511522
1485,211.505681
1486,211.499847
1487,211.494020
1488,211.488200
1489,211.482386
1490,211.476579
1491,211.470779
1492,211.464986
1493,211.459199
1494,211.453419
1495,211.447646
1496,211.441879
1497,211.436119
1498,211.430366
1499,211.424619
1500,211.418879
1501,211.413145
1502,211.407418
1503,211.401697
1504,211.395983
1505,211.390275
1506,211.384574
1507,211.378879
1508,211.373191
1509,211.367509
1510,211.361833
1511,211.356164
1512,211.350501
1513,211.344844
1514,211.339194
1515,211.333549
1516,211.327912
1517,211.322280
1518,211.316655
1519,211.311036
1520,211.305423
1521,211.299816
1522,211.294216
1523,211.288621
1524,211.283033
1525,211.277451
1526,211.271875
1527,211.266305
1528,211.260741
1529,211.255183
1530,211.249631
1531,211.244085
1532,211.238545
1533,211.233011
1534,211.227483
1535,211.221961
1536,211.216445
1537,211.210934
1538,211.205430
1539,211.199932
1540,211.194439
1541,211.188952
1542,211.183471
1543,211.177996
1544,211.172526
1545,211.167063
1546,211.161605
1547,211.156153
1548,211.150706
1549,211.145266
1550,211.139830
1551,211.134401
1552,211.128977
1553,211.123559
1554,211.118147
1555,211.112740
1556,211.107339
1557,211.101943
1558,211.096553
1559,211.091168
1560,211.085789
1561,211.080415
1562,211.075047
1563,211.069684
1564,211.064327
1565,211.058976
1566,211.053629
1567,211.048288
1568,211.042953
1569,211.037623
1570,211.032298
1571,211.026979
1572,211.021665
1573,211.016356
1574,211.011052
1575,211.005754
1576,211.000461
1577,210.995174
1578,210.989891
1579,210.984614
1580,210.979342
1581,210.974076
1582,210.968814
1583,210.963558
1584,210.958307
1585,210.953061
1586,210.947820
1587,210.942584
1588,210.937353
1589,210.932128
1590,210.926907
1591,210.921692
1592,210.916481
1593,210.911276
1594,210.906075
1595,210.900880
1596,210.895690
1597,210.890504
1598,210.885324
1599,210.880148
1600,210.874977
1601,210.869812
1602,210.864651
1603,210.859495
1604,210.854344
1605,210.849198
1606,210.844056
1607,210.838920
1608,210.833788
1609,210.828661
1610,210.823539
1611,210.818422
1612,210.813309
1613,210.808201
1614,210.803098
1615,210.798000
1616,210.792906
1617,210.787817
1618,210.782733
1619,210.777653
1620,210.772578
1621,210.767508
1622,210.762442
1623,210.757381
1624,210.752325
1625,210.747273
1626,210.742226
1627,210.737183
1628,210.732145
1629,210.727111
1630,210.722082
1631,210.717057
1632,210.712037
1633,210.707022
1634,210.702010
1635,210.697004
1636,210.692001
1637,210.687004
1638,210.682010
1639,210.677021
1640,210.672037
1641,210.667057
1642,210.662081
1643,210.657109
1644,210.652142
1645,210.647180
1646,210.642221
1647,210.637267
1648,210.632317
1649,210.627372
1650,210.622430
1651,210.617494
1652,210.612561
1653,210.607632
1654,210.602708
1655,210.597788
1656,210.592872
1657,210.587961
1658,210.583053
1659,210.578150
1660,210.573251
1661,210.568356
1662,210.563465
1663,210.558578
1664,210.553696
1665,210.548817
1666,210.543943
1667,210.539072
1668,210.534206
1669,210.529344
1670,210.524486
1671,210.519632
1672,210.514782
1673,210.509935
1674,210.505093
1675,210.500255
1676,210.495421
1677,210.490591
1678,210.485765
1679,210.480942
1680,210.476124
1681,210.471310
1682,210.466499
1683,210.461693
1684,210.456890
1685,210.452091
1686,210.447296
1687,210.442505
1688,210.437718
1689,210.432934
1690,210.428154
1691,210.423379
1692,210.418607
1693,210.413838
1694,210.409074
1695,210.404313
1696,210.399556
1697,210.394803
1698,210.390054
1699,210.385308
1700,210.380566
1701,210.375828
1702,210.371093
1703,210.366363
1704,210.361635
1705,210.356912
1706,210.352192
1707,210.347476
1708,210.342763
1709,210.338054
1710,210.333349
1711,210.328647
1712,210.323949
1713,210.319254
1714,210.314563
1715,210.309876
1716,210.305192
1717,210.300512
1718,210.295835
1719,210.291162
1720,210.286492
1721,210.281826
1722,210.277163
1723,210.272504
1724,210.267848
1725,210.263196
1726,210.258547
1727,210.253902
1728,210.249260
1729,210.244621
1730,210.239986
1731,210.235355
1732,210.230726
1733,210.226101
1734,210.221480
1735,210.216862
1736,210.212247
1737,210.207636
1738,210.203028
1739,210.198423
1740,210.193822
1741,210.189224
1742,210.184629
1743,210.180037
1744,210.175449
1745,210.170864
1746,210.166283
1747,210.161704
1748,210.157129
1749,210.152558
1750,210.147989
1751,210.143424
1752,210.138861
1753,210.134303
1754,210.129747
1755,210.125194
1756,210.120645
1757,210.116099
1758,210.111556
1759,210.107016
1760,210.102479
1761,210.097946
1762,210.093415
1763,210.088888
1764,210.084364
1765,210.079843
1766,210.075325
1767,210.070810
1768,210.066298
1769,210.061789
1770,210.057284
1771,210.052781
1772,210.048282
1773,210.043785
1774,210.039292
1775,210.034801
1776,210.030314
1777,210.025829
1778,210.021348
1779,210.016869
1780,210.012394
1781,210.007921
1782,210.003452
1783,209.998985
1784,209.994522
1785,209.990061
1786,209.985603
1787,209.981149
1788,209.976697
1789,209.972248
1790,209.967802
1791,209.963358
1792,209.958918
1793,209.954481
1794,209.950046
1795,209.945615
1796,209.941186
1797,209.936760
1798,209.932337
1799,209.927916
1800,209.923499
1801,209.919084
1802,209.914672
1803,209.910263
1804,209.905857
1805,209.901454
1806,209.897053
1807,209.892655
1808,209.888260
1809,209.883867
1810,209.879478
1811,209.875091
1812,209.870707
1813,209.866325
1814,209.861947
1815,209.857571
1816,209.853197
1817,209.848827
1818,209.844459
1819,209.840094
1820,209.835731
1821,209.831371
1822,209.827014
1823,209.822659
1824,209.818308
1825,209.813958
1826,209.809612
1827,209.805268
1828,209.800926
1829,209.796587
1830,209.792251
1831,209.787918
1832,209.783587
1833,209.779258
1834,209.774932
1835,209.770609
1836,209.766289
1837,209.761970
1838,209.757655
1839,209.753342
1840,209.749031
1841,209.744723
1842,209.740418
1843,209.736115
1844,209.731815
1845,209.727517
1846,209.723221
1847,209.718928
1848,209.714638
1849,209.710350
1850,209.706064
1851,209.701781
1852,209.697501
1853,209.693223
1854,209.688947
1855,209.684674
1856,209.680403
1857,209.676135
1858,209.671869
1859,209.667605
1860,209.663344
1861,209.659085
1862,209.654829
1863,209.650575
1864,209.646323
1865,209.642074
1866,209.637827
1867,209.633583
1868,209.629341
1869,209.625101
1870,209.620863
1871,209.616628
1872,209.612395
1873,209.608165
1874,209.603937
1875,209.599711
1876,209.595487
1877,209.591266
1878,209.587047
1879,209.582831
1880,209.578616
1881,209.574404
1882,209.570194
1883,209.565987
1884,209.561782
1885,209.557578
1886,209.553378
1887,209.549179
1888,209.544983
1889,209.540789
1890,209.536597
1891,209.532407
1892,209.528220
1893,209.524034
1894,209.519851
1895,209.515671
1896,209.511492
1897,209.507315
1898,209.503141
1899,209.498969
1900,209.494799
1901,209.490631
1902,209.486465
1903,209.482302
1904,209.478141
1905,209.473981
1906,209.469824
1907,209.465669
1908,209.461516
1909,209.457366
1910,209.453217
1911,209.449071
1912,209.444926
1913,209.440784
1914,209.436644
1915,209.432505
1916,209.428369
1917,209.424235
1918,209.420103
1919,209.415973
1920,209.411846
1921,209.407720
1922,209.403596
1923,209.399474
1924,209.395355
1925,209.391237
1926,209.387121
1927,209.383008
1928,209.378896
1929,209.374787
1930,209.370679
1931,209.366573
1932,209.362470
1933,209.358368
1934,209.354269
1935,209.350171
1936,209.346075
1937,209.341981
1938,209.337890
1939,209.333800
1940,209.329712
1941,209.325626
1942,209.321542
1943,209.317460
1944,209.313380
1945,209.309302
1946,209.305226
1947,209.301151
1948,209.297079
1949,209.293009
1950,209.288940
1951,209.284873
1952,209.280808
1953,209.276745
1954,209.272684
1955,209.268625
1956,209.264568
1957,209.260513
1958,209.256459
1959,209.252407
1960,209.248357
1961,209.244309
1962,209.240263
1963,209.236219
1964,209.232177
1965,209.228136
1966,209.224097
1967,209.220060
1968,209.216025
1969,209.211992
1970,209.207960
1971,209.203930
1972,209.199902
1973,209.195876
1974,209.191852
1975,209.187829
1976,209.183808
1977,209.179789
1978,209.175772
1979,209.171757
1980,209.167743
1981,209.163731
1982,209.159721
1983,209.155712
1984,209.151705
1985,209.147700
1986,209.143697
1987,209.139696
1988,209.135696
1989,209.131698
1990,209.127702
1991,209.123707
1992,209.119714
1993,209.115723
1994,209.111733
1995,209.107745
1996,209.103759
1997,209.099775
1998,209.095792
1999,209.091811
2000,209.087832
2001,209.083854
2002,209.079878
2003,209.075903
2004,209.071931
2005,209.067960
2006,209.063990
2007,209.060022
2008,209.056056
2009,209.052092
2010,209.048129
2011,209.044168
2012,209.040208
2013,209.036250
2014,209.032294
2015,209.028339
2016,209.024386
2017,209.020434
2018,209.016485
2019,209.012536
2020,209.008589
2021,209.004644
2022,209.000701
2023,208.996759
2024,208.992818
2025,208.988880
2026,208.984942
2027,208.981007
2028,208.977073
2029,208.973140
2030,208.969209
2031,208.965280
2032,208.961352
2033,208.957425
2034,208.953501
2035,208.949577
2036,208.945656
2037,208.941735
2038,208.937817
2039,208.933900
2040,208.929984
2041,208.926070
2042,208.922157
2043,208.918246
2044,208.914336
2045,208.910428
2046,208.906522
2047,208.902617
2048,208.898713
2049,208.894811
2050,208.890910
2051,208.887011
2052,208.883113
2053,208.879217
2054,208.875322
2055,208.871429
2056,208.867537
2057,208.863647
2058,208.859758
2059,208.855870
2060,208.851984
2061,208.848100
2062,208.844217
2063,208.840335
2064,208.836455
2065,208.832576
2066,208.828698
2067,208.824822
2068,208.820948
2069,208.817075
2070,208.813203
2071,208.809333
2072,208.805464
2073,208.801596
2074,208.797730
2075,208.793865
2076,208.790002
2077,208.786140
2078,208.782279
2079,208.778420
2080,208.774562
2081,208.770706
2082,208.766851
2083,208.762997
2084,208.759145
2085,208.755294
2086,208.751444
2087,208.747596
2088,208.743749
2089,208.739904
2090,208.736059
2091,208.732217
2092,208.728375
2093,208.724535
2094,208.720696
2095,208.716858
2096,208.713022
2097,208.709187
2098,208.705354
2099,208.701522
2100,208.697691
2101,208.693861
2102,208.690033
2103,208.686206
2104,208.682380
2105,208.678556
2106,208.674733
2107,208.670911
2108,208.667090
2109,208.663271
2110,208.659453
2111,208.655637
2112,208.651821
2113,208.648007
2114,208.644194
2115,208.640383
2116,208.636572
2117,208.632763
2118,208.628956
2119,208.625149
2120,208.621344
2121,208.617540
2122,208.613737
2123,208.609936
2124,208.606135
2125,208.602336
2126,208.598539
2127,208.594742
2128,208.590947
2129,208.587153
2130,208.583360
2131,208.579568
2132,208.575778
2133,208.571989
2134,208.568201
2135,208.564414
2136,208.560628
2137,208.556844
2138,208.553061
2139,208.549279
2140,208.545498
2141,208.541718
2142,208.537940
2143,208.534163
2144,208.530387
2145,208.526612
2146,208.522839
2147,208.519066
2148,208.515295
2149,208.511525
2150,208.507756
2151,208.503988
2152,208.500222
2153,208.496456
2154,208.492692
2155,208.488929
2156,208.485167
2157,208.481406
2158,208.477646
2159,208.473888
2160,208.470130
2161,208.466374
2162,208.462619
2163,208.458865
2164,208.455112
2165,208.451361
2166,208.447610
2167,208.443861
2168,208.440113
2169,208.436365
2170,208.432619
2171,208.428874
2172,208.425131
2173,208.421388
2174,208.417646
2175,208.413906
2176,208.410167
2177,208.406428
2178,208.402691
2179,208.398955
2180,208.395220
2181,208.391486
2182,208.387753
2183,208.384022
2184,208.380291
2185,208.376561
2186,208.372833
2187,208.369106
2188,208.365379
2189,208.361654
2190,208.357930
2191,208.354207
2192,208.350485
2193,208.346764
2194,208.343044
2195,208.339325
2196,208.335607
2197,208.331891
2198,208.328175
2199,208.324460
2200,208.320747
2201,208.317034
2202,208.313323
2203,208.309612
2204,208.305903
2205,208.302194
2206,208.298487
2207,208.294781
2208,208.291075
2209,208.287371
2210,208.283668
2211,208.279966
2212,208.276265
2213,208.272564
2214,208.268865
2215,208.265167
2216,208.261470
2217,208.257774
2218,208.254079
2219,208.250385
2220,208.246691
2221,208.242999
2222,208.239308
2223,208.235618
2224,208.231929
2225,208.228241
2226,208.224554
2227,208.220868
2228,208.217182
2229,208.213498
2230,208.209815
2231,208.206133
2232,208.202452
2233,208.198771
2234,208.195092
2235,208.191414
2236,208.187736
2237,208.184060
2238,208.180385
2239,208.176710
2240,208.173037
2241,208.169364
2242,208.165693
2243,208.162022
2244,208.158352
2245,208.154684
2246,208.151016
2247,208.147349
2248,208.143683
2249,208.140018
2250,208.136354
2251,208.132691
2252,208.129029
2253,208.125368
2254,208.121708
2255,208.118048
2256,208.114390
2257,208.110732
2258,208.107076
2259,208.103420
2260,208.099766
2261,208.096112
2262,208.092459
2263,208.088807
2264,208.085156
2265,208.081506
2266,208.077857
2267,208.074209
2268,208.070561
2269,208.066915
2270,208.063269
2271,208.059624
2272,208.055981
2273,208.052338
2274,208.048696
2275,208.045055
2276,208.041415
2277,208.037775
2278,208.034137
2279,208.030499
2280,208.026863
2281,208.023227
2282,208.019592
2283,208.015958
2284,208.012325
2285,208.008693
2286,208.005061
2287,208.001431
2288,207.997801
2289,207.994172
2290,207.990544
2291,207.986917
2292,207.983291
2293,207.979666
2294,207.976041
2295,207.972418
2296,207.968795
2297,207.965173
2298,207.961552
2299,207.957932
2300,207.954313
2301,207.950694
2302,207.947077
2303,207.943460
2304,207.939844
2305,207.936229
2306,207.932614
2307,207.929001
2308,207.925388
2309,207.921777
2310,207.918166
2311,207.914556
2312,207.910946
2313,207.907338
2314,207.903730
2315,207.900124
2316,207.896518
2317,207.892912
2318,207.889308
2319,207.885705
2320,207.882102
2321,207.878500
2322,207.874899
2323,207.871299
2324,207.867699
2325,207.864101
2326,207.860503
2327,207.856906
2328,207.853310
2329,207.849714
2330,207.846120
2331,207.842526
2332,207.838933
2333,207.835341
2334,207.831749
2335,207.828158
2336,207.824569
2337,207.820980
2338,207.817391
2339,207.813804
2340,207.810217
2341,207.806631
2342,207.803046
2343,207.799462
2344,207.795878
2345,207.792295
2346,207.788713
2347,207.785132
2348,207.781552
2349,207.777972
2350,207.774393
2351,207.770815
2352,207.767238
2353,207.763661
2354,207.760085
2355,207.756510
2356,207.752936
2357,207.749362
2358,207.745789
2359,207.742217
2360,207.738646
2361,207.735075
2362,207.731506
2363,207.727937
2364,207.724368
2365,207.720801
2366,207.717234
2367,207.713668
2368,207.710103
2369,207.706538
2370,207.702974
2371,207.699411
2372,207.695849
2373,207.692287
2374,207.688726
2375,207.685166
2376,207.681607
2377,207.678048
2378,207.674490
2379,207.670933
2380,207.667377
2381,207.663821
2382,207.660266
2383,207.656712
2384,207.653158
2385,207.649605
2386,207.646053
2387,207.642502
2388,207.638951
2389,207.635401
2390,207.631852
2391,207.628303
2392,207.624755
2393,207.621208
2394,207.617662
2395,207.614116
2396,207.610571
2397,207.607027
2398,207.603483
2399,207.599940
2400,207.596398
2401,207.592857
2402,207.589316
2403,207.585776
2404,207.582237
2405,207.578698
2406,207.575160
2407,207.571623
2408,207.568086
2409,207.564550
2410,207.561015
2411,207.557480
2412,207.553947
2413,207.550413
2414,207.546881
2415,207.543349
2416,207.539818
2417,207.536288
2418,207.532758
2419,207.529229
2420,207.525700
2421,207.522173
2422,207.518646
2423,207.515119
2424,207.511594
2425,207.508069
2426,207.504544
2427,207.501021
2428,207.497498
2429,207.493975
2430,207.490454
2431,207.486933
2432,207.483412
2433,207.479893
2434,207.476374
2435,207.472855
2436,207.469338
2437,207.465821
2438,207.462304
2439,207.458788
2440,207.455273
2441,207.451759
2442,207.448245
2443,207.444732
2444,207.441220
2445,207.437708
2446,207.434197
2447,207.430686
2448,207.427176
2449,207.423667
2450,207.420158
2451,207.416651
2452,207.413143
2453,207.409637
2454,207.406131
2455,207.402625
2456,207.399120
2457,207.395616
2458,207.392113
2459,207.388610
2460,207.385108
2461,207.381606
2462,207.378105
2463,207.374605
2464,207.371105
2465,207.367606
2466,207.364108
2467,207.360610
2468,207.357113
2469,207.353616
2470,207.350120
2471,207.346625
2472,207.343130
2473,207.339636
2474,207.336143
2475,207.332650
2476,207.329158
2477,207.325666
2478,207.322175
2479,207.318685
2480,207.315195
2481,207.311706
2482,207.308217
2483,207.304730
2484,207.301242
2485,207.297756
2486,207.294269
2487,207.290784
2488,207.287299
2489,207.283815
2490,207.280331
2491,207.276848
2492,207.273365
2493,207.269884
2494,207.266402
2495,207.262922
2496,207.259442
2497,207.255962
2498,207.252483
2499,207.249005
2500,207.245527
2501,207.242050
2502,207.238573
2503,207.235098
2504,207.231622
2505,207.228147
2506,207.224673
2507,207.221200
2508,207.217727
2509,207.214254
2510,207.210782
2511,207.207311
2512,207.203841
2513,207.200370
2514,207.196901
2515,207.193432
2516,207.189964
2517,207.186496
2518,207.183029
2519,207.179562
2520,207.176096
2521,207.172631
2522,207.169166
2523,207.165701
2524,207.162238
2525,207.158775
2526,207.155312
2527,207.151850
2528,207.148388
2529,207.144928
2530,207.141467
2531,207.138007
2532,207.134548
2533,207.131090
2534,207.127631
2535,207.124174
2536,207.120717
2537,207.117261
2538,207.113805
2539,207.110350
2540,207.106895
2541,207.103441
2542,207.099987
2543,207.096534
2544,207.093081
2545,207.089630
2546,207.086178
2547,207.082727
2548,207.079277
2549,207.075827
2550,207.072378
2551,207.068929
2552,207.065481
2553,207.062034
2554,207.058587
2555,207.055140
2556,207.051694
2557,207.048249
2558,207.044804
2559,207.041360
2560,207.037916
2561,207.034473
2562,207.031030
2563,207.027588
2564,207.024147
2565,207.020706
2566,207.017265
2567,207.013825
2568,207.010386
2569,207.006947
2570,207.003509
2571,207.000071
2572,206.996633
2573,206.993197
2574,206.989761
2575,206.986325
2576,206.982890
2577,206.979455
2578,206.976021
2579,206.972587
2580,206.969154
2581,206.965722
2582,206.962290
2583,206.958858
2584,206.955427
2585,206.951997
2586,206.948567
2587,206.945137
2588,206.941709
2589,206.938280
2590,206.934852
2591,206.931425
2592,206.927998
2593,206.924572
2594,206.921146
2595,206.917721
2596,206.914296
2597,206.910872
2598,206.907448
2599,206.904025
2600,206.900602
2601,206.897180
2602,206.893759
2603,206.890337
2604,206.886917
2605,206.883497
2606,206.880077
2607,206.876658
2608,206.873239
2609,206.869821
2610,206.866404
2611,206.862987
2612,206.859570
2613,206.856154
2614,206.852738
2615,206.849323
2616,206.845909
2617,206.842494
2618,206.839081
2619,206.835668
2620,206.832255
2621,206.828843
2622,206.825432
2623,206.822020
2624,206.818610
2625,206.815200
2626,206.811790
2627,206.808381
2628,206.804972
2629,206.801564
2630,206.798157
2631,206.794749
2632,206.791343
2633,206.787937
2634,206.784531
2635,206.781126
2636,206.777721
2637,206.774317
2638,206.770913
2639,206.767510
2640,206.764107
2641,206.760705
2642,206.757303
2643,206.753902
2644,206.750501
2645,206.747101
2646,206.743701
2647,206.740301
2648,206.736903
2649,206.733504
2650,206.730106
2651,206.726709
2652,206.723312
2653,206.719915
2654,206.716519
2655,206.713124
2656,206.709729
2657,206.706334
2658,206.702940
2659,206.699546
2660,206.696153
2661,206.692760
2662,206.689368
2663,206.685976
2664,206.682585
2665,206.679194
2666,206.675804
2667,206.672414
2668,206.669025
2669,206.665636
2670,206.662247
2671,206.658859
2672,206.655472
2673,206.652085
2674,206.648698
2675,206.645312
2676,206.641926
2677,206.638541
2678,206.635156
2679,206.631772
2680,206.628388
2681,206.625005
2682,206.621622
2683,206.618240
2684,206.614858
2685,206.611476
2686,206.608095
2687,206.604714
2688,206.601334
2689,206.597955
2690,206.594575
2691,206.591197
2692,206.587818
2693,206.584440
2694,206.581063
2695,206.577686
2696,206.574310
2697,206.570933
2698,206.567558
2699,206.564183
2700,206.560808
2701,206.557434
2702,206.554060
2703,206.550687
2704,206.547314
2705,206.543941
2706,206.540569
2707,206.537198
2708,206.533827
2709,206.530456
2710,206.527086
2711,206.523716
2712,206.520347
2713,206.516978
2714,206.513609
2715,206.510241
2716,206.506874
2717,206.503507
2718,206.500140
2719,206.496774
2720,206.493408
2721,206.490043
2722,206.486678
2723,206.483314
2724,206.479950
2725,206.476586
2726,206.473223
2727,206.469860
2728,206.466498
2729,206.463136
2730,206.459775
2731,206.456414
2732,206.453053
2733,206.449693
2734,206.446333
2735,206.442974
2736,206.439615
2737,206.436257
2738,206.432899
2739,206.429542
2740,206.426185
2741,206.422828
2742,206.419472
2743,206.416116
2744,206.412761
2745,206.409406
2746,206.406051
2747,206.402697
2748,206.399344
2749,206.395991
2750,206.392638
2751,206.389286
2752,206.385934
2753,206.382582
2754,206.379231
2755,206.375880
2756,206.372530
2757,206.369180
2758,206.365831
2759,206.362482
2760,206.359134
2761,206.355786
2762,206.352438
2763,206.349091
2764,206.345744
2765,206.342397
2766,206.339051
2767,206.335706
2768,206.332361
2769,206.329016
2770,206.325672
2771,206.322328
2772,206.318984
2773,206.315641
2774,206.312299
2775,206.308956
2776,206.305615
2777,206.302273
2778,206.298932
2779,206.295592
2780,206.292252
2781,206.288912
2782,206.285572
2783,206.282234
2784,206.278895
2785,206.275557
2786,206.272219
2787,206.268882
2788,206.265545
2789,206.262209
2790,206.258873
2791,206.255537
2792,206.252202
2793,206.248867
2794,206.245533
2795,206.242199
2796,206.238865
2797,206.235532
2798,206.232199
2799,206.228867
2800,206.225535
2801,206.222203
2802,206.218872
2803,206.215541
2804,206.212211
2805,206.208881
2806,206.205552
2807,206.202222
2808,206.198894
2809,206.195565
2810,206.192238
2811,206.188910
2812,206.185583
2813,206.182256
2814,206.178930
2815,206.175604
2816,206.172278
2817,206.168953
2818,206.165629
2819,206.162304
2820,206.158980
2821,206.155657
2822,206.152334
2823,206.149011
2824,206.145689
2825,206.142367
2826,206.139045
2827,206.135724
2828,206.132403
2829,206.129083
2830,206.125763
2831,206.122443
2832,206.119124
2833,206.115806
2834,206.112487
2835,206.109169
2836,206.105852
2837,206.102534
2838,206.099218
2839,206.095901
2840,206.092585
2841,206.089270
2842,206.085954
2843,206.082639
2844,206.079325
2845,206.076011
2846,206.072697
2847,206.069384
2848,206.066071
2849,206.062758
2850,206.059446
2851,206.056135
2852,206.052823
2853,206.049512
2854,206.046202
2855,206.042891
2856,206.039582
2857,206.036272
2858,206.032963
2859,206.029655
2860,206.026346
2861,206.023038
2862,206.019731
2863,206.016424
2864,206.013117
2865,206.009811
2866,206.006505
2867,206.003199
2868,205.999894
2869,205.996589
2870,205.993285
2871,205.989980
2872,205.986677
2873,205.983374
2874,205.980071
2875,205.976768
2876,205.973466
2877,205.970164
2878,205.966863
2879,205.963562
2880,205.960261
2881,205.956961
2882,205.953661
2883,205.950361
2884,205.947062
2885,205.943763
2886,205.940465
2887,205.937167
2888,205.933869
2889,205.930572
2890,205.927275
2891,205.923979
2892,205.920682
2893,205.917387
2894,205.914091
2895,205.910796
2896,205.907502
2897,205.904207
2898,205.900913
2899,205.897620
2900,205.894327
2901,205.891034
2902,205.887742
2903,205.884449
2904,205.881158
2905,205.877866
2906,205.874576
2907,205.871285
2908,205.867995
2909,205.864705
2910,205.861415
2911,205.858126
2912,205.854838
2913,205.851549
2914,205.848261
2915,205.844974
2916,205.841686
2917,205.838400
2918,205.835113
2919,205.831827
2920,205.828541
2921,205.825256
2922,205.821971
2923,205.818686
2924,205.815402
2925,205.812118
2926,205.808834
2927,205.805551
2928,205.802268
2929,205.798985
2930,205.795703
2931,205.792422
2932,205.789140
2933,205.785859
2934,205.782578
2935,205.779298
2936,205.776018
2937,205.772738
2938,205.769459
2939,205.766180
2940,205.762902
2941,205.759624
2942,205.756346
2943,205.753068
2944,205.749791
2945,205.746515
2946,205.743238
2947,205.739962
2948,205.736687
2949,205.733411
2950,205.730136
2951,205.726862
2952,205.723588
2953,205.720314
2954,205.717040
2955,205.713767
2956,205.710494
2957,205.707222
2958,205.703950
2959,205.700678
2960,205.697407
2961,205.694136
2962,205.690865
2963,205.687595
2964,205.684325
2965,205.681055
2966,205.677786
2967,205.674517
2968,205.671248
2969,205.667980
2970,205.664712
2971,205.661445
2972,205.658178
2973,205.654911
2974,205.651645
2975,205.648379
2976,205.645113
2977,205.641848
2978,205.638583
2979,205.635318
2980,205.632054
2981,205.628790
2982,205.625526
2983,205.622263
2984,205.619000
2985,205.615737
2986,205.612475
2987,205.609213
2988,205.605952
2989,205.602691
2990,205.599430
2991,205.596169
2992,205.592909
2993,205.589649
2994,205.586390
2995,205.583131
2996,205.579872
2997,205.576614
2998,205.573356
2999,205.570098
3000,205.566841
3001,205.563584
3002,205.560327
3003,205.557071
3004,205.553815
3005,205.550559
3006,205.547304
3007,205.544049
3008,205.540794
3009,205.537540
3010,205.534286
3011,205.531033
3012,205.527779
3013,205.524527
3014,205.521274
3015,205.518022
3016,205.514770
3017,205.511518
3018,205.508267
3019,205.505017
3020,205.501766
3021,205.498516
3022,205.495266
3023,205.492017
3024,205.488768
3025,205.485519
3026,205.482270
3027,205.479022
3028,205.475775
3029,205.472527
3030,205.469280
3031,205.466033
3032,205.462787
3033,205.459541
3034,205.456295
3035,205.453050
3036,205.449805
3037,205.446560
3038,205.443316
3039,205.440072
3040,205.436828
3041,205.433585
3042,205.430342
3043,205.427099
3044,205.423857
3045,205.420615
3046,205.417373
3047,205.414132
3048,205.410891
3049,205.407650
3050,205.404410
3051,205.401170
3052,205.397930
3053,205.394691
3054,205.391452
3055,205.388213
3056,205.384975
3057,205.381737
3058,205.378499
3059,205.375262
3060,205.372025
3061,205.368788
3062,205.365552
3063,205.362316
3064,205.359080
3065,205.355845
3066,205.352610
3067,205.349375
3068,205.346141
3069,205.342907
3070,205.339673
3071,205.336440
3072,205.333207
3073,205.329974
3074,205.326742
3075,205.323510
3076,205.320278
3077,205.317047
3078,205.313816
3079,205.310585
3080,205.307355
3081,205.304125
3082,205.300895
3083,205.297666
3084,205.294437
3085,205.291208
3086,205.287980
3087,205.284752
3088,205.281524
3089,205.278297
3090,205.275070
3091,205.271843
3092,205.268617
3093,205.265391
3094,205.262165
3095,205.258939
3096,205.255714
3097,205.252489
3098,205.249265
3099,205.246041
3100,205.242817
3101,205.239594
3102,205.236371
3103,205.233148
3104,205.229925
3105,205.226703
3106,205.223481
3107,205.220260
3108,205.217039
3109,205.213818
3110,205.210597
3111,205.207377
3112,205.204157
3113,205.200938
3114,205.197718
3115,205.194499
3116,205.191281
3117,205.188063
3118,205.184845
3119,205.181627
3120,205.178410
3121,205.175193
3122,205.171976
3123,205.168760
3124,205.165544
3125,205.162328
3126,205.159113
3127,205.155898
3128,205.152683
3129,205.149468
3130,205.146254
3131,205.143041
3132,205.139827
3133,205.136614
3134,205.133401
3135,205.130189
3136,205.126977
3137,205.123765
3138,205.120553
3139,205.117342
3140,205.114131
3141,205.110921
3142,205.107710
3143,205.104501
3144,205.101291
3145,205.098082
3146,205.094873
3147,205.091664
3148,205.088456
3149,205.085248
3150,205.082040
3151,205.078833
3152,205.075626
3153,205.072419
3154,205.069213
3155,205.066006
3156,205.062801
3157,205.059595
3158,205.056390
3159,205.053185
3160,205.049981
3161,205.046777
3162,205.043573
3163,205.040369
3164,205.037166
3165,205.033963
3166,205.030760
3167,205.027558
3168,205.024356
3169,205.021154
3170,205.017953
3171,205.014752
3172,205.011551
3173,205.008351
3174,205.005151
3175,205.001951
3176,204.998752
3177,204.995552
3178,204.992354
3179,204.989155
3180,204.985957
3181,204.982759
3182,204.979561
3183,204.976364
3184,204.973167
3185,204.969970
3186,204.966774
3187,204.963578
3188,204.960382
3189,204.957187
3190,204.953992
3191,204.950797
3192,204.947603
3193,204.944409
3194,204.941215
3195,204.938021
3196,204.934828
3197,204.931635
3198,204.928443
3199,204.925250
3200,204.922058
3201,204.918867
3202,204.915675
3203,204.912484
3204,204.909294
3205,204.906103
3206,204.902913
3207,204.899723
3208,204.896534
3209,204.893345
3210,204.890156
3211,204.886967
3212,204.883779
3213,204.880591
3214,204.877404
3215,204.874216
3216,204.871029
3217,204.867843
3218,204.864656
3219,204.861470
3220,204.858284
3221,204.855099
3222,204.851914
3223,204.848729
3224,204.845544
3225,204.842360
3226,204.839176
3227,204.835993
3228,204.832809
3229,204.829626
3230,204.826444
3231,204.823261
3232,204.820079
3233,204.816897
3234,204.813716
3235,204.810535
3236,204.807354
3237,204.804173
3238,204.800993
3239,204.797813
3240,204.794634
3241,204.791454
3242,204.788275
3243,204.785097
3244,204.781918
3245,204.778740
3246,204.775562
3247,204.772385
3248,204.769208
3249,204.766031
3250,204.762854
3251,204.759678
3252,204.756502
3253,204.753326
3254,204.750151
3255,204.746976
3256,204.743801
3257,204.740627
3258,204.737453
3259,204.734279
3260,204.731105
3261,204.727932
3262,204.724759
3263,204.721587
3264,204.718414
3265,204.715242
3266,204.712071
3267,204.708899
3268,204.705728
3269,204.702557
3270,204.699387
3271,204.696217
3272,204.693047
3273,204.689877
3274,204.686708
3275,204.683539
3276,204.680370
3277,204.677202
3278,204.674034
3279,204.670866
3280,204.667699
3281,204.664531
3282,204.661365
3283,204.658198
3284,204.655032
3285,204.651866
3286,204.648700
3287,204.645535
3288,204.642370
3289,204.639205
3290,204.636040
3291,204.632876
3292,204.629712
3293,204.626549
3294,204.623386
3295,204.620223
3296,204.617060
3297,204.613898
3298,204.610735
3299,204.607574
3300,204.604412
3301,204.601251
3302,204.598090
3303,204.594930
3304,204.591769
3305,204.588609
3306,204.585450
3307,204.582290
3308,204.579131
3309,204.575972
3310,204.572814
3311,204.569656
3312,204.566498
3313,204.563340
3314,204.560183
3315,204.557026
3316,204.553869
3317,204.550713
3318,204.547557
3319,204.544401
3320,204.541246
3321,204.538090
3322,204.534936
3323,204.531781
3324,204.528627
3325,204.525473
3326,204.522319
3327,204.519165
3328,204.516012
3329,204.512859
3330,204.509707
3331,204.506555
3332,204.503403
3333,204.500251
3334,204.497100
3335,204.493949
3336,204.490798
3337,204.487647
3338,204.484497
3339,204.481347
3340,204.478198
3341,204.475049
3342,204.471900
3343,204.468751
3344,204.465603
3345,204.462454
3346,204.459307
3347,204.456159
3348,204.453012
3349,204.449865
3350,204.446718
3351,204.443572
3352,204.440426
3353,204.437280
3354,204.434135
3355,204.430990
3356,204.427845
3357,204.424700
3358,204.421556
3359,204.418412
3360,204.415268
3361,204.412125
3362,204.408982
3363,204.405839
3364,204.402696
3365,204.399554
3366,204.396412
3367,204.393271
3368,204.390129
3369,204.386988
3370,204.383847
3371,204.380707
3372,204.377567
3373,204.374427
3374,204.371287
3375,204.368148
3376,204.365009
3377,204.361870
3378,204.358732
3379,204.355594
3380,204.352456
3381,204.349318
3382,204.346181
3383,204.343044
3384,204.339907
3385,204.336771
3386,204.333635
3387,204.330499
3388,204.327364
3389,204.324229
3390,204.321094
3391,204.317959
3392,204.314825
3393,204.311691
3394,204.308557
3395,204.305423
3396,204.302290
3397,204.299157
3398,204.296025
3399,204.292892
3400,204.289760
3401,204.286629
3402,204.283497
3403,204.280366
3404,204.277235
3405,204.274105
3406,204.270974
3407,204.267844
3408,204.264715
3409,204.261585
3410,204.258456
3411,204.255327
3412,204.252199
3413,204.249070
3414,204.245942
3415,204.242815
3416,204.239687
3417,204.236560
3418,204.233433
3419,204.230307
3420,204.227181
3421,204.224055
3422,204.220929
3423,204.217804
3424,204.214679
3425,204.211554
3426,204.208429
3427,204.205305
3428,204.202181
3429,204.199057
3430,204.195934
3431,204.192811
3432,204.189688
3433,204.186566
3434,204.183444
3435,204.180322
3436,204.177200
3437,204.174079
3438,204.170958
3439,204.167837
3440,204.164716
3441,204.161596
3442,204.158476
3443,204.155357
3444,204.152237
3445,204.149118
3446,204.145999
3447,204.142881
3448,204.139763
3449,204.136645
3450,204.133527
3451,204.130410
3452,204.127293
3453,204.124176
3454,204.121060
3455,204.117943
3456,204.114827
3457,204.111712
3458,204.108596
3459,204.105481
3460,204.102367
3461,204.099252
3462,204.096138
3463,204.093024
3464,204.089910
3465,204.086797
3466,204.083684
3467,204.080571
3468,204.077459
3469,204.074347
3470,204.071235
3471,204.068123
3472,204.065012
3473,204.061901
3474,204.058790
3475,204.055679
3476,204.052569
3477,204.049459
3478,204.046350
3479,204.043240
3480,204.040131
3481,204.037022
3482,204.033914
3483,204.030806
3484,204.027698
3485,204.024590
3486,204.021483
3487,204.018376
3488,204.015269
3489,204.012162
3490,204.009056
3491,204.005950
3492,204.002844
3493,203.999739
3494,203.996634
3495,203.993529
3496,203.990424
3497,203.987320
3498,203.984216
3499,203.981113
3500,203.978009
3501,203.974906
3502,203.971803
3503,203.968701
3504,203.965598
3505,203.962496
3506,203.959395
3507,203.956293
3508,203.953192
3509,203.950091
3510,203.946991
3511,203.943890
3512,203.940790
3513,203.937690
3514,203.934591
3515,203.931492
3516,203.928393
3517,203.925294
3518,203.922196
3519,203.919098
3520,203.916000
3521,203.912903
3522,203.909805
3523,203.906709
3524,203.903612
3525,203.900516
3526,203.897419
3527,203.894324
3528,203.891228
3529,203.888133
3530,203.885038
3531,203.881943
3532,203.878849
3533,203.875755
3534,203.872661
3535,203.869567
3536,203.866474
3537,203.863381
3538,203.860288
3539,203.857196
3540,203.854104
3541,203.851012
3542,203.847920
3543,203.844829
3544,203.841738
3545,203.838647
3546,203.835557
3547,203.832466
3548,203.829376
3549,203.826287
3550,203.823197
3551,203.820108
3552,203.817019
3553,203.813931
3554,203.810843
3555,203.807755
3556,203.804667
3557,203.801580
3558,203.798492
3559,203.795406
3560,203.792319
3561,203.789233
3562,203.786147
3563,203.783061
3564,203.779976
3565,203.776890
3566,203.773805
3567,203.770721
3568,203.767636
3569,203.764552
3570,203.761469
3571,203.758385
3572,203.755302
3573,203.752219
3574,203.749136
3575,203.746054
3576,203.742972
3577,203.739890
3578,203.736808
3579,203.733727
3580,203.730646
3581,203.727565
3582,203.724485
3583,203.721405
3584,203.718325
3585,203.715245
3586,203.712166
3587,203.709087
3588,203.706008
3589,203.702929
3590,203.699851
3591,203.696773
3592,203.693695
3593,203.690618
3594,203.687541
3595,203.684464
3596,203.681387
3597,203.678311
3598,203.675235
3599,203.672159
3600,203.669084
3601,203.666009
3602,203.662934
3603,203.659859
3604,203.656785
3605,203.653711
3606,203.650637
3607,203.647563
3608,203.644490
3609,203.641417
3610,203.638344
3611,203.635272
3612,203.632200
3613,203.629128
3614,203.626056
3615,203.622985
3616,203.619914
3617,203.616843
3618,203.613773
3619,203.610702
3620,203.607632
3621,203.604563
3622,203.601493
3623,203.598424
3624,203.595355
3625,203.592287
3626,203.589218
3627,203.586150
3628,203.583083
3629,203.580015
3630,203.576948
3631,203.573881
3632,203.570814
3633,203.567748
3634,203.564682
3635,203.561616
3636,203.558550
3637,203.555485
3638,203.552420
3639,203.549355
3640,203.546291
3641,203.543227
3642,203.540163
3643,203.537099
3644,203.534036
3645,203.530973
3646,203.527910
3647,203.524847
3648,203.521785
3649,203.518723
3650,203.515661
3651,203.512600
3652,203.509539
3653,203.506478
3654,203.503417
3655,203.500357
3656,203.497297
3657,203.494237
3658,203.491177
3659,203.488118
3660,203.485059
3661,203.482000
3662,203.478942
3663,203.475884
3664,203.472826
3665,203.469768
3666,203.466711
3667,203.463654
3668,203.460597
3669,203.457541
3670,203.454484
3671,203.451428
3672,203.448373
3673,203.445317
3674,203.442262
3675,203.439207
3676,203.436153
3677,203.433098
3678,203.430044
3679,203.426990
3680,203.423937
3681,203.420883
3682,203.417831
3683,203.414778
3684,203.411725
3685,203.408673
3686,203.405621
3687,203.402570
3688,203.399518
3689,203.396467
3690,203.393416
3691,203.390366
3692,203.387316
3693,203.384266
3694,203.381216
3695,203.378166
3696,203.375117
3697,203.372068
3698,203.369020
3699,203.365971
3700,203.362923
3701,203.359875
3702,203.356828
3703,203.353781
3704,203.350734
3705,203.347687
3706,203.344640
3707,203.341594
3708,203.338548
3709,203.335503
3710,203.332457
3711,203.329412
3712,203.326367
3713,203.323323
3714,203.320278
3715,203.317234
3716,203.314191
3717,203.311147
3718,203.308104
3719,203.305061
3720,203.302018
3721,203.298976
3722,203.295934
3723,203.292892
3724,203.289850
3725,203.286809
3726,203.283768
3727,203.280727
3728,203.277687
3729,203.274646
3730,203.271606
3731,203.268567
3732,203.265527
3733,203.262488
3734,203.259449
3735,203.256410
3736,203.253372
3737,203.250334
3738,203.247296
3739,203.244259
3740,203.241221
3741,203.238184
3742,203.235148
3743,203.232111
3744,203.229075
3745,203.226039
3746,203.223003
3747,203.219968
3748,203.216933
3749,203.213898
3750,203.210863
3751,203.207829
3752,203.204795
3753,203.201761
3754,203.198728
3755,203.195694
3756,203.192661
3757,203.189629
3758,203.186596
3759,203.183564
3760,203.180532
3761,203.177501
3762,203.174469
3763,203.171438
3764,203.168407
3765,203.165377
3766,203.162347
3767,203.159317
3768,203.156287
3769,203.153257
3770,203.150228
3771,203.147199
3772,203.144170
3773,203.141142
3774,203.138114
3775,203.135086
3776,203.132058
3777,203.129031
3778,203.126004
3779,203.122977
3780,203.119951
3781,203.116924
3782,203.113898
3783,203.110873
3784,203.107847
3785,203.104822
3786,203.101797
3787,203.098772
3788,203.095748
3789,203.092724
3790,203.089700
3791,203.086676
3792,203.083653
3793,203.080630
3794,203.077607
3795,203.074585
3796,203.071562
3797,203.068541
3798,203.065519
3799,203.062497
3800,203.059476
3801,203.056455
3802,203.053435
3803,203.050414
3804,203.047394
3805,203.044374
3806,203.041355
3807,203.038335
3808,203.035316
3809,203.032297
3810,203.029279
3811,203.026261
3812,203.023243
3813,203.020225
3814,203.017208
3815,203.014190
3816,203.011173
3817,203.008157
3818,203.005140
3819,203.002124
3820,202.999108
3821,202.996093
3822,202.993078
3823,202.990062
3824,202.987048
3825,202.984033
3826,202.981019
3827,202.978005
3828,202.974991
3829,202.971978
3830,202.968965
3831,202.965952
3832,202.962939
3833,202.959927
3834,202.956914
3835,202.953903
3836,202.950891
3837,202.947880
3838,202.944869
3839,202.941858
3840,202.938847
3841,202.935837
3842,202.932827
3843,202.929817
3844,202.926808
3845,202.923798
3846,202.920790
3847,202.917781
3848,202.914772
3849,202.911764
3850,202.908756
3851,202.905749
3852,202.902741
3853,202.899734
3854,202.896727
3855,202.893721
3856,202.890715
3857,202.887709
3858,202.884703
3859,202.881697
3860,202.878692
3861,202.875687
3862,202.872682
3863,202.869678
3864,202.866674
3865,202.863670
3866,202.860666
3867,202.857663
3868,202.854660
3869,202.851657
3870,202.848654
3871,202.845652
3872,202.842650
3873,202.839648
3874,202.836647
3875,202.833645
3876,202.830644
3877,202.827643
3878,202.824643
3879,202.821643
3880,202.818643
3881,202.815643
3882,202.812644
3883,202.809645
3884,202.806646
3885,202.803647
3886,202.800649
3887,202.797651
3888,202.794653
3889,202.791655
3890,202.788658
3891,202.785661
3892,202.782664
3893,202.779667
3894,202.776671
3895,202.773675
3896,202.770679
3897,202.767684
3898,202.764689
3899,202.761694
3900,202.758699
3901,202.755705
3902,202.752711
3903,202.749717
3904,202.746723
3905,202.743730
3906,202.740737
3907,202.737744
3908,202.734751
3909,202.731759
3910,202.728767
3911,202.725775
3912,202.722784
3913,202.719792
3914,202.716801
3915,202.713811
3916,202.710820
3917,202.707830
3918,202.704840
3919,202.701850
3920,202.698861
3921,202.695872
3922,202.692883
3923,202.689894
3924,202.686906
3925,202.683918
3926,202.680930
3927,202.677942
3928,202.674955
3929,202.671968
3930,202.668981
3931,202.665994
3932,202.663008
3933,202.660022
3934,202.657036
3935,202.654051
3936,202.651066
3937,202.648081
3938,202.645096
3939,202.642112
3940,202.639127
3941,202.636143
3942,202.633160
3943,202.630176
3944,202.627193
3945,202.624210
3946,202.621228
3947,202.618245
3948,202.615263
3949,202.612282
3950,202.609300
3951,202.606319
3952,202.603338
3953,202.600357
3954,202.597376
3955,202.594396
3956,202.591416
3957,202.588436
3958,202.585457
3959,202.582478
3960,202.579499
3961,202.576520
3962,202.573542
3963,202.570563
3964,202.567585
3965,202.564608
3966,202.561630
3967,202.558653
3968,202.555676
3969,202.552700
3970,202.549724
3971,202.546747
3972,202.543772
3973,202.540796
3974,202.537821
3975,202.534846
3976,202.531871
3977,202.528896
3978,202.525922
3979,202.522948
3980,202.519974
3981,202.517001
3982,202.514028
3983,202.511055
3984,202.508082
3985,202.505110
3986,202.502138
3987,202.499166
3988,202.496194
3989,202.493223
3990,202.490251
3991,202.487281
3992,202.484310
3993,202.481340
3994,202.478370
3995,202.475400
3996,202.472430
3997,202.469461
3998,202.466492
3999,202.463523
4000,202.460554
4001,202.457586
4002,202.454618
4003,202.451650
4004,202.448683
4005,202.445716
4006,202.442749
4007,202.439782
4008,202.436816
4009,202.433849
4010,202.430883
4011,202.427918
4012,202.424952
4013,202.421987
4014,202.419022
4015,202.416058
4016,202.413093
4017,202.410129
4018,202.407165
4019,202.404202
4020,202.401238
4021,202.398275
4022,202.395312
4023,202.392350
4024,202.389388
4025,202.386426
4026,202.383464
4027,202.380502
4028,202.377541
4029,202.374580
4030,202.371619
4031,202.368659
4032,202.365698
4033,202.362738
4034,202.359779
4035,202.356819
4036,202.353860
4037,202.350901
4038,202.347942
4039,202.344984
4040,202.342026
4041,202.339068
4042,202.336110
4043,202.333153
4044,202.330196
4045,202.327239
4046,202.324282
4047,202.321326
4048,202.318370
4049,202.315414
4050,202.312458
4051,202.309503
4052,202.306548
4053,202.303593
4054,202.300639
4055,202.297684
4056,202.294730
4057,202.291777
4058,202.288823
4059,202.285870
4060,202.282917
4061,202.279964
4062,202.277012
4063,202.274059
4064,202.271108
4065,202.268156
4066,202.265204
4067,202.262253
4068,202.259302
4069,202.256352
4070,202.253401
4071,202.250451
4072,202.247501
4073,202.244551
4074,202.241602
4075,202.238653
4076,202.235704
4077,202.232755
4078,202.229807
4079,202.226859
4080,202.223911
4081,202.220964
4082,202.218016
4083,202.215069
4084,202.212122
4085,202.209176
4086,202.206229
4087,202.203283
4088,202.200338
4089,202.197392
4090,202.194447
4091,202.191502
4092,202.188557
4093,202.185613
4094,202.182668
4095,202.179724
4096,202.176781
4097,202.173837
4098,202.170894
4099,202.167951
4100,202.165008
4101,202.162066
4102,202.159124
4103,202.156182
4104,202.153240
4105,202.150299
4106,202.147357
4107,202.144417
4108,202.141476
4109,202.138536
4110,202.135595
4111,202.132656
4112,202.129716
4113,202.126777
4114,202.123837
4115,202.120899
4116,202.117960
4117,202.115022
4118,202.112084
4119,202.109146
4120,202.106208
4121,202.103271
4122,202.100334
4123,202.097397
4124,202.094460
4125,202.091524
4126,202.088588
4127,202.085652
4128,202.082717
4129,202.079782
4130,202.076847
4131,202.073912
4132,202.070977
4133,202.068043
4134,202.065109
4135,202.062175
4136,202.059242
4137,202.056309
4138,202.053376
4139,202.050443
4140,202.047511
4141,202.044578
4142,202.041646
4143,202.038715
4144,202.035783
4145,202.032852
4146,202.029921
4147,202.026990
4148,202.024060
4149,202.021130
4150,202.018200
4151,202.015270
4152,202.012341
4153,202.009412
4154,202.006483
4155,202.003554
4156,202.000626
4157,201.997698
4158,201.994770
4159,201.991842
4160,201.988915
4161,201.985988
4162,201.983061
4163,201.980135
4164,201.977208
4165,201.974282
4166,201.971356
4167,201.968431
4168,201.965506
4169,201.962580
4170,201.959656
4171,201.956731
4172,201.953807
4173,201.950883
4174,201.947959
4175,201.945036
4176,201.942112
4177,201.939189
4178,201.936267
4179,201.933344
4180,201.930422
4181,201.927500
4182,201.924578
4183,201.921657
4184,201.918735
4185,201.915814
4186,201.912894
4187,201.909973
4188,201.907053
4189,201.904133
4190,201.901213
4191,201.898294
4192,201.895375
4193,201.892456
4194,201.889537
4195,201.886619
4196,201.883700
4197,201.880782
4198,201.877865
4199,201.874947
4200,201.872030
4201,201.869113
4202,201.866197
4203,201.863280
4204,201.860364
4205,201.857448
4206,201.854533
4207,201.851617
4208,201.848702
4209,201.845787
4210,201.842873
4211,201.839958
4212,201.837044
4213,201.834130
4214,201.831217
4215,201.828303
4216,201.825390
4217,201.822477
4218,201.819565
4219,201.816652
4220,201.813740
4221,201.810828
4222,201.807917
4223,201.805006
4224,201.802094
4225,201.799184
4226,201.796273
4227,201.793363
4228,201.790453
4229,201.787543
4230,201.784633
4231,201.781724
4232,201.778815
4233,201.775906
4234,201.772998
4235,201.770089
4236,201.767181
4237,201.764274
4238,201.761366
4239,201.758459
4240,201.755552
4241,201.752645
4242,201.749738
4243,201.746832
4244,201.743926
4245,201.741020
4246,201.738115
4247,201.735210
4248,201.732305
4249,201.729400
4250,201.726495
4251,201.723591
4252,201.720687
4253,201.717783
4254,201.714880
4255,201.711977
4256,201.709074
4257,201.706171
4258,201.703268
4259,201.700366
4260,201.697464
4261,201.694563
4262,201.691661
4263,201.688760
4264,201.685859
4265,201.682958
4266,201.680058
4267,201.677158
4268,201.674258
4269,201.671358
4270,201.668458
4271,201.665559
4272,201.662660
4273,201.659762
4274,201.656863
4275,201.653965
4276,201.651067
4277,201.648169
4278,201.645272
4279,201.642375
4280,201.639478
4281,201.636581
4282,201.633685
4283,201.630789
4284,201.627893
4285,201.624997
4286,201.622102
4287,201.619206
4288,201.616312
4289,201.613417
4290,201.610522
4291,201.607628
4292,201.604734
4293,201.601841
4294,201.598947
4295,201.596054
4296,201.593161
4297,201.590269
4298,201.587376
4299,201.584484
4300,201.581592
4301,201.578701
4302,201.575809
4303,201.572918
4304,201.570027
4305,201.567136
4306,201.564246
4307,201.561356
4308,201.558466
4309,201.555576
4310,201.552687
4311,201.549798
4312,201.546909
4313,201.544020
4314,201.541132
4315,201.538244
4316,201.535356
4317,201.532468
4318,201.529581
4319,201.526694
4320,201.523807
4321,201.520920
4322,201.518034
4323,201.515148
4324,201.512262
4325,201.509376
4326,201.506491
4327,201.503606
4328,201.500721
4329,201.497836
4330,201.494952
4331,201.492068
4332,201.489184
4333,201.486300
4334,201.483417
4335,201.480534
4336,201.477651
4337,201.474769
4338,201.471886
4339,201.469004
4340,201.466122
4341,201.463241
4342,201.460359
4343,201.457478
4344,201.454597
4345,201.451717
4346,201.448836
4347,201.445956
4348,201.443076
4349,201.440197
4350,201.437317
4351,201.434438
4352,201.431559
4353,201.428681
4354,201.425802
4355,201.422924
4356,201.420046
4357,201.417169
4358,201.414291
4359,201.411414
4360,201.408538
4361,201.405661
4362,201.402785
4363,201.399908
4364,201.397033
4365,201.394157
4366,201.391282
4367,201.388406
4368,201.385532
4369,201.382657
4370,201.379783
4371,201.376909
4372,201.374035
4373,201.371161
4374,201.368288
4375,201.365415
4376,201.362542
4377,201.359669
4378,201.356797
4379,201.353925
4380,201.351053
4381,201.348181
4382,201.345310
4383,201.342439
4384,201.339568
4385,201.336697
4386,201.333827
4387,201.330957
4388,201.328087
4389,201.325217
4390,201.322348
4391,201.319479
4392,201.316610
4393,201.313741
4394,201.310873
4395,201.308005
4396,201.305137
4397,201.302269
4398,201.299402
4399,201.296535
4400,201.293668
4401,201.290801
4402,201.287935
4403,201.285069
4404,201.282203
4405,201.279337
4406,201.276472
4407,201.273607
4408,201.270742
4409,201.267877
4410,201.265013
4411,201.262148
4412,201.259285
4413,201.256421
4414,201.253558
4415,201.250694
4416,201.247831
4417,201.244969
4418,201.242106
4419,201.239244
4420,201.236382
4421,201.233521
4422,201.230659
4423,201.227798
4424,201.224937
4425,201.222077
4426,201.219216
4427,201.216356
4428,201.213496
4429,201.210636
4430,201.207777
4431,201.204918
4432,201.202059
4433,201.199200
4434,201.196342
4435,201.193483
4436,201.190626
4437,201.187768
4438,201.184910
4439,201.182053
4440,201.179196
4441,201.176340
4442,201.173483
4443,201.170627
4444,201.167771
4445,201.164915
4446,201.162060
4447,201.159205
4448,201.156350
4449,201.153495
4450,201.150640
4451,201.147786
4452,201.144932
4453,201.142078
4454,201.139225
4455,201.136372
4456,201.133519
4457,201.130666
4458,201.127814
4459,201.124961
4460,201.122109
4461,201.119258
4462,201.116406
4463,201.113555
4464,201.110704
4465,201.107853
4466,201.105003
4467,201.102152
4468,201.099302
4469,201.096452
4470,201.093603
4471,201.090754
4472,201.087905
4473,201.085056
4474,201.082207
4475,201.079359
4476,201.076511
4477,201.073663
4478,201.070816
4479,201.067968
4480,201.065121
4481,201.062275
4482,201.059428
4483,201.056582
4484,201.053736
4485,201.050890
4486,201.048044
4487,201.045199
4488,201.042354
4489,201.039509
4490,201.036664
4491,201.033820
4492,201.030976
4493,201.028132
4494,201.025289
4495,201.022445
4496,201.019602
4497,201.016759
4498,201.013917
4499,201.011074
4500,201.008232
4501,201.005390
4502,201.002549
4503,200.999707
4504,200.996866
4505,200.994025
4506,200.991185
4507,200.988344
4508,200.985504
4509,200.982664
4510,200.979825
4511,200.976985
4512,200.974146
4513,200.971307
4514,200.968468
4515,200.965630
4516,200.962792
4517,200.959954
4518,200.957116
4519,200.954279
4520,200.951442
4521,200.948605
4522,200.945768
4523,200.942931
4524,200.940095
4525,200.937259
4526,200.934424
4527,200.931588
4528,200.928753
4529,200.925918
4530,200.923083
4531,200.920249
4532,200.917414
4533,200.914580
4534,200.911747
4535,200.908913
4536,200.906080
4537,200.903247
4538,200.900414
4539,200.897582
4540,200.894749
4541,200.891917
4542,200.889086
4543,200.886254
4544,200.883423
4545,200.880592
4546,200.877761
4547,200.874930
4548,200.872100
4549,200.869270
4550,200.866440
4551,200.863611
4552,200.860781
4553,200.857952
4554,200.855123
4555,200.852295
4556,200.849466
4557,200.846638
4558,200.843810
4559,200.840983
4560,200.838155
4561,200.835328
4562,200.832501
4563,200.829675
4564,200.826848
4565,200.824022
4566,200.821196
4567,200.818371
4568,200.815545
4569,200.812720
4570,200.809895
4571,200.807071
4572,200.804246
4573,200.801422
4574,200.798598
4575,200.795774
4576,200.792951
4577,200.790128
4578,200.787305
4579,200.784482
4580,200.781660
4581,200.778837
4582,200.776015
4583,200.773194
4584,200.770372
4585,200.767551
4586,200.764730
4587,200.761909
4588,200.759089
4589,200.756268
4590,200.753448
4591,200.750629
4592,200.747809
4593,200.744990
4594,200.742171
4595,200.739352
4596,200.736533
4597,200.733715
4598,200.730897
4599,200.728079
4600,200.725261
4601,200.722444
4602,200.719627
4603,200.716810
4604,200.713994
4605,200.711177
4606,200.708361
4607,200.705545
4608,200.702730
4609,200.699914
4610,200.697099
4611,200.694284
4612,200.691470
4613,200.688655
4614,200.685841
4615,200.683027
4616,200.680213
4617,200.677400
4618,200.674587
4619,200.671774
4620,200.668961
4621,200.666149
4622,200.663336
4623,200.660524
4624,200.657713
4625,200.654901
4626,200.652090
4627,200.649279
4628,200.646468
4629,200.643658
4630,200.640847
4631,200.638037
4632,200.635228
4633,200.632418
4634,200.629609
4635,200.626800
4636,200.623991
4637,200.621182
4638,200.618374
4639,200.615566
4640,200.612758
4641,200.609951
4642,200.607143
4643,200.604336
4644,200.601529
4645,200.598723
4646,200.595916
4647,200.593110
4648,200.590304
4649,200.587499
4650,200.584693
4651,200.581888
4652,200.579083
4653,200.576279
4654,200.573474
4655,200.570670
4656,200.567866
4657,200.565062
4658,200.562259
4659,200.559456
4660,200.556653
4661,200.553850
4662,200.551047
4663,200.548245
4664,200.545443
4665,200.542641
4666,200.539840
4667,200.537039
4668,200.534238
4669,200.531437
4670,200.528636
4671,200.525836
4672,200.523036
4673,200.520236
4674,200.517437
4675,200.514637
4676,200.511838
4677,200.509039
4678,200.506241
4679,200.503442
4680,200.500644
4681,200.497846
4682,200.495049
4683,200.492251
4684,200.489454
4685,200.486657
4686,200.483861
4687,200.481064
4688,200.478268
4689,200.475472
4690,200.472676
4691,200.469881
4692,200.467086
4693,200.464291
4694,200.461496
4695,200.458701
4696,200.455907
4697,200.453113
4698,200.450319
4699,200.447526
4700,200.444733
4701,200.441940
4702,200.439147
4703,200.436354
4704,200.433562
4705,200.430770
4706,200.427978
4707,200.425187
4708,200.422395
4709,200.419604
4710,200.416813
4711,200.414023
4712,200.411232
4713,200.408442
4714,200.405652
4715,200.402863
4716,200.400073
4717,200.397284
4718,200.394495
4719,200.391706
4720,200.388918
4721,200.386130
4722,200.383342
4723,200.380554
4724,200.377767
4725,200.374979
4726,200.372192
4727,200.369406
4728,200.366619
4729,200.363833
4730,200.361047
4731,200.358261
4732,200.355476
4733,200.352690
4734,200.349905
4735,200.347120
4736,200.344336
4737,200.341551
4738,200.338767
4739,200.335983
4740,200.333200
4741,200.330416
4742,200.327633
4743,200.324850
4744,200.322068
4745,200.319285
4746,200.316503
4747,200.313721
4748,200.310940
4749,200.308158
4750,200.305377
4751,200.302596
4752,200.299815
4753,200.297035
4754,200.294255
4755,200.291475
4756,200.288695
4757,200.285915
4758,200.283136
4759,200.280357
4760,200.277578
4761,200.274800
4762,200.272021
4763,200.269243
4764,200.266465
4765,200.263688
4766,200.260910
4767,200.258133
4768,200.255356
4769,200.252580
4770,200.249803
4771,200.247027
4772,200.244251
4773,200.241476
4774,200.238700
4775,200.235925
4776,200.233150
4777,200.230375
4778,200.227601
4779,200.224827
4780,200.222053
4781,200.219279
4782,200.216505
4783,200.213732
4784,200.210959
4785,200.208186
4786,200.205414
4787,200.202642
4788,200.199869
4789,200.197098
4790,200.194326
4791,200.191555
4792,200.188784
4793,200.186013
4794,200.183242
4795,200.180472
4796,200.177702
4797,200.174932
4798,200.172162
4799,200.169393
4800,200.166623
4801,200.163854
4802,200.161086
4803,200.158317
4804,200.155549
4805,200.152781
4806,200.150013
4807,200.147246
4808,200.144479
4809,200.141711
4810,200.138945
4811,200.136178
4812,200.133412
4813,200.130646
4814,200.127880
4815,200.125114
4816,200.122349
4817,200.119584
4818,200.116819
4819,200.114054
4820,200.111290
4821,200.108526
4822,200.105762
4823,200.102998
4824,200.100235
4825,200.097472
4826,200.094709
4827,200.091946
4828,200.089183
4829,200.086421
4830,200.083659
4831,200.080897
4832,200.078136
4833,200.075375
4834,200.072614
4835,200.069853
4836,200.067092
4837,200.064332
4838,200.061572
4839,200.058812
4840,200.056052
4841,200.053293
4842,200.050534
4843,200.047775
4844,200.045016
4845,200.042258
4846,200.039500
4847,200.036742
4848,200.033984
4849,200.031226
4850,200.028469
4851,200.025712
4852,200.022956
4853,200.020199
4854,200.017443
4855,200.014687
4856,200.011931
4857,200.009175
4858,200.006420
4859,200.003665
4860,200.000910
4861,199.998156
4862,199.995401
4863,199.992647
4864,199.989893
4865,199.987139
4866,199.984386
4867,199.981633
4868,199.978880
4869,199.976127
4870,199.973375
4871,199.970623
4872,199.967871
4873,199.965119
4874,199.962367
4875,199.959616
4876,199.956865
4877,199.954114
4878,199.951364
4879,199.948613
4880,199.945863
4881,199.943114
4882,199.940364
4883,199.937615
4884,199.934865
4885,199.932117
4886,199.929368
4887,199.926620
4888,199.923871
4889,199.921123
4890,199.918376
4891,199.915628
4892,199.912881
4893,199.910134
4894,199.907387
4895,199.904641
4896,199.901895
4897,199.899149
4898,199.896403
4899,199.893657
4900,199.890912
4901,199.888167
4902,199.885422
4903,199.882677
4904,199.879933
4905,199.877189
4906,199.874445
4907,199.871701
4908,199.868958
4909,199.866215
4910,199.863472
4911,199.860729
4912,199.857987
4913,199.855244
4914,199.852502
4915,199.849761
4916,199.847019
4917,199.844278
4918,199.841537
4919,199.838796
4920,199.836055
4921,199.833315
4922,199.830575
4923,199.827835
4924,199.825095
4925,199.822356
4926,199.819617
4927,199.816878
4928,199.814139
4929,199.811401
4930,199.808663
4931,199.805925
4932,199.803187
4933,199.800450
4934,199.797712
4935,199.794975
4936,199.792239
4937,199.789502
4938,199.786766
4939,199.784030
4940,199.781294
4941,199.778558
4942,199.775823
4943,199.773088
4944,199.770353
4945,199.767618
4946,199.764884
4947,199.762150
4948,199.759416
4949,199.756682
4950,199.753949
4951,199.751215
4952,199.748482
4953,199.745750
4954,199.743017
4955,199.740285
4956,199.737553
4957,199.734821
4958,199.732089
4959,199.729358
4960,199.726627
4961,199.723896
4962,199.721165
4963,199.718435
4964,199.715705
4965,199.712975
4966,199.710245
4967,199.707516
4968,199.704787
4969,199.702058
4970,199.699329
4971,199.696600
4972,199.693872
4973,199.691144
4974,199.688416
4975,199.685689
4976,199.682961
4977,199.680234
4978,199.677508
4979,199.674781
4980,199.672055
4981,199.669328
4982,199.666603
4983,199.663877
4984,199.661151
4985,199.658426
4986,199.655701
4987,199.652977
4988,199.650252
4989,199.647528
4990,199.644804
4991,199.642080
4992,199.639356
4993,199.636633
4994,199.633910
4995,199.631187
4996,199.628465
4997,199.625742
4998,199.623020
4999,199.620298
5000,199.617577
5001,199.614855
5002,199.612134
5003,199.609413
5004,199.606692
5005,199.603972
5006,199.601252
5007,199.598532
5008,199.595812
5009,199.593092
5010,199.590373
5011,199.587654
5012,199.584935
5013,199.582216
5014,199.579498
5015,199.576780
5016,199.574062
5017,199.571344
5018,199.568627
5019,199.565910
5020,199.563193
5021,199.560476
5022,199.557760
5023,199.555043
5024,199.552327
5025,199.549612
5026,199.546896
5027,199.544181
5028,199.541466
5029,199.538751
5030,199.536036
5031,199.533322
5032,199.530608
5033,199.527894
5034,199.525180
5035,199.522467
5036,199.519754
5037,199.517041
5038,199.514328
5039,199.511615
5040,199.508903
5041,199.506191
5042,199.503479
5043,199.500768
5044,199.498057
5045,199.495345
5046,199.492635
5047,199.489924
5048,199.487214
5049,199.484503
5050,199.481794
5051,199.479084
5052,199.476374
5053,199.473665
5054,199.470956
5055,199.468248
5056,199.465539
5057,199.462831
5058,199.460123
5059,199.457415
5060,199.454707
5061,199.452000
5062,199.449293
5063,199.446586
5064,199.443879
5065,199.441173
5066,199.438467
5067,199.435761
5068,199.433055
5069,199.430350
5070,199.427645
5071,199.424940
5072,199.422235
5073,199.419530
5074,199.416826
5075,199.414122
5076,199.411418
5077,199.408715
5078,199.406011
5079,199.403308
5080,199.400605
5081,199.397903
5082,199.395200
5083,199.392498
5084,199.389796
5085,199.387094
5086,199.384393
5087,199.381692
5088,199.378991
5089,199.376290
5090,199.373589
5091,199.370889
5092,199.368189
5093,199.365489
5094,199.362789
5095,199.360090
5096,199.357391
5097,199.354692
5098,199.351993
5099,199.349295
5100,199.346597
5101,199.343899
5102,199.341201
5103,199.338503
5104,199.335806
5105,199.333109
5106,199.330412
5107,199.327716
5108,199.325019
5109,199.322323
5110,199.319627
5111,199.316932
5112,199.314236
5113,199.311541
5114,199.308846
5115,199.306152
5116,199.303457
5117,199.300763
5118,199.298069
5119,199.295375
5120,199.292682
5121,199.289988
5122,199.287295
5123,199.284602
5124,199.281910
5125,199.279217
5126,199.276525
5127,199.273833
5128,199.271142
5129,199.268450
5130,199.265759
5131,199.263068
5132,199.260377
5133,199.257687
5134,199.254996
5135,199.252306
5136,199.249617
5137,199.246927
5138,199.244238
5139,199.241548
5140,199.238860
5141,199.236171
5142,199.233483
5143,199.230794
5144,199.228106
5145,199.225419
5146,199.222731
5147,199.220044
5148,199.217357
5149,199.214670
5150,199.211984
5151,199.209297
5152,199.206611
5153,199.203925
5154,199.201240
5155,199.198554
5156,199.195869
5157,199.193184
5158,199.190499
5159,199.187815
5160,199.185131
5161,199.182447
5162,199.179763
5163,199.177079
5164,199.174396
5165,199.171713
5166,199.169030
5167,199.166348
5168,199.163665
5169,199.160983
5170,199.158301
5171,199.155619
5172,199.152938
5173,199.150257
5174,199.147576
5175,199.144895
5176,199.142214
5177,199.139534
5178,199.136854
5179,199.134174
5180,199.131495
5181,199.128815
5182,199.126136
5183,199.123457
5184,199.120779
5185,199.118100
5186,199.115422
5187,199.112744
5188,199.110066
5189,199.107389
5190,199.104712
5191,199.102034
5192,199.099358
5193,199.096681
5194,199.094005
5195,199.091329
5196,199.088653
5197,199.085977
5198,199.083302
5199,199.080626
5200,199.077951
5201,199.075277
5202,199.072602
5203,199.069928
5204,199.067254
5205,199.064580
5206,199.061907
5207,199.059233
5208,199.056560
5209,199.053887
5210,199.051215
5211,199.048542
5212,199.045870
5213,199.043198
5214,199.040526
5215,199.037855
5216,199.035183
5217,199.032512
5218,199.029842
5219,199.027171
5220,199.024501
5221,199.021831
5222,199.019161
5223,199.016491
5224,199.013822
5225,199.011153
5226,199.008484
5227,199.005815
5228,199.003146
5229,199.000478
5230,198.997810
5231,198.995142
5232,198.992475
5233,198.989807
5234,198.987140
5235,198.984473
5236,198.981807
5237,198.979140
5238,198.976474
5239,198.973808
5240,198.971142
5241,198.968477
5242,198.965812
5243,198.963147
5244,198.960482
5245,198.957817
5246,198.955153
5247,198.952489
5248,198.949825
5249,198.947161
5250,198.944498
5251,198.941835
5252,198.939172
5253,198.936509
5254,198.933847
5255,198.931184
5256,198.928522
5257,198.925860
5258,198.923199
5259,198.920538
5260,198.917876
5261,198.915216
5262,198.912555
5263,198.909894
5264,198.907234
5265,198.904574
5266,198.901915
5267,198.899255
5268,198.896596
5269,198.893937
5270,198.891278
5271,198.888619
5272,198.885961
5273,198.883303
5274,198.880645
5275,198.877987
5276,198.875330
5277,198.872673
5278,198.870016
5279,198.867359
5280,198.864702
5281,198.862046
5282,198.859390
5283,198.856734
5284,198.854079
5285,198.851423
5286,198.848768
5287,198.846113
5288,198.843459
5289,198.840804
5290,198.838150
5291,198.835496
5292,198.832842
5293,198.830189
5294,198.827535
5295,198.824882
5296,198.822229
5297,198.819577
5298,198.816924
5299,198.814272
5300,198.811620
5301,198.808969
5302,198.806317
5303,198.803666
5304,198.801015
5305,198.798364
5306,198.795714
5307,198.793063
5308,198.790413
5309,198.787763
5310,198.785114
5311,198.782464
5312,198.779815
5313,198.777166
5314,198.774518
5315,198.771869
5316,198.769221
5317,198.766573
5318,198.763925
5319,198.761277
5320,198.758630
5321,198.755983
5322,198.753336
5323,198.750690
5324,198.748043
5325,198.745397
5326,198.742751
5327,198.740105
5328,198.737460
5329,198.734814
5330,198.732169
5331,198.729525
5332,198.726880
5333,198.724236
5334,198.721591
5335,198.718948
5336,198.716304
5337,198.713660
5338,198.711017
5339,198.708374
5340,198.705731
5341,198.703089
5342,198.700447
5343,198.697805
5344,198.695163
5345,198.692521
5346,198.689880
5347,198.687239
5348,198.684598
5349,198.681957
5350,198.679316
5351,198.676676
5352,198.674036
5353,198.671396
5354,198.668757
5355,198.666117
5356,198.663478
5357,198.660839
5358,198.658201
5359,198.655562
5360,198.652924
5361,198.650286
5362,198.647649
5363,198.645011
5364,198.642374
5365,198.639737
5366,198.637100
5367,198.634463
5368,198.631827
5369,198.629191
5370,198.626555
5371,198.623919
5372,198.621284
5373,198.618648
5374,198.616013
5375,198.613379
5376,198.610744
5377,198.608110
5378,198.605476
5379,198.602842
5380,198.600208
5381,198.597575
5382,198.594942
5383,198.592309
5384,198.589676
5385,198.587044
5386,198.584411
5387,198.581779
5388,198.579147
5389,198.576516
5390,198.573884
5391,198.571253
5392,198.568622
5393,198.565992
5394,198.563361
5395,198.560731
5396,198.558101
5397,198.555471
5398,198.552842
5399,198.550213
5400,198.547583
5401,198.544955
5402,198.542326
5403,198.539698
5404,198.537069
5405,198.534441
5406,198.531814
5407,198.529186
5408,198.526559
5409,198.523932
5410,198.521305
5411,198.518679
5412,198.516052
5413,198.513426
5414,198.510800
5415,198.508175
5416,198.505549
5417,198.502924
5418,198.500299
5419,198.497674
5420,198.495050
5421,198.492425
5422,198.489801
5423,198.487177
5424,198.484554
5425,198.481930
5426,198.479307
5427,198.476684
5428,198.474061
5429,198.471439
5430,198.468817
5431,198.466195
5432,198.463573
5433,198.460951
5434,198.458330
5435,198.455709
5436,198.453088
5437,198.450467
5438,198.447847
5439,198.445227
5440,198.442607
5441,198.439987
5442,198.437367
5443,198.434748
5444,198.432129
5445,198.429510
5446,198.426891
5447,198.424273
5448,198.421655
5449,198.419037
5450,198.416419
5451,198.413802
5452,198.411184
5453,198.408567
5454,198.405950
5455,198.403334
5456,198.400717
5457,198.398101
5458,198.395485
5459,198.392870
5460,198.390254
5461,198.387639
5462,198.385024
5463,198.382409
5464,198.379795
5465,198.377180
5466,198.374566
5467,198.371952
5468,198.369339
5469,198.366725
5470,198.364112
5471,198.361499
5472,198.358886
5473,198.356274
5474,198.353661
5475,198.351049
5476,198.348437
5477,198.345826
5478,198.343214
5479,198.340603
5480,198.337992
5481,198.335382
5482,198.332771
5483,198.330161
5484,198.327551
5485,198.324941
5486,198.322331
5487,198.319722
5488,198.317113
5489,198.314504
5490,198.311895
5491,198.309287
5492,198.306678
5493,198.304070
5494,198.301463
5495,198.298855
5496,198.296248
5497,198.293641
5498,198.291034
5499,198.288427
5500,198.285821
5501,198.283214
5502,198.280608
5503,198.278003
5504,198.275397
5505,198.272792
5506,198.270187
5507,198.267582
5508,198.264977
5509,198.262373
5510,198.259769
5511,198.257165
5512,198.254561
5513,198.251957
5514,198.249354
5515,198.246751
5516,198.244148
5517,198.241546
5518,198.238943
5519,198.236341
5520,198.233739
5521,198.231138
5522,198.228536
5523,198.225935
5524,198.223334
5525,198.220733
5526,198.218132
5527,198.215532
5528,198.212932
5529,198.210332
5530,198.207732
5531,198.205133
5532,198.202534
5533,198.199935
5534,198.197336
5535,198.194737
5536,198.192139
5537,198.189541
5538,198.186943
5539,198.184345
5540,198.181748
5541,198.179151
5542,198.176554
5543,198.173957
5544,198.171360
5545,198.168764
5546,198.166168
5547,198.163572
5548,198.160976
5549,198.158381
5550,198.155786
5551,198.153191
5552,198.150596
5553,198.148002
5554,198.145407
5555,198.142813
5556,198.140219
5557,198.137626
5558,198.135032
5559,198.132439
5560,198.129846
5561,198.127254
5562,198.124661
5563,198.122069
5564,198.119477
5565,198.116885
5566,198.114293
5567,198.111702
5568,198.109111
5569,198.106520
5570,198.103929
5571,198.101339
5572,198.098748
5573,198.096158
5574,198.093569
5575,198.090979
5576,198.088390
5577,198.085801
5578,198.083212
5579,198.080623
5580,198.078035
5581,198.075446
5582,198.072858
5583,198.070270
5584,198.067683
5585,198.065096
5586,198.062508
5587,198.059922
5588,198.057335
5589,198.054748
5590,198.052162
5591,198.049576
5592,198.046990
5593,198.044405
5594,198.041820
5595,198.039234
5596,198.036650
5597,198.034065
5598,198.031480
5599,198.028896
5600,198.026312
5601,198.023729
5602,198.021145
5603,198.018562
5604,198.015979
5605,198.013396
5606,198.010813
5607,198.008231
5608,198.005648
5609,198.003066
5610,198.000485
5611,197.997903
5612,197.995322
5613,197.992741
5614,197.990160
5615,197.987579
5616,197.984999
5617,197.982419
5618,197.979839
5619,197.977259
5620,197.974679
5621,197.972100
5622,197.969521
5623,197.966942
5624,197.964364
5625,197.961785
5626,197.959207
5627,197.956629
5628,197.954051
5629,197.951474
5630,197.948896
5631,197.946319
5632,197.943743
5633,197.941166
5634,197.938590
5635,197.936013
5636,197.933437
5637,197.930862
5638,197.928286
5639,197.925711
5640,197.923136
5641,197.920561
5642,197.917986
5643,197.915412
5644,197.912838
5645,197.910264
5646,197.907690
5647,197.905117
5648,197.902543
5649,197.899970
5650,197.897397
5651,197.894825
5652,197.892252
5653,197.889680
5654,197.887108
5655,197.884537
5656,197.881965
5657,197.879394
5658,197.876823
5659,197.874252
5660,197.871681
5661,197.869111
5662,197.866541
5663,197.863971
5664,197.861401
5665,197.858832
5666,197.856262
5667,197.853693
5668,197.851124
5669,197.848556
5670,197.845987
5671,197.843419
5672,197.840851
5673,197.838283
5674,197.835716
5675,197.833149
5676,197.830582
5677,197.828015
5678,197.825448
5679,197.822882
5680,197.820316
5681,197.817750
5682,197.815184
5683,197.812618
5684,197.810053
5685,197.807488
5686,197.804923
5687,197.802359
5688,197.799794
5689,197.797230
5690,197.794666
5691,197.792102
5692,197.789539
5693,197.786976
5694,197.784413
5695,197.781850
5696,197.779287
5697,197.776725
5698,197.774162
5699,197.771601
5700,197.769039
5701,197.766477
5702,197.763916
5703,197.761355
5704,197.758794
5705,197.756233
5706,197.753673
5707,197.751113
5708,197.748553
5709,197.745993
5710,197.743434
5711,197.740874
5712,197.738315
5713,197.735756
5714,197.733198
5715,197.730639
5716,197.728081
5717,197.725523
5718,197.722965
5719,197.720408
5720,197.717851
5721,197.715294
5722,197.712737
5723,197.710180
5724,197.707624
5725,197.705067
5726,197.702511
5727,197.699956
5728,197.697400
5729,197.694845
5730,197.692290
5731,197.689735
5732,197.687180
5733,197.684626
5734,197.682071
5735,197.679518
5736,197.676964
5737,197.674410
5738,197.671857
5739,197.669304
5740,197.666751
5741,197.664198
5742,197.661646
5743,197.659094
5744,197.656542
5745,197.653990
5746,197.651438
5747,197.648887
5748,197.646336
5749,197.643785
5750,197.641234
5751,197.638684
5752,197.636133
5753,197.633583
5754,197.631034
5755,197.628484
5756,197.625935
5757,197.623386
5758,197.620837
5759,197.618288
5760,197.615739
5761,197.613191
5762,197.610643
5763,197.608095
5764,197.605548
5765,197.603000
5766,197.600453
5767,197.597906
5768,197.595360
5769,197.592813
5770,197.590267
5771,197.587721
5772,197.585175
5773,197.582629
5774,197.580084
5775,197.577539
5776,197.574994
5777,197.572449
5778,197.569905
5779,197.567360
5780,197.564816
5781,197.562272
5782,197.559729
5783,197.557185
5784,197.554642
5785,197.552099
5786,197.549556
5787,197.547014
5788,197.544472
5789,197.541929
5790,197.539388
5791,197.536846
5792,197.534304
5793,197.531763
5794,197.529222
5795,197.526681
5796,197.524141
5797,197.521601
5798,197.519060
5799,197.516521
5800,197.513981
5801,197.511441
5802,197.508902
5803,197.506363
5804,197.503824
5805,197.501286
5806,197.498747
5807,197.496209
5808,197.493671
5809,197.491134
5810,197.488596
5811,197.486059
5812,197.483522
5813,197.480985
5814,197.478449
5815,197.475912
5816,197.473376
5817,197.470840
5818,197.468304
5819,197.465769
5820,197.463234
5821,197.460698
5822,197.458164
5823,197.455629
5824,197.453095
5825,197.450560
5826,197.448026
5827,197.445493
5828,197.442959
5829,197.440426
5830,197.437893
5831,197.435360
5832,197.432827
5833,197.430295
5834,197.427763
5835,197.425231
5836,197.422699
5837,197.420167
5838,197.417636
5839,197.415105
5840,197.412574
5841,197.410043
5842,197.407513
5843,197.404982
5844,197.402452
5845,197.399923
5846,197.397393
5847,197.394864
5848,197.392335
5849,197.389806
5850,197.387277
5851,197.384748
5852,197.382220
5853,197.379692
5854,197.377164
5855,197.374637
5856,197.372109
5857,197.369582
5858,197.367055
5859,197.364528
5860,197.362002
5861,197.359475
5862,197.356949
5863,197.354423
5864,197.351898
5865,197.349372
5866,197.346847
5867,197.344322
5868,197.341797
5869,197.339273
5870,197.336748
5871,197.334224
5872,197.331700
5873,197.329177
5874,197.326653
5875,197.324130
5876,197.321607
5877,197.319084
5878,197.316562
5879,197.314039
5880,197.311517
5881,197.308995
5882,197.306473
5883,197.303952
5884,197.301431
5885,197.298909
5886,197.296389
5887,197.293868
5888,197.291348
5889,197.288827
5890,197.286307
5891,197.283788
5892,197.281268
5893,197.278749
5894,197.276230
5895,197.273711
5896,197.271192
5897,197.268674
5898,197.266155
5899,197.263637
5900,197.261120
5901,197.258602
5902,197.256085
5903,197.253567
5904,197.251050
5905,197.248534
5906,197.246017
5907,197.243501
5908,197.240985
5909,197.238469
5910,197.235953
5911,197.233438
5912,197.230923
5913,197.228408
5914,197.225893
5915,197.223379
5916,197.220864
5917,197.218350
5918,197.215836
5919,197.213323
5920,197.210809
5921,197.208296
5922,197.205783
5923,197.203270
5924,197.200757
5925,197.198245
5926,197.195733
5927,197.193221
5928,197.190709
5929,197.188198
5930,197.185687
5931,197.183175
5932,197.180665
5933,197.178154
5934,197.175644
5935,197.173133
5936,197.170623
5937,197.168114
5938,197.165604
5939,197.163095
5940,197.160586
5941,197.158077
5942,197.155568
5943,197.153060
5944,197.150551
5945,197.148043
5946,197.145536
5947,197.143028
5948,197.140521
5949,197.138013
5950,197.135507
5951,197.133000
5952,197.130493
5953,197.127987
5954,197.125481
5955,197.122975
5956,197.120469
5957,197.117964
5958,197.115459
5959,197.112954
5960,197.110449
5961,197.107945
5962,197.105440
5963,197.102936
5964,197.100432
5965,197.097928
5966,197.095425
5967,197.092922
5968,197.090419
5969,197.087916
5970,197.085413
5971,197.082911
5972,197.080409
5973,197.077907
5974,197.075405
5975,197.072903
5976,197.070402
5977,197.067901
5978,197.065400
5979,197.062900
5980,197.060399
5981,197.057899
5982,197.055399
5983,197.052899
5984,197.050399
5985,197.047900
5986,197.045401
5987,197.042902
5988,197.040403
5989,197.037905
5990,197.035407
5991,197.032908
5992,197.030411
5993,197.027913
5994,197.025416
5995,197.022918
5996,197.020421
5997,197.017925
5998,197.015428
5999,197.012932
6000,197.010436
6001,197.007940
6002,197.005444
6003,197.002949
6004,197.000453
6005,196.997958
6006,196.995463
6007,196.992969
6008,196.990474
6009,196.987980
6010,196.985486
6011,196.982992
6012,196.980499
6013,196.978006
6014,196.975513
6015,196.973020
6016,196.970527
6017,196.968035
6018,196.965542
6019,196.963050
6020,196.960558
6021,196.958067
6022,196.955575
6023,196.953084
6024,196.950593
6025,196.948103
6026,196.945612
6027,196.943122
6028,196.940632
6029,196.938142
6030,196.935652
6031,196.933163
6032,196.930674
6033,196.928185
6034,196.925696
6035,196.923207
6036,196.920719
6037,196.918231
6038,196.915743
6039,196.913255
6040,196.910767
6041,196.908280
6042,196.905793
6043,196.903306
6044,196.900820
6045,196.898333
6046,196.895847
6047,196.893361
6048,196.890875
6049,196.888390
6050,196.885904
6051,196.883419
6052,196.880934
6053,196.878450
6054,196.875965
6055,196.873481
6056,196.870997
6057,196.868513
6058,196.866029
6059,196.863546
6060,196.861063
6061,196.858580
6062,196.856097
6063,196.853614
6064,196.851132
6065,196.848650
6066,196.846168
6067,196.843686
6068,196.841205
6069,196.838723
6070,196.836242
6071,196.833762
6072,196.831281
6073,196.828800
6074,196.826320
6075,196.823840
6076,196.821361
6077,196.818881
6078,196.816402
6079,196.813922
6080,196.811444
6081,196.808965
6082,196.806486
6083,196.804008
6084,196.801530
6085,196.799052
6086,196.796575
6087,196.794097
6088,196.791620
6089,196.789143
6090,196.786666
6091,196.784190
6092,196.781713
6093,196.779237
6094,196.776761
6095,196.774286
6096,196.771810
6097,196.769335
6098,196.766860
6099,196.764385
6100,196.761910
6101,196.759436
6102,196.756962
6103,196.754488
6104,196.752014
6105,196.749540
6106,196.747067
6107,196.744594
6108,196.742121
6109,196.739648
6110,196.737176
6111,196.734704
6112,196.732231
6113,196.729760
6114,196.727288
6115,196.724817
6116,196.722345
6117,196.719874
6118,196.717404
6119,196.714933
6120,196.712463
6121,196.709993
6122,196.707523
6123,196.705053
6124,196.702583
6125,196.700114
6126,196.697645
6127,196.695176
6128,196.692708
6129,196.690239
6130,196.687771
6131,196.685303
6132,196.682835
6133,196.680368
6134,196.677900
6135,196.675433
6136,196.672966
6137,196.670499
6138,196.668033
6139,196.665567
6140,196.663101
6141,196.660635
6142,196.658169
6143,196.655704
6144,196.653238
6145,196.650773
6146,196.648308
6147,196.645844
6148,196.643380
6149,196.640915
6150,196.638451
6151,196.635988
6152,196.633524
6153,196.631061
6154,196.628598
6155,196.626135
6156,196.623672
6157,196.621210
6158,196.618747
6159,196.616285
6160,196.613824
6161,196.611362
6162,196.608901
6163,196.606439
6164,196.603978
6165,196.601518
6166,196.599057
6167,196.596597
6168,196.594137
6169,196.591677
6170,196.589217
6171,196.586758
6172,196.584298
6173,196.581839
6174,196.579380
6175,196.576922
6176,196.574463
6177,196.572005
6178,196.569547
6179,196.567089
6180,196.564632
6181,196.562175
6182,196.559717
6183,196.557260
6184,196.554804
6185,196.552347
6186,196.549891
6187,196.547435
6188,196.544979
6189,196.542523
6190,196.540068
6191,196.537613
6192,196.535158
6193,196.532703
6194,196.530248
6195,196.527794
6196,196.525340
6197,196.522886
6198,196.520432
6199,196.517978
6200,196.515525
6201,196.513072
6202,196.510619
6203,196.508166
6204,196.505714
6205,196.503262
6206,196.500810
6207,196.498358
6208,196.495906
6209,196.493455
6210,196.491004
6211,196.488553
6212,196.486102
6213,196.483651
6214,196.481201
6215,196.478751
6216,196.476301
6217,196.473851
6218,196.471402
6219,196.468952
6220,196.466503
6221,196.464054
6222,196.461606
6223,196.459157
6224,196.456709
6225,196.454261
6226,196.451813
6227,196.449366
6228,196.446918
6229,196.444471
6230,196.442024
6231,196.439577
6232,196.437131
6233,196.434685
6234,196.432238
6235,196.429793
6236,196.427347
6237,196.424901
6238,196.422456
6239,196.420011
6240,196.417566
6241,196.415122
6242,196.412677
6243,196.410233
6244,196.407789
6245,196.405345
6246,196.402902
6247,196.400458
6248,196.398015
6249,196.395572
6250,196.393129
6251,196.390687
6252,196.388245
6253,196.385802
6254,196.383361
6255,196.380919
6256,196.378477
6257,196.376036
6258,196.373595
6259,196.371154
6260,196.368714
6261,196.366273
6262,196.363833
6263,196.361393
6264,196.358953
6265,196.356514
6266,196.354074
6267,196.351635
6268,196.349196
6269,196.346758
6270,196.344319
6271,196.341881
6272,196.339443
6273,196.337005
6274,196.334567
6275,196.332130
6276,196.329692
6277,196.327255
6278,196.324819
6279,196.322382
6280,196.319945
6281,196.317509
6282,196.315073
6283,196.312638
6284,196.310202
6285,196.307767
6286,196.305331
6287,196.302897
6288,196.300462
6289,196.298027
6290,196.295593
6291,196.293159
6292,196.290725
6293,196.288291
6294,196.285858
6295,196.283425
6296,196.280992
6297,196.278559
6298,196.276126
6299,196.273694
6300,196.271262
6301,196.268830
6302,196.266398
6303,196.263966
6304,196.261535
6305,196.259104
6306,196.256673
6307,196.254242
6308,196.251812
6309,196.249381
6310,196.246951
6311,196.244521
6312,196.242092
6313,196.239662
6314,196.237233
6315,196.234804
6316,196.232375
6317,196.229947
6318,196.227518
6319,196.225090
6320,196.222662
6321,196.220234
6322,196.217807
6323,196.215379
6324,196.212952
6325,196.210525
6326,196.208098
6327,196.205672
6328,196.203246
6329,196.200819
6330,196.198394
6331,196.195968
6332,196.193542
6333,196.191117
6334,196.188692
6335,196.186267
6336,196.183843
6337,196.181418
6338,196.178994
6339,196.176570
6340,196.174146
6341,196.171723
6342,196.169299
6343,196.166876
6344,196.164453
6345,196.162030
6346,196.159608
6347,196.157185
6348,196.154763
6349,196.152341
6350,196.149920
6351,196.147498
6352,196.145077
6353,196.142656
6354,196.140235
6355,196.137814
6356,196.135394
6357,196.132974
6358,196.130554
6359,196.128134
6360,196.125714
6361,196.123295
6362,196.120876
6363,196.118457
6364,196.116038
6365,196.113619
6366,196.111201
6367,196.108783
6368,196.106365
6369,196.103947
6370,196.101530
6371,196.099112
6372,196.096695
6373,196.094278
6374,196.091862
6375,196.089445
6376,196.087029
6377,196.084613
6378,196.082197
6379,196.079781
6380,196.077366
6381,196.074951
6382,196.072536
6383,196.070121
6384,196.067706
6385,196.065292
6386,196.062878
6387,196.060464
6388,196.058050
6389,196.055637
6390,196.053223
6391,196.050810
6392,196.048397
6393,196.045985
6394,196.043572
6395,196.041160
6396,196.038748
6397,196.036336
6398,196.033924
6399,196.031513
6400,196.029101
6401,196.026690
6402,196.024280
6403,196.021869
6404,196.019458
6405,196.017048
6406,196.014638
6407,196.012228
6408,196.009819
6409,196.007410
6410,196.005000
6411,196.002591
6412,196.000183
6413,195.997774
6414,195.995366
6415,195.992958
6416,195.990550
6417,195.988142
6418,195.985735
6419,195.983327
6420,195.980920
6421,195.978513
6422,195.976107
6423,195.973700
6424,195.971294
6425,195.968888
6426,195.966482
6427,195.964076
6428,195.961671
6429,195.959266
6430,195.956861
6431,195.954456
6432,195.952051
6433,195.949647
6434,195.947243
6435,195.944839
6436,195.942435
6437,195.940032
6438,195.937628
6439,195.935225
6440,195.932822
6441,195.930419
6442,195.928017
6443,195.925615
6444,195.923213
6445,195.920811
6446,195.918409
6447,195.916008
6448,195.913606
6449,195.911205
6450,195.908804
6451,195.906404
6452,195.904003
6453,195.901603
6454,195.899203
6455,195.896803
6456,195.894404
6457,195.892004
6458,195.889605
6459,195.887206
6460,195.884807
6461,195.882409
6462,195.880010
6463,195.877612
6464,195.875214
6465,195.872817
6466,195.870419
6467,195.868022
6468,195.865625
6469,195.863228
6470,195.860831
6471,195.858435
6472,195.856038
6473,195.853642
6474,195.851246
6475,195.848851
6476,195.846455
6477,195.844060
6478,195.841665
6479,195.839270
6480,195.836875
6481,195.834481
6482,195.832087
6483,195.829693
6484,195.827299
6485,195.824905
6486,195.822512
6487,195.820119
6488,195.817726
6489,195.815333
6490,195.812941
6491,195.810548
6492,195.808156
6493,195.805764
6494,195.803372
6495,195.800981
6496,195.798590
6497,195.796198
6498,195.793808
6499,195.791417
6500,195.789026
6501,195.786636
6502,195.784246
6503,195.781856
6504,195.779466
6505,195.777077
6506,195.774688
6507,195.772299
6508,195.769910
6509,195.767521
6510,195.765133
6511,195.762745
6512,195.760357
6513,195.757969
6514,195.755581
6515,195.753194
6516,195.750807
6517,195.748420
6518,195.746033
6519,195.743646
6520,195.741260
6521,195.738874
6522,195.736488
6523,195.734102
6524,195.731717
6525,195.729331
6526,195.726946
6527,195.724561
6528,195.722177
6529,195.719792
6530,195.717408
6531,195.715024
6532,195.712640
6533,195.710256
6534,195.707873
6535,195.705489
6536,195.703106
6537,195.700724
6538,195.698341
6539,195.695958
6540,195.693576
6541,195.691194
6542,195.688812
6543,195.686431
6544,195.684049
6545,195.681668
6546,195.679287
6547,195.676906
6548,195.674526
6549,195.672145
6550,195.669765
6551,195.667385
6552,195.665005
6553,195.662626
6554,195.660247
6555,195.657867
6556,195.655488
6557,195.653110
6558,195.650731
6559,195.648353
6560,195.645975
6561,195.643597
6562,195.641219
6563,195.638842
6564,195.636464
6565,195.634087
6566,195.631710
6567,195.629334
6568,195.626957
6569,195.624581
6570,195.622205
6571,195.619829
6572,195.617453
6573,195.615078
6574,195.612703
6575,195.610328
6576,195.607953
6577,195.605578
6578,195.603204
6579,195.600830
6580,195.598456
6581,195.596082
6582,195.593708
6583,195.591335
6584,195.588962
6585,195.586589
6586,195.584216
6587,195.581843
6588,195.579471
6589,195.577099
6590,195.574727
6591,195.572355
6592,195.569984
6593,195.567612
6594,195.565241
6595,195.562870
6596,195.560499
6597,195.558129
6598,195.555759
6599,195.553388
6600,195.551019
6601,195.548649
6602,195.546279
6603,195.543910
6604,195.541541
6605,195.539172
6606,195.536803
6607,195.534435
6608,195.532067
6609,195.529699
6610,195.527331
6611,195.524963
6612,195.522596
6613,195.520228
6614,195.517861
6615,195.515495
6616,195.513128
6617,195.510762
6618,195.508395
6619,195.506029
6620,195.503663
6621,195.501298
6622,195.498932
6623,195.496567
6624,195.494202
6625,195.491838
6626,195.489473
6627,195.487109
6628,195.484744
6629,195.482380
6630,195.480017
6631,195.477653
6632,195.475290
6633,195.472927
6634,195.470564
6635,195.468201
6636,195.465838
6637,195.463476
6638,195.461114
6639,195.458752
6640,195.456390
6641,195.454029
6642,195.451667
6643,195.449306
6644,195.446945
6645,195.444585
6646,195.442224
6647,195.439864
6648,195.437504
6649,195.435144
6650,195.432784
6651,195.430425
6652,195.428066
6653,195.425706
6654,195.423348
6655,195.420989
6656,195.418630
6657,195.416272
6658,195.413914
6659,195.411556
6660,195.409199
6661,195.406841
6662,195.404484
6663,195.402127
6664,195.399770
6665,195.397414
6666,195.395057
6667,195.392701
6668,195.390345
6669,195.387989
6670,195.385634
6671,195.383278
6672,195.380923
6673,195.378568
6674,195.376213
6675,195.373859
6676,195.371504
6677,195.369150
6678,195.366796
6679,195.364442
6680,195.362089
6681,195.359735
6682,195.357382
6683,195.355029
6684,195.352676
6685,195.350324
6686,195.347972
6687,195.345619
6688,195.343268
6689,195.340916
6690,195.338564
6691,195.336213
6692,195.333862
6693,195.331511
6694,195.329160
6695,195.326810
6696,195.324459
6697,195.322109
6698,195.319759
6699,195.317410
6700,195.315060
6701,195.312711
6702,195.310362
6703,195.308013
6704,195.305664
6705,195.303316
6706,195.300967
6707,195.298619
6708,195.296271
6709,195.293924
6710,195.291576
6711,195.289229
6712,195.286882
6713,195.284535
6714,195.282188
6715,195.279842
6716,195.277496
6717,195.275150
6718,195.272804
6719,195.270458
6720,195.268113
6721,195.265768
6722,195.263423
6723,195.261078
6724,195.258733
6725,195.256389
6726,195.254044
6727,195.251700
6728,195.249357
6729,195.247013
6730,195.244670
6731,195.242326
6732,195.239983
6733,195.237641
6734,195.235298
6735,195.232956
6736,195.230613
6737,195.228271
6738,195.225930
6739,195.223588
6740,195.221247
6741,195.218905
6742,195.216564
6743,195.214224
6744,195.211883
6745,195.209543
6746,195.207203
6747,195.204863
6748,195.202523
6749,195.200183
6750,195.197844
6751,195.195505
6752,195.193166
6753,195.190827
6754,195.188488
6755,195.186150
6756,195.183812
6757,195.181474
6758,195.179136
6759,195.176799
6760,195.174461
6761,195.172124
6762,195.169787
6763,195.167451
6764,195.165114
6765,195.162778
6766,195.160442
6767,195.158106
6768,195.155770
6769,195.153434
6770,195.151099
6771,195.148764
6772,195.146429
6773,195.144094
6774,195.141760
6775,195.139426
6776,195.137091
6777,195.134758
6778,195.132424
6779,195.130090
6780,195.127757
6781,195.125424
6782,195.123091
6783,195.120758
6784,195.118426
6785,195.116094
6786,195.113762
6787,195.111430
6788,195.109098
6789,195.106766
6790,195.104435
6791,195.102104
6792,195.099773
6793,195.097443
6794,195.095112
6795,195.092782
6796,195.090452
6797,195.088122
6798,195.085792
6799,195.083463
6800,195.081133
6801,195.078804
6802,195.076476
6803,195.074147
6804,195.071818
6805,195.069490
6806,195.067162
6807,195.064834
6808,195.062507
6809,195.060179
6810,195.057852
6811,195.055525
6812,195.053198
6813,195.050871
6814,195.048545
6815,195.046219
6816,195.043893
6817,195.041567
6818,195.039241
6819,195.036916
6820,195.034590
6821,195.032265
6822,195.029940
6823,195.027616
6824,195.025291
6825,195.022967
6826,195.020643
6827,195.018319
6828,195.015996
6829,195.013672
6830,195.011349
6831,195.009026
6832,195.006703
6833,195.004381
6834,195.002058
6835,194.999736
6836,194.997414
6837,194.995092
6838,194.992770
6839,194.990449
6840,194.988128
6841,194.985807
6842,194.983486
6843,194.981165
6844,194.978845
6845,194.976525
6846,194.974205
6847,194.971885
6848,194.969565
6849,194.967246
6850,194.964927
6851,194.962607
6852,194.960289
6853,194.957970
6854,194.955652
6855,194.953333
6856,194.951015
6857,194.948698
6858,194.946380
6859,194.944063
6860,194.941745
6861,194.939428
6862,194.937112
6863,194.934795
6864,194.932479
6865,194.930162
6866,194.927846
6867,194.925530
6868,194.923215
6869,194.920899
6870,194.918584
6871,194.916269
6872,194.913954
6873,194.911640
6874,194.909325
6875,194.907011
6876,194.904697
6877,194.902383
6878,194.900070
6879,194.897756
6880,194.895443
6881,194.893130
6882,194.890817
6883,194.888505
6884,194.886192
6885,194.883880
6886,194.881568
6887,194.879256
6888,194.876945
6889,194.874633
6890,194.872322
6891,194.870011
6892,194.867700
6893,194.865390
6894,194.863079
6895,194.860769
6896,194.858459
6897,194.856149
6898,194.853840
6899,194.851530
6900,194.849221
6901,194.846912
6902,194.844603
6903,194.842295
6904,194.839986
6905,194.837678
6906,194.835370
6907,194.833062
6908,194.830754
6909,194.828447
6910,194.826140
6911,194.823833
6912,194.821526
6913,194.819219
6914,194.816913
6915,194.814607
6916,194.812301
6917,194.809995
6918,194.807689
6919,194.805384
6920,194.803079
6921,194.800774
6922,194.798469
6923,194.796164
6924,194.793860
6925,194.791556
6926,194.789251
6927,194.786948
6928,194.784644
6929,194.782341
6930,194.780037
6931,194.777734
6932,194.775432
6933,194.773129
6934,194.770826
6935,194.768524
6936,194.766222
6937,194.763920
6938,194.761619
6939,194.759317
6940,194.757016
6941,194.754715
6942,194.752414
6943,194.750114
6944,194.747813
6945,194.745513
6946,194.743213
6947,194.740913
6948,194.738613
6949,194.736314
6950,194.734015
6951,194.731716
6952,194.729417
6953,194.727118
6954,194.724820
6955,194.722521
6956,194.720223
6957,194.717925
6958,194.715628
6959,194.713330
6960,194.711033
6961,194.708736
6962,194.706439
6963,194.704142
6964,194.701846
6965,194.699550
6966,194.697254
6967,194.694958
6968,194.692662
6969,194.690367
6970,194.688071
6971,194.685776
6972,194.683481
6973,194.681187
6974,194.678892
6975,194.676598
6976,194.674304
6977,194.672010
6978,194.669716
6979,194.667423
6980,194.665130
6981,194.662836
6982,194.660544
6983,194.658251
6984,194.655958
6985,194.653666
6986,194.651374
6987,194.649082
6988,194.646790
6989,194.644499
6990,194.642208
6991,194.639916
6992,194.637626
6993,194.635335
6994,194.633044
6995,194.630754
6996,194.628464
6997,194.626174
6998,194.623884
6999,194.621595
7000,194.619305
7001,194.617016
7002,194.614727
7003,194.612439
7004,194.610150
7005,194.607862
7006,194.605574
7007,194.603286
7008,194.600998
7009,194.598710
7010,194.596423
7011,194.594136
7012,194.591849
7013,194.589562
7014,194.587276
7015,194.584989
7016,194.582703
7017,194.580417
7018,194.578131
7019,194.575846
7020,194.573560
7021,194.571275
7022,194.568990
7023,194.566705
7024,194.564421
7025,194.562136
7026,194.559852
7027,194.557568
7028,194.555284
7029,194.553001
7030,194.550717
7031,194.548434
7032,194.546151
7033,194.543868
7034,194.541586
7035,194.539303
7036,194.537021
7037,194.534739
7038,194.532457
7039,194.530176
7040,194.527894
7041,194.525613
7042,194.523332
7043,194.521051
7044,194.518771
7045,194.516490
7046,194.514210
7047,194.511930
7048,194.509650
7049,194.507370
7050,194.505091
7051,194.502812
7052,194.500533
7053,194.498254
7054,194.495975
7055,194.493697
7056,194.491418
7057,194.489140
7058,194.486862
7059,194.484585
7060,194.482307
7061,194.480030
7062,194.477753
7063,194.475476
7064,194.473199
7065,194.470923
7066,194.468647
7067,194.466370
7068,194.464095
7069,194.461819
7070,194.459543
7071,194.457268
7072,194.454993
7073,194.452718
7074,194.450443
7075,194.448169
7076,194.445894
7077,194.443620
7078,194.441346
7079,194.439073
7080,194.436799
7081,194.434526
7082,194.432252
7083,194.429980
7084,194.427707
7085,194.425434
7086,194.423162
7087,194.420890
7088,194.418618
7089,194.416346
7090,194.414074
7091,194.411803
7092,194.409532
7093,194.407261
7094,194.404990
7095,194.402719
7096,194.400449
7097,194.398179
7098,194.395909
7099,194.393639
7100,194.391369
7101,194.389100
7102,194.386831
7103,194.384562
7104,194.382293
7105,194.380024
7106,194.377756
7107,194.375488
7108,194.373219
7109,194.370952
7110,194.368684
7111,194.366417
7112,194.364149
7113,194.361882
7114,194.359615
7115,194.357349
7116,194.355082
7117,194.352816
7118,194.350550
7119,194.348284
7120,194.346018
7121,194.343753
7122,194.341487
7123,194.339222
7124,194.336957
7125,194.334693
7126,194.332428
7127,194.330164
7128,194.327900
7129,194.325636
7130,194.323372
7131,194.321108
7132,194.318845
7133,194.316582
7134,194.314319
7135,194.312056
7136,194.309794
7137,194.307531
7138,194.305269
7139,194.303007
7140,194.300745
7141,194.298484
7142,194.296222
7143,194.293961
7144,194.291700
7145,194.289439
7146,194.287179
7147,194.284918
7148,194.282658
7149,194.280398
7150,194.278138
7151,194.275879
7152,194.273619
7153,194.271360
7154,194.269101
7155,194.266842
7156,194.264584
7157,194.262325
7158,194.260067
7159,194.257809
7160,194.255551
7161,194.253293
7162,194.251036
7163,194.248778
7164,194.246521
7165,194.244264
7166,194.242008
7167,194.239751
7168,194.237495
7169,194.235239
7170,194.232983
7171,194.230727
7172,194.228472
7173,194.226216
7174,194.223961
7175,194.221706
7176,194.219451
7177,194.217197
7178,194.214943
7179,194.212688
7180,194.210434
7181,194.208181
7182,194.205927
7183,194.203674
7184,194.201421
7185,194.199168
7186,194.196915
7187,194.194662
7188,194.192410
7189,194.190157
7190,194.187905
7191,194.185654
7192,194.183402
7193,194.181151
7194,194.178899
7195,194.176648
7196,194.174397
7197,194.172147
7198,194.169896
7199,194.167646
7200,194.165396
7201,194.163146
7202,194.160896
7203,194.158647
7204,194.156398
7205,194.154149
7206,194.151900
7207,194.149651
7208,194.147402
7209,194.145154
7210,194.142906
7211,194.140658
7212,194.138410
7213,194.136163
7214,194.133915
7215,194.131668
7216,194.129421
7217,194.127174
7218,194.124928
7219,194.122681
7220,194.120435
7221,194.118189
7222,194.115944
7223,194.113698
7224,194.111452
7225,194.109207
7226,194.106962
7227,194.104717
7228,194.102473
7229,194.100228
7230,194.097984
7231,194.095740
7232,194.093496
7233,194.091253
7234,194.089009
7235,194.086766
7236,194.084523
7237,194.082280
7238,194.080037
7239,194.077795
7240,194.075552
7241,194.073310
7242,194.071068
7243,194.068827
7244,194.066585
7245,194.064344
7246,194.062103
7247,194.059862
7248,194.057621
7249,194.055380
7250,194.053140
7251,194.050900
7252,194.048660
7253,194.046420
7254,194.044180
7255,194.041941
7256,194.039702
7257,194.037463
7258,194.035224
7259,194.032985
7260,194.030747
7261,194.028509
7262,194.026271
7263,194.024033
7264,194.021795
7265,194.019558
7266,194.017320
7267,194.015083
7268,194.012846
7269,194.010610
7270,194.008373
7271,194.006137
7272,194.003901
7273,194.001665
7274,193.999429
7275,193.997194
7276,193.994958
7277,193.992723
7278,193.990488
7279,193.988253
7280,193.986019
7281,193.983785
7282,193.981550
7283,193.979316
7284,193.977083
7285,193.974849
7286,193.972616
7287,193.970382
7288,193.968149
7289,193.965917
7290,193.963684
7291,193.961451
7292,193.959219
7293,193.956987
7294,193.954755
7295,193.952524
7296,193.950292
7297,193.948061
7298,193.945830
7299,193.943599
7300,193.941368
7301,193.939138
7302,193.936907
7303,193.934677
7304,193.932447
7305,193.930218
7306,193.927988
7307,193.925759
7308,193.923530
7309,193.921301
7310,193.919072
7311,193.916843
7312,193.914615
7313,193.912387
7314,193.910159
7315,193.907931
7316,193.905703
7317,193.903476
7318,193.901249
7319,193.899022
7320,193.896795
7321,193.894568
7322,193.892342
7323,193.890115
7324,193.887889
7325,193.885663
7326,193.883438
7327,193.881212
7328,193.878987
7329,193.876762
7330,193.874537
7331,193.872312
7332,193.870088
7333,193.867863
7334,193.865639
7335,193.863415
7336,193.861191
7337,193.858968
7338,193.856744
7339,193.854521
7340,193.852298
7341,193.850075
7342,193.847853
7343,193.845630
7344,193.843408
7345,193.841186
7346,193.838964
7347,193.836743
7348,193.834521
7349,193.832300
7350,193.830079
7351,193.827858
7352,193.825637
7353,193.823417
7354,193.821196
7355,193.818976
7356,193.816756
7357,193.814537
7358,193.812317
7359,193.810098
7360,193.807879
7361,193.805660
7362,193.803441
7363,193.801222
7364,193.799004
7365,193.796786
7366,193.794568
7367,193.792350
7368,193.790132
7369,193.787915
7370,193.785698
7371,193.783480
7372,193.781264
7373,193.779047
7374,193.776830
7375,193.774614
7376,193.772398
7377,193.770182
7378,193.767967
7379,193.765751
7380,193.763536
7381,193.761321
7382,193.759106
7383,193.756891
7384,193.754676
7385,193.752462
7386,193.750248
7387,193.748034
7388,193.745820
7389,193.743606
7390,193.741393
7391,193.739180
7392,193.736967
7393,193.734754
7394,193.732541
7395,193.730329
7396,193.728117
7397,193.725904
7398,193.723693
7399,193.721481
7400,193.719269
7401,193.717058
7402,193.714847
7403,193.712636
7404,193.710425
7405,193.708215
7406,193.706004
7407,193.703794
7408,193.701584
7409,193.699375
7410,193.697165
7411,193.694956
7412,193.692746
7413,193.690537
7414,193.688329
7415,193.686120
7416,193.683911
7417,193.681703
7418,193.679495
7419,193.677287
7420,193.675080
7421,193.672872
7422,193.670665
7423,193.668458
7424,193.666251
7425,193.664044
7426,193.661838
7427,193.659631
7428,193.657425
7429,193.655219
7430,193.653013
7431,193.650808
7432,193.648602
7433,193.646397
7434,193.644192
7435,193.641987
7436,193.639783
7437,193.637578
7438,193.635374
7439,193.633170
7440,193.630966
7441,193.628763
7442,193.626559
7443,193.624356
7444,193.622153
7445,193.619950
7446,193.617747
7447,193.615545
7448,193.613342
7449,193.611140
7450,193.608938
7451,193.606736
7452,193.604535
7453,193.602333
7454,193.600132
7455,193.597931
7456,193.595730
7457,193.593530
7458,193.591329
7459,193.589129
7460,193.586929
7461,193.584729
7462,193.582530
7463,193.580330
7464,193.578131
7465,193.575932
7466,193.573733
7467,193.571534
7468,193.569336
7469,193.567137
7470,193.564939
7471,193.562741
7472,193.560543
7473,193.558346
7474,193.556148
7475,193.553951
7476,193.551754
7477,193.549557
7478,193.547361
7479,193.545164
7480,193.542968
7481,193.540772
7482,193.538576
7483,193.536380
7484,193.534185
7485,193.531990
7486,193.529794
7487,193.527600
7488,193.525405
7489,193.523210
7490,193.521016
7491,193.518822
7492,193.516628
7493,193.514434
7494,193.512240
7495,193.510047
7496,193.507854
7497,193.505661
7498,193.503468
7499,193.501275
7500,193.499083
7501,193.496891
7502,193.494699
7503,193.492507
7504,193.490315
7505,193.488123
7506,193.485932
7507,193.483741
7508,193.481550
7509,193.479359
7510,193.477169
7511,193.474978
7512,193.472788
7513,193.470598
7514,193.468408
7515,193.466219
7516,193.464029
7517,193.461840
7518,193.459651
7519,193.457462
7520,193.455274
7521,193.453085
7522,193.450897
7523,193.448709
7524,193.446521
7525,193.444333
7526,193.442146
7527,193.439958
7528,193.437771
7529,193.435584
7530,193.433397
7531,193.431211
7532,193.429024
7533,193.426838
7534,193.424652
7535,193.422466
7536,193.420281
7537,193.418095
7538,193.415910
7539,193.413725
7540,193.411540
7541,193.409355
7542,193.407171
7543,193.404986
7544,193.402802
7545,193.400618
7546,193.398435
7547,193.396251
7548,193.394068
7549,193.391885
7550,193.389702
7551,193.387519
7552,193.385336
7553,193.383154
7554,193.380971
7555,193.378789
7556,193.376608
7557,193.374426
7558,193.372244
7559,193.370063
7560,193.367882
7561,193.365701
7562,193.363520
7563,193.361340
7564,193.359159
7565,193.356979
7566,193.354799
7567,193.352620
7568,193.350440
7569,193.348260
7570,193.346081
7571,193.343902
7572,193.341723
7573,193.339545
7574,193.337366
7575,193.335188
7576,193.333010
7577,193.330832
7578,193.328654
7579,193.326477
7580,193.324299
7581,193.322122
7582,193.319945
7583,193.317769
7584,193.315592
7585,193.313416
7586,193.311239
7587,193.309063
7588,193.306887
7589,193.304712
7590,193.302536
7591,193.300361
7592,193.298186
7593,193.296011
7594,193.293836
7595,193.291662
7596,193.289488
7597,193.287313
7598,193.285139
7599,193.282966
7600,193.280792
7601,193.278619
7602,193.276446
7603,193.274273
7604,193.272100
7605,193.269927
7606,193.267755
7607,193.265582
7608,193.263410
7609,193.261238
7610,193.259067
7611,193.256895
7612,193.254724
7613,193.252553
7614,193.250382
7615,193.248211
7616,193.246040
7617,193.243870
7618,193.241700
7619,193.239530
7620,193.237360
7621,193.235190
7622,193.233021
7623,193.230852
7624,193.228683
7625,193.226514
7626,193.224345
7627,193.222177
7628,193.220008
7629,193.217840
7630,193.215672
7631,193.213504
7632,193.211337
7633,193.209169
7634,193.207002
7635,193.204835
7636,193.202668
7637,193.200502
7638,193.198335
7639,193.196169
7640,193.194003
7641,193.191837
7642,193.189671
7643,193.187506
7644,193.185341
7645,193.183175
7646,193.181010
7647,193.178846
7648,193.176681
7649,193.174517
7650,193.172353
7651,193.170189
7652,193.168025
7653,193.165861
7654,193.163698
7655,193.161534
7656,193.159371
7657,193.157208
7658,193.155046
7659,193.152883
7660,193.150721
7661,193.148559
7662,193.146397
7663,193.144235
7664,193.142073
7665,193.139912
7666,193.137751
7667,193.135590
7668,193.133429
7669,193.131268
7670,193.129108
7671,193.126948
7672,193.124787
7673,193.122628
7674,193.120468
7675,193.118308
7676,193.116149
7677,193.113990
7678,193.111831
7679,193.109672
7680,193.107514
7681,193.105355
7682,193.103197
7683,193.101039
7684,193.098881
7685,193.096723
7686,193.094566
7687,193.092409
7688,193.090252
7689,193.088095
7690,193.085938
7691,193.083781
7692,193.081625
7693,193.079469
7694,193.077313
7695,193.075157
7696,193.073001
7697,193.070846
7698,193.068691
7699,193.066536
7700,193.064381
7701,193.062226
7702,193.060072
7703,193.057917
7704,193.055763
7705,193.053609
7706,193.051456
7707,193.049302
7708,193.047149
7709,193.044995
7710,193.042842
7711,193.040690
7712,193.038537
7713,193.036385
7714,193.034232
7715,193.032080
7716,193.029928
7717,193.027777
7718,193.025625
7719,193.023474
7720,193.021323
7721,193.019172
7722,193.017021
7723,193.014870
7724,193.012720
7725,193.010570
7726,193.008420
7727,193.006270
7728,193.004120
7729,193.001971
7730,192.999822
7731,192.997672
7732,192.995524
7733,192.993375
7734,192.991226
7735,192.989078
7736,192.986930
7737,192.984782
7738,192.982634
7739,192.980486
7740,192.978339
7741,192.976192
7742,192.974045
7743,192.971898
7744,192.969751
7745,192.967605
7746,192.965458
7747,192.963312
7748,192.961166
7749,192.959020
7750,192.956875
7751,192.954730
7752,192.952584
7753,192.950439
7754,192.948295
7755,192.946150
7756,192.944005
7757,192.941861
7758,192.939717
7759,192.937573
7760,192.935429
7761,192.933286
7762,192.931143
7763,192.928999
7764,192.926856
7765,192.924714
7766,192.922571
7767,192.920429
7768,192.918286
7769,192.916144
7770,192.914003
7771,192.911861
7772,192.909719
7773,192.907578
7774,192.905437
7775,192.903296
7776,192.901155
7777,192.899015
7778,192.896874
7779,192.894734
7780,192.892594
7781,192.890454
7782,192.888315
7783,192.886175
7784,192.884036
7785,192.881897
7786,192.879758
7787,192.877619
7788,192.875481
7789,192.873342
7790,192.871204
7791,192.869066
7792,192.866928
7793,192.864791
7794,192.862653
7795,192.860516
7796,192.858379
7797,192.856242
7798,192.854106
7799,192.851969
7800,192.849833
7801,192.847697
7802,192.845561
7803,192.843425
7804,192.841289
7805,192.839154
7806,192.837019
7807,192.834884
7808,192.832749
7809,192.830614
7810,192.828480
7811,192.826346
7812,192.824212
7813,192.822078
7814,192.819944
7815,192.817810
7816,192.815677
7817,192.813544
7818,192.811411
7819,192.809278
7820,192.807145
7821,192.805013
7822,192.802881
7823,192.800749
7824,192.798617
7825,192.796485
7826,192.794354
7827,192.792222
7828,192.790091
7829,192.787960
7830,192.785829
7831,192.783699
7832,192.781568
7833,192.779438
7834,192.777308
7835,192.775178
7836,192.773049
7837,192.770919
7838,192.768790
7839,192.766661
7840,192.764532
7841,192.762403
7842,192.760274
7843,192.758146
7844,192.756018
7845,192.753890
7846,192.751762
7847,192.749634
7848,192.747507
7849,192.745380
7850,192.743253
7851,192.741126
7852,192.738999
7853,192.736872
7854,192.734746
7855,192.732620
7856,192.730494
7857,192.728368
7858,192.726242
7859,192.724117
7860,192.721992
7861,192.719867
7862,192.717742
7863,192.715617
7864,192.713493
7865,192.711368
7866,192.709244
7867,192.707120
7868,192.704996
7869,192.702873
7870,192.700749
7871,192.698626
7872,192.696503
7873,192.694380
7874,192.692257
7875,192.690135
7876,192.688013
7877,192.685890
7878,192.683769
7879,192.681647
7880,192.679525
7881,192.677404
7882,192.675283
7883,192.673162
7884,192.671041
7885,192.668920
7886,192.666800
7887,192.664679
7888,192.662559
7889,192.660439
7890,192.658319
7891,192.656200
7892,192.654080
7893,192.651961
7894,192.649842
7895,192.647723
7896,192.645605
7897,192.643486
7898,192.641368
7899,192.639250
7900,192.637132
7901,192.635014
7902,192.632897
7903,192.630779
7904,192.628662
7905,192.626545
7906,192.624428
7907,192.622312
7908,192.620195
7909,192.618079
7910,192.615963
7911,192.613847
7912,192.611731
7913,192.609616
7914,192.607500
7915,192.605385
7916,192.603270
7917,192.601155
7918,192.599041
7919,192.596926
7920,192.594812
7921,192.592698
7922,192.590584
7923,192.588470
7924,192.586357
7925,192.584244
7926,192.582130
7927,192.580017
7928,192.577905
7929,192.575792
7930,192.573680
7931,192.571567
7932,192.569455
7933,192.567343
7934,192.565232
7935,192.563120
7936,192.561009
7937,192.558898
7938,192.556787
7939,192.554676
7940,192.552565
7941,192.550455
7942,192.548345
7943,192.546235
7944,192.544125
7945,192.542015
7946,192.539906
7947,192.537796
7948,192.535687
7949,192.533578
7950,192.531469
7951,192.529361
7952,192.527252
7953,192.525144
7954,192.523036
7955,192.520928
7956,192.518820
7957,192.516713
7958,192.514606
7959,192.512498
7960,192.510392
7961,192.508285
7962,192.506178
7963,192.504072
7964,192.501966
7965,192.499859
7966,192.497754
7967,192.495648
7968,192.493542
7969,192.491437
7970,192.489332
7971,192.487227
7972,192.485122
7973,192.483018
7974,192.480913
7975,192.478809
7976,192.476705
7977,192.474601
7978,192.472497
7979,192.470394
7980,192.468291
7981,192.466187
7982,192.464085
7983,192.461982
7984,192.459879
7985,192.457777
7986,192.455675
7987,192.453573
7988,192.451471
7989,192.449369
7990,192.447267
7991,192.445166
7992,192.443065
7993,192.440964
7994,192.438863
7995,192.436763
7996,192.434662
7997,192.432562
7998,192.430462
7999,192.428362
8000,192.426262
8001,192.424163
8002,192.422064
8003,192.419965
8004,192.417866
8005,192.415767
8006,192.413668
8007,192.411570
8008,192.409472
8009,192.407373
8010,192.405276
8011,192.403178
8012,192.401080
8013,192.398983
8014,192.396886
8015,192.394789
8016,192.392692
8017,192.390596
8018,192.388499
8019,192.386403
8020,192.384307
8021,192.382211
8022,192.380115
8023,192.378020
8024,192.375925
8025,192.373829
8026,192.371734
8027,192.369640
8028,192.367545
8029,192.365451
8030,192.363356
8031,192.361262
8032,192.359168
8033,192.357075
8034,192.354981
8035,192.352888
8036,192.350795
8037,192.348702
8038,192.346609
8039,192.344516
8040,192.342424
8041,192.340332
8042,192.338240
8043,192.336148
8044,192.334056
8045,192.331964
8046,192.329873
8047,192.327782
8048,192.325691
8049,192.323600
8050,192.321509
8051,192.319419
8052,192.317329
8053,192.315239
8054,192.313149
8055,192.311059
8056,192.308970
8057,192.306880
8058,192.304791
8059,192.302702
8060,192.300613
8061,192.298525
8062,192.296436
8063,192.294348
8064,192.292260
8065,192.290172
8066,192.288084
8067,192.285997
8068,192.283909
8069,192.281822
8070,192.279735
8071,192.277648
8072,192.275561
8073,192.273475
8074,192.271389
8075,192.269303
8076,192.267217
8077,192.265131
8078,192.263045
8079,192.260960
8080,192.258875
8081,192.256790
8082,192.254705
8083,192.252620
8084,192.250536
8085,192.248451
8086,192.246367
8087,192.244283
8088,192.242200
8089,192.240116
8090,192.238033
8091,192.235949
8092,192.233866
8093,192.231783
8094,192.229701
8095,192.227618
8096,192.225536
8097,192.223454
8098,192.221372
8099,192.219290
8100,192.217208
8101,192.215127
8102,192.213046
8103,192.210965
8104,192.208884
8105,192.206803
8106,192.204723
8107,192.202642
8108,192.200562
8109,192.198482
8110,192.196402
8111,192.194323
8112,192.192243
8113,192.190164
8114,192.188085
8115,192.186006
8116,192.183927
8117,192.181849
8118,192.179770
8119,192.177692
8120,192.175614
8121,192.173536
8122,192.171459
8123,192.169381
8124,192.167304
8125,192.165227
8126,192.163150
8127,192.161073
8128,192.158997
8129,192.156920
8130,192.154844
8131,192.152768
8132,192.150692
8133,192.148616
8134,192.146541
8135,192.144466
8136,192.142390
8137,192.140315
8138,192.138241
8139,192.136166
8140,192.134092
8141,192.132017
8142,192.129943
8143,192.127869
8144,192.125796
8145,192.123722
8146,192.121649
8147,192.119576
8148,192.117503
8149,192.115430
8150,192.113357
8151,192.111285
8152,192.109213
8153,192.107141
8154,192.105069
8155,192.102997
8156,192.100925
8157,192.098854
8158,192.096783
8159,192.094712
8160,192.092641
8161,192.090570
8162,192.088500
8163,192.086430
8164,192.084359
8165,192.082289
8166,192.080220
8167,192.078150
8168,192.076081
8169,192.074012
8170,192.071942
8171,192.069874
8172,192.067805
8173,192.065736
8174,192.063668
8175,192.061600
8176,192.059532
8177,192.057464
8178,192.055397
8179,192.053329
8180,192.051262
8181,192.049195
8182,192.047128
8183,192.045061
8184,192.042995
8185,192.040928
8186,192.038862
8187,192.036796
8188,192.034730
8189,192.032665
8190,192.030599
8191,192.028534
8192,192.026469
8193,192.024404
8194,192.022339
8195,192.020274
8196,192.018210
8197,192.016146
8198,192.014082
8199,192.012018
8200,192.009954
8201,192.007891
8202,192.005827
8203,192.003764
8204,192.001701
8205,191.999639
8206,191.997576
8207,191.995513
8208,191.993451
8209,191.991389
8210,191.989327
8211,191.987266
8212,191.985204
8213,191.983143
8214,191.981081
8215,191.979020
8216,191.976960
8217,191.974899
8218,191.972838
8219,191.970778
8220,191.968718
8221,191.966658
8222,191.964598
8223,191.962539
8224,191.960479
8225,191.958420
8226,191.956361
8227,191.954302
8228,191.952244
8229,191.950185
8230,191.948127
8231,191.946069
8232,191.944011
8233,191.941953
8234,191.939895
8235,191.937838
8236,191.935780
8237,191.933723
8238,191.931666
8239,191.929610
8240,191.927553
8241,191.925497
8242,191.923440
8243,191.921384
8244,191.919329
8245,191.917273
8246,191.915217
8247,191.913162
8248,191.911107
8249,191.909052
8250,191.906997
8251,191.904943
8252,191.902888
8253,191.900834
8254,191.898780
8255,191.896726
8256,191.894672
8257,191.892619
8258,191.890565
8259,191.888512
8260,191.886459
8261,191.884406
8262,191.882354
8263,191.880301
8264,191.878249
8265,191.876197
8266,191.874145
8267,191.872093
8268,191.870042
8269,191.867990
8270,191.865939
8271,191.863888
8272,191.861837
8273,191.859786
8274,191.857736
8275,191.855685
8276,191.853635
8277,191.851585
8278,191.849535
8279,191.847486
8280,191.845436
8281,191.843387
8282,191.841338
8283,191.839289
8284,191.837240
8285,191.835192
8286,191.833143
8287,191.831095
8288,191.829047
8289,191.826999
8290,191.824952
8291,191.822904
8292,191.820857
8293,191.818810
8294,191.816763
8295,191.814716
8296,191.812669
8297,191.810623
8298,191.808576
8299,191.806530
8300,191.804484
8301,191.802439
8302,191.800393
8303,191.798348
8304,191.796303
8305,191.794258
8306,191.792213
8307,191.790168
8308,191.788123
8309,191.786079
8310,191.784035
8311,191.781991
8312,191.779947
8313,191.777904
8314,191.775860
8315,191.773817
8316,191.771774
8317,191.769731
8318,191.767688
8319,191.765646
8320,191.763603
8321,191.761561
8322,191.759519
8323,191.757477
8324,191.755435
8325,191.753394
8326,191.751353
8327,191.749312
8328,191.747271
8329,191.745230
8330,191.743189
8331,191.741149
8332,191.739108
8333,191.737068
8334,191.735028
8335,191.732989
8336,191.730949
8337,191.728910
8338,191.726871
8339,191.724832
8340,191.722793
8341,191.720754
8342,191.718715
8343,191.716677
8344,191.714639
8345,191.712601
8346,191.710563
8347,191.708526
8348,191.706488
8349,191.704451
8350,191.702414
8351,191.700377
8352,191.698340
8353,191.696304
8354,191.694267
8355,191.692231
8356,191.690195
8357,191.688159
8358,191.686123
8359,191.684088
8360,191.682053
8361,191.680017
8362,191.677982
8363,191.675948
8364,191.673913
8365,191.671879
8366,191.669844
8367,191.667810
8368,191.665776
8369,191.663743
8370,191.661709
8371,191.659676
8372,191.657642
8373,191.655609
8374,191.653576
8375,191.651544
8376,191.649511
8377,191.647479
8378,191.645447
8379,191.643415
8380,191.641383
8381,191.639351
8382,191.637320
8383,191.635289
8384,191.633257
8385,191.631227
8386,191.629196
8387,191.627165
8388,191.625135
8389,191.623105
8390,191.621074
8391,191.619045
8392,191.617015
8393,191.614985
8394,191.612956
8395,191.610927
8396,191.608898
8397,191.606869
8398,191.604840
8399,191.602812
8400,191.600784
8401,191.598755
8402,191.596727
8403,191.594700
8404,191.592672
8405,191.590645
8406,191.588617
8407,191.586590
8408,191.584563
8409,191.582537
8410,191.580510
8411,191.578484
8412,191.576458
8413,191.574432
8414,191.572406
8415,191.570380
8416,191.568355
8417,191.566329
8418,191.564304
8419,191.562279
8420,191.560254
8421,191.558230
8422,191.556205
8423,191.554181
8424,191.552157
8425,191.550133
8426,191.548109
8427,191.546086
8428,191.544062
8429,191.542039
8430,191.540016
8431,191.537993
8432,191.535970
8433,191.533948
8434,191.531926
8435,191.529903
8436,191.527881
8437,191.525860
8438,191.523838
8439,191.521816
8440,191.519795
8441,191.517774
8442,191.515753
8443,191.513732
8444,191.511712
8445,191.509691
8446,191.507671
8447,191.505651
8448,191.503631
8449,191.501611
8450,191.499592
8451,191.497572
8452,191.495553
8453,191.493534
8454,191.491515
8455,191.489497
8456,191.487478
8457,191.485460
8458,191.483442
8459,191.481424
8460,191.479406
8461,191.477388
8462,191.475371
8463,191.473353
8464,191.471336
8465,191.469319
8466,191.467303
8467,191.465286
8468,191.463270
8469,191.461253
8470,191.459237
8471,191.457221
8472,191.455206
8473,191.453190
8474,191.451175
8475,191.449160
8476,191.447145
8477,191.445130
8478,191.443115
8479,191.441101
8480,191.439086
8481,191.437072
8482,191.435058
8483,191.433044
8484,191.431031
8485,191.429017
8486,191.427004
8487,191.424991
8488,191.422978
8489,191.420965
8490,191.418953
8491,191.416940
8492,191.414928
8493,191.412916
8494,191.410904
8495,191.408892
8496,191.406881
8497,191.404869
8498,191.402858
8499,191.400847
8500,191.398836
8501,191.396826
8502,191.394815
8503,191.392805
8504,191.390795
8505,191.388785
8506,191.386775
8507,191.384765
8508,191.382756
8509,191.380747
8510,191.378738
8511,191.376729
8512,191.374720
8513,191.372711
8514,191.370703
8515,191.368695
8516,191.366687
8517,191.364679
8518,191.362671
8519,191.360663
8520,191.358656
8521,191.356649
8522,191.354642
8523,191.352635
8524,191.350628
8525,191.348622
8526,191.346616
8527,191.344609
8528,191.342603
8529,191.340598
8530,191.338592
8531,191.336587
8532,191.334581
8533,191.332576
8534,191.330571
8535,191.328566
8536,191.326562
8537,191.324557
8538,191.322553
8539,191.320549
8540,191.318545
8541,191.316542
8542,191.314538
8543,191.312535
8544,191.310531
8545,191.308528
8546,191.306525
8547,191.304523
8548,191.302520
8549,191.300518
8550,191.298516
8551,191.296514
8552,191.294512
8553,191.292510
8554,191.290509
8555,191.288508
8556,191.286506
8557,191.284505
8558,191.282505
8559,191.280504
8560,191.278504
8561,191.276503
8562,191.274503
8563,191.272503
8564,191.270504
8565,191.268504
8566,191.266505
8567,191.264505
8568,191.262506
8569,191.260508
8570,191.258509
8571,191.256510
8572,191.254512
8573,191.252514
8574,191.250516
8575,191.248518
8576,191.246520
8577,191.244523
8578,191.242525
8579,191.240528
8580,191.238531
8581,191.236534
8582,191.234538
8583,191.232541
8584,191.230545
8585,191.228549
8586,191.226553
8587,191.224557
8588,191.222562
8589,191.220566
8590,191.218571
8591,191.216576
8592,191.214581
8593,191.212586
8594,191.210592
8595,191.208597
8596,191.206603
8597,191.204609
8598,191.202615
8599,191.200621
8600,191.198628
8601,191.196635
8602,191.194641
8603,191.192648
8604,191.190656
8605,191.188663
8606,191.186670
8607,191.184678
8608,191.182686
8609,191.180694
8610,191.178702
8611,191.176710
8612,191.174719
8613,191.172728
8614,191.170737
8615,191.168746
8616,191.166755
8617,191.164764
8618,191.162774
8619,191.160784
8620,191.158794
8621,191.156804
8622,191.154814
8623,191.152824
8624,191.150835
8625,191.148846
8626,191.146857
8627,191.144868
8628,191.142879
8629,191.140890
8630,191.138902
8631,191.136914
8632,191.134926
8633,191.132938
8634,191.130950
8635,191.128963
8636,191.126976
8637,191.124988
8638,191.123001
8639,191.121015
8640,191.119028
8641,191.117041
8642,191.115055
8643,191.113069
8644,191.111083
8645,191.109097
8646,191.107112
8647,191.105126
8648,191.103141
8649,191.101156
8650,191.099171
8651,191.097186
8652,191.095202
8653,191.093217
8654,191.091233
8655,191.089249
8656,191.087265
8657,191.085281
8658,191.083298
8659,191.081314
8660,191.079331
8661,191.077348
8662,191.075365
8663,191.073382
8664,191.071400
8665,191.069418
8666,191.067435
8667,191.065453
8668,191.063472
8669,191.061490
8670,191.059508
8671,191.057527
8672,191.055546
8673,191.053565
8674,191.051584
8675,191.049603
8676,191.047623
8677,191.045643
8678,191.043663
8679,191.041683
8680,191.039703
8681,191.037723
8682,191.035744
8683,191.033764
8684,191.031785
8685,191.029806
8686,191.027828
8687,191.025849
8688,191.023871
8689,191.021892
8690,191.019914
8691,191.017936
8692,191.015959
8693,191.013981
8694,191.012004
8695,191.010027
8696,191.008049
8697,191.006073
8698,191.004096
8699,191.002119
8700,191.000143
8701,190.998167
8702,190.996191
8703,190.994215
8704,190.992239
8705,190.990264
8706,190.988288
8707,190.986313
8708,190.984338
8709,190.982363
8710,190.980389
8711,190.978414
8712,190.976440
8713,190.974466
8714,190.972492
8715,190.970518
8716,190.968544
8717,190.966571
8718,190.964598
8719,190.962625
8720,190.960652
8721,190.958679
8722,190.956706
8723,190.954734
8724,190.952761
8725,190.950789
8726,190.948817
8727,190.946846
8728,190.944874
8729,190.942903
8730,190.940931
8731,190.938960
8732,190.936989
8733,190.935019
8734,190.933048
8735,190.931078
8736,190.929108
8737,190.927137
8738,190.925168
8739,190.923198
8740,190.921228
8741,190.919259
8742,190.917290
8743,190.915321
8744,190.913352
8745,190.911383
8746,190.909415
8747,190.907446
8748,190.905478
8749,190.903510
8750,190.901542
8751,190.899575
8752,190.897607
8753,190.895640
8754,190.893673
8755,190.891706
8756,190.889739
8757,190.887772
8758,190.885806
8759,190.883839
8760,190.881873
8761,190.879907
8762,190.877941
8763,190.875976
8764,190.874010
8765,190.872045
8766,190.870080
8767,190.868115
8768,190.866150
8769,190.864186
8770,190.862221
8771,190.860257
8772,190.858293
8773,190.856329
8774,190.854365
8775,190.852402
8776,190.850438
8777,190.848475
8778,190.846512
8779,190.844549
8780,190.842586
8781,190.840624
8782,190.838661
8783,190.836699
8784,190.834737
8785,190.832775
8786,190.830813
8787,190.828852
8788,190.826890
8789,190.824929
8790,190.822968
8791,190.821007
8792,190.819046
8793,190.817086
8794,190.815126
8795,190.813165
8796,190.811205
8797,190.809245
8798,190.807286
8799,190.805326
8800,190.803367
8801,190.801408
8802,190.799449
8803,190.797490
8804,190.795531
8805,190.793573
8806,190.791614
8807,190.789656
8808,190.787698
8809,190.785740
8810,190.783783
8811,190.781825
8812,190.779868
8813,190.777911
8814,190.775954
8815,190.773997
8816,190.772040
8817,190.770084
8818,190.768128
8819,190.766171
8820,190.764215
8821,190.762260
8822,190.760304
8823,190.758349
8824,190.756393
8825,190.754438
8826,190.752483
8827,190.750528
8828,190.748574
8829,190.746619
8830,190.744665
8831,190.742711
8832,190.740757
8833,190.738803
8834,190.736850
8835,190.734896
8836,190.732943
8837,190.730990
8838,190.729037
8839,190.727084
8840,190.725132
8841,190.723179
8842,190.721227
8843,190.719275
8844,190.717323
8845,190.715371
8846,190.713420
8847,190.711468
8848,190.709517
8849,190.707566
8850,190.705615
8851,190.703664
8852,190.701714
8853,190.699763
8854,190.697813
8855,190.695863
8856,190.693913
8857,190.691963
8858,190.690014
8859,190.688064
8860,190.686115
8861,190.684166
8862,190.682217
8863,190.680269
8864,190.678320
8865,190.676372
8866,190.674424
8867,190.672476
8868,190.670528
8869,190.668580
8870,190.666632
8871,190.664685
8872,190.662738
8873,190.660791
8874,190.658844
8875,190.656897
8876,190.654951
8877,190.653004
8878,190.651058
8879,190.649112
8880,190.647166
8881,190.645221
8882,190.643275
8883,190.641330
8884,190.639385
8885,190.637440
8886,190.635495
8887,190.633550
8888,190.631606
8889,190.629661
8890,190.627717
8891,190.625773
8892,190.623829
8893,190.621886
8894,190.619942
8895,190.617999
8896,190.616056
8897,190.614113
8898,190.612170
8899,190.610227
8900,190.608285
8901,190.606342
8902,190.604400
8903,190.602458
8904,190.600517
8905,190.598575
8906,190.596633
8907,190.594692
8908,190.592751
8909,190.590810
8910,190.588869
8911,190.586929
8912,190.584988
8913,190.583048
8914,190.581108
8915,190.579168
8916,190.577228
8917,190.575288
8918,190.573349
8919,190.571409
8920,190.569470
8921,190.567531
8922,190.565593
8923,190.563654
8924,190.561716
8925,190.559777
8926,190.557839
8927,190.555901
8928,190.553963
8929,190.552026
8930,190.550088
8931,190.548151
8932,190.546214
8933,190.544277
8934,190.542340
8935,190.540404
8936,190.538467
8937,190.536531
8938,190.534595
8939,190.532659
8940,190.530723
8941,190.528787
8942,190.526852
8943,190.524917
8944,190.522982
8945,190.521047
8946,190.519112
8947,190.517177
8948,190.515243
8949,190.513309
8950,190.511374
8951,190.509441
8952,190.507507
8953,190.505573
8954,190.503640
8955,190.501706
8956,190.499773
8957,190.497840
8958,190.495908
8959,190.493975
8960,190.492043
8961,190.490110
8962,190.488178
8963,190.486246
8964,190.484315
8965,190.482383
8966,190.480452
8967,190.478520
8968,190.476589
8969,190.474658
8970,190.472727
8971,190.470797
8972,190.468866
8973,190.466936
8974,190.465006
8975,190.463076
8976,190.461146
8977,190.459217
8978,190.457287
8979,190.455358
8980,190.453429
8981,190.451500
8982,190.449571
8983,190.447643
8984,190.445714
8985,190.443786
8986,190.441858
8987,190.439930
8988,190.438002
8989,190.436075
8990,190.434147
8991,190.432220
8992,190.430293
8993,190.428366
8994,190.426439
8995,190.424513
8996,190.422586
8997,190.420660
8998,190.418734
8999,190.416808
9000,190.414882
9001,190.412957
9002,190.411031
9003,190.409106
9004,190.407181
9005,190.405256
9006,190.403331
9007,190.401406
9008,190.399482
9009,190.397558
9010,190.395634
9011,190.393710
9012,190.391786
9013,190.389862
9014,190.387939
9015,190.386016
9016,190.384093
9017,190.382170
9018,190.380247
9019,190.378324
9020,190.376402
9021,190.374480
9022,190.372558
9023,190.370636
9024,190.368714
9025,190.366792
9026,190.364871
9027,190.362949
9028,190.361028
9029,190.359107
9030,190.357187
9031,190.355266
9032,190.353346
9033,190.351425
9034,190.349505
9035,190.347585
9036,190.345666
9037,190.343746
9038,190.341826
9039,190.339907
9040,190.337988
9041,190.336069
9042,190.334150
9043,190.332232
9044,190.330313
9045,190.328395
9046,190.326477
9047,190.324559
9048,190.322641
9049,190.320724
9050,190.318806
9051,190.316889
9052,190.314972
9053,190.313055
9054,190.311138
9055,190.309221
9056,190.307305
9057,190.305389
9058,190.303472
9059,190.301556
9060,190.299641
9061,190.297725
9062,190.295810
9063,190.293894
9064,190.291979
9065,190.290064
9066,190.288149
9067,190.286235
9068,190.284320
9069,190.282406
9070,190.280492
9071,190.278578
9072,190.276664
9073,190.274750
9074,190.272837
9075,190.270924
9076,190.269010
9077,190.267097
9078,190.265185
9079,190.263272
9080,190.261360
9081,190.259447
9082,190.257535
9083,190.255623
9084,190.253711
9085,190.251800
9086,190.249888
9087,190.247977
9088,190.246066
9089,190.244155
9090,190.242244
9091,190.240333
9092,190.238423
9093,190.236512
9094,190.234602
9095,190.232692
9096,190.230782
9097,190.228873
9098,190.226963
9099,190.225054
9100,190.223144
9101,190.221235
9102,190.219327
9103,190.217418
9104,190.215509
9105,190.213601
9106,190.211693
9107,190.209785
9108,190.207877
9109,190.205969
9110,190.204062
9111,190.202154
9112,190.200247
9113,190.198340
9114,190.196433
9115,190.194527
9116,190.192620
9117,190.190714
9118,190.188807
9119,190.186901
9120,190.184995
9121,190.183090
9122,190.181184
9123,190.179279
9124,190.177374
9125,190.175469
9126,190.173564
9127,190.171659
9128,190.169754
9129,190.167850
9130,190.165946
9131,190.164042
9132,190.162138
9133,190.160234
9134,190.158330
9135,190.156427
9136,190.154524
9137,190.152621
9138,190.150718
9139,190.148815
9140,190.146912
9141,190.145010
9142,190.143108
9143,190.141206
9144,190.139304
9145,190.137402
9146,190.135500
9147,190.133599
9148,190.131698
9149,190.129796
9150,190.127896
9151,190.125995
9152,190.124094
9153,190.122194
9154,190.120293
9155,190.118393
9156,190.116493
9157,190.114593
9158,190.112694
9159,190.110794
9160,190.108895
9161,190.106996
9162,190.105097
9163,190.103198
9164,190.101300
9165,190.099401
9166,190.097503
9167,190.095605
9168,190.093707
9169,190.091809
9170,190.089911
9171,190.088014
9172,190.086116
9173,190.084219
9174,190.082322
9175,190.080425
9176,190.078529
9177,190.076632
9178,190.074736
9179,190.072839
9180,190.070943
9181,190.069048
9182,190.067152
9183,190.065256
9184,190.063361
9185,190.061466
9186,190.059571
9187,190.057676
9188,190.055781
9189,190.053887
9190,190.051992
9191,190.050098
9192,190.048204
9193,190.046310
9194,190.044416
9195,190.042523
9196,190.040629
9197,190.038736
9198,190.036843
9199,190.034950
9200,190.033057
9201,190.031165
9202,190.029272
9203,190.027380
9204,190.025488
9205,190.023596
9206,190.021704
9207,190.019813
9208,190.017921
9209,190.016030
9210,190.014139
9211,190.012248
9212,190.010357
9213,190.008467
9214,190.006576
9215,190.004686
9216,190.002796
9217,190.000906
9218,189.999016
9219,189.997126
9220,189.995237
9221,189.993348
9222,189.991458
9223,189.989569
9224,189.987681
9225,189.985792
9226,189.983903
9227,189.982015
9228,189.980127
9229,189.978239
9230,189.976351
9231,189.974463
9232,189.972576
9233,189.970689
9234,189.968801
9235,189.966914
9236,189.965027
9237,189.963141
9238,189.961254
9239,189.959368
9240,189.957482
9241,189.955596
9242,189.953710
9243,189.951824
9244,189.949938
9245,189.948053
9246,189.946168
9247,189.944283
9248,189.942398
9249,189.940513
9250,189.938628
9251,189.936744
9252,189.934860
9253,189.932976
9254,189.931092
9255,189.929208
9256,189.927324
9257,189.925441
9258,189.923558
9259,189.921675
9260,189.919792
9261,189.917909
9262,189.916026
9263,189.914144
9264,189.912261
9265,189.910379
9266,189.908497
9267,189.906615
9268,189.904734
9269,189.902852
9270,189.900971
9271,189.899090
9272,189.897209
9273,189.895328
9274,189.893447
9275,189.891567
9276,189.889686
9277,189.887806
9278,189.885926
9279,189.884046
9280,189.882167
9281,189.880287
9282,189.878408
9283,189.876529
9284,189.874650
9285,189.872771
9286,189.870892
9287,189.869013
9288,189.867135
9289,189.865257
9290,189.863379
9291,189.861501
9292,189.859623
9293,189.857745
9294,189.855868
9295,189.853991
9296,189.852114
9297,189.850237
9298,189.848360
9299,189.846483
9300,189.844607
9301,189.842730
9302,189.840854
9303,189.838978
9304,189.837103
9305,189.835227
9306,189.833351
9307,189.831476
9308,189.829601
9309,189.827726
9310,189.825851
9311,189.823977
9312,189.822102
9313,189.820228
9314,189.818353
9315,189.816479
9316,189.814606
9317,189.812732
9318,189.810858
9319,189.808985
9320,189.807112
9321,189.805239
9322,189.803366
9323,189.801493
9324,189.799621
9325,189.797748
9326,189.795876
9327,189.794004
9328,189.792132
9329,189.790260
9330,189.788389
9331,189.786517
9332,189.784646
9333,189.782775
9334,189.780904
9335,189.779033
9336,189.777162
9337,189.775292
9338,189.773422
9339,189.771552
9340,189.769682
9341,189.767812
9342,189.765942
9343,189.764073
9344,189.762203
9345,189.760334
9346,189.758465
9347,189.756596
9348,189.754728
9349,189.752859
9350,189.750991
9351,189.749123
9352,189.747254
9353,189.745387
9354,189.743519
9355,189.741651
9356,189.739784
9357,189.737917
9358,189.736050
9359,189.734183
9360,189.732316
9361,189.730449
9362,189.728583
9363,189.726717
9364,189.724851
9365,189.722985
9366,189.721119
9367,189.719253
9368,189.717388
9369,189.715523
9370,189.713657
9371,189.711792
9372,189.709928
9373,189.708063
9374,189.706199
9375,189.704334
9376,189.702470
9377,189.700606
9378,189.698742
9379,189.696879
9380,189.695015
9381,189.693152
9382,189.691288
9383,189.689425
9384,189.687563
9385,189.685700
9386,189.683837
9387,189.681975
9388,189.680113
9389,189.678251
9390,189.676389
9391,189.674527
9392,189.672665
9393,189.670804
9394,189.668943
9395,189.667082
9396,189.665221
9397,189.663360
9398,189.661499
9399,189.659639
9400,189.657778
9401,189.655918
9402,189.654058
9403,189.652199
9404,189.650339
9405,189.648479
9406,189.646620
9407,189.644761
9408,189.642902
9409,189.641043
9410,189.639184
9411,189.637326
9412,189.635467
9413,189.633609
9414,189.631751
9415,189.629893
9416,189.628036
9417,189.626178
9418,189.624321
9419,189.622463
9420,189.620606
9421,189.618749
9422,189.616893
9423,189.615036
9424,189.613179
9425,189.611323
9426,189.609467
9427,189.607611
9428,189.605755
9429,189.603900
9430,189.602044
9431,189.600189
9432,189.598334
9433,189.596479
9434,189.594624
9435,189.592769
9436,189.590915
9437,189.589060
9438,189.587206
9439,189.585352
9440,189.583498
9441,189.581644
9442,189.579791
9443,189.577938
9444,189.576084
9445,189.574231
9446,189.572378
9447,189.570526
9448,189.568673
9449,189.566821
9450,189.564968
9451,189.563116
9452,189.561264
9453,189.559412
9454,189.557561
9455,189.555709
9456,189.553858
9457,189.552007
9458,189.550156
9459,189.548305
9460,189.546454
9461,189.544604
9462,189.542753
9463,189.540903
9464,189.539053
9465,189.537203
9466,189.535354
9467,189.533504
9468,189.531655
9469,189.529805
9470,189.527956
9471,189.526107
9472,189.524259
9473,189.522410
9474,189.520562
9475,189.518713
9476,189.516865
9477,189.515017
9478,189.513170
9479,189.511322
9480,189.509474
9481,189.507627
9482,189.505780
9483,189.503933
9484,189.502086
9485,189.500239
9486,189.498393
9487,189.496547
9488,189.494700
9489,189.492854
9490,189.491008
9491,189.489163
9492,189.487317
9493,189.485472
9494,189.483627
9495,189.481781
9496,189.479936
9497,189.478092
9498,189.476247
9499,189.474403
9500,189.472558
9501,189.470714
9502,189.468870
9503,189.467027
9504,189.465183
9505,189.463339
9506,189.461496
9507,189.459653
9508,189.457810
9509,189.455967
9510,189.454124
9511,189.452282
9512,189.450439
9513,189.448597
9514,189.446755
9515,189.444913
9516,189.443072
9517,189.441230
9518,189.439389
9519,189.437547
9520,189.435706
9521,189.433865
9522,189.432024
9523,189.430184
9524,189.428343
9525,189.426503
9526,189.424663
9527,189.422823
9528,189.420983
9529,189.419143
9530,189.417304
9531,189.415465
9532,189.413625
9533,189.411786
9534,189.409947
9535,189.408109
9536,189.406270
9537,189.404432
9538,189.402594
9539,189.400756
9540,189.398918
9541,189.397080
9542,189.395242
9543,189.393405
9544,189.391568
9545,189.389730
9546,189.387893
9547,189.386057
9548,189.384220
9549,189.382383
9550,189.380547
9551,189.378711
9552,189.376875
9553,189.375039
9554,189.373203
9555,189.371368
9556,189.369533
9557,189.367697
9558,189.365862
9559,189.364027
9560,189.362193
9561,189.360358
9562,189.358524
9563,189.356689
9564,189.354855
9565,189.353021
9566,189.351187
9567,189.349354
9568,189.347520
9569,189.345687
9570,189.343854
9571,189.342021
9572,189.340188
9573,189.338355
9574,189.336523
9575,189.334690
9576,189.332858
9577,189.331026
9578,189.329194
9579,189.327363
9580,189.325531
9581,189.323700
9582,189.321868
9583,189.320037
9584,189.318206
9585,189.316376
9586,189.314545
9587,189.312714
9588,189.310884
9589,189.309054
9590,189.307224
9591,189.305394
9592,189.303565
9593,189.301735
9594,189.299906
9595,189.298076
9596,189.296247
9597,189.294419
9598,189.292590
9599,189.290761
9600,189.288933
9601,189.287105
9602,189.285276
9603,189.283449
9604,189.281621
9605,189.279793
9606,189.277966
9607,189.276138
9608,189.274311
9609,189.272484
9610,189.270657
9611,189.268831
9612,189.267004
9613,189.265178
9614,189.263352
9615,189.261526
9616,189.259700
9617,189.257874
9618,189.256048
9619,189.254223
9620,189.252398
9621,189.250573
9622,189.248748
9623,189.246923
9624,189.245098
9625,189.243274
9626,189.241450
9627,189.239625
9628,189.237802
9629,189.235978
9630,189.234154
9631,189.232330
9632,189.230507
9633,189.228684
9634,189.226861
9635,189.225038
9636,189.223215
9637,189.221393
9638,189.219570
9639,189.217748
9640,189.215926
9641,189.214104
9642,189.212282
9643,189.210461
9644,189.208639
9645,189.206818
9646,189.204997
9647,189.203176
9648,189.201355
9649,189.199534
9650,189.197714
9651,189.195893
9652,189.194073
9653,189.192253
9654,189.190433
9655,189.188613
9656,189.186794
9657,189.184974
9658,189.183155
9659,189.181336
9660,189.179517
9661,189.177698
9662,189.175880
9663,189.174061
9664,189.172243
9665,189.170425
9666,189.168607
9667,189.166789
9668,189.164971
9669,189.163154
9670,189.161336
9671,189.159519
9672,189.157702
9673,189.155885
9674,189.154068
9675,189.152252
9676,189.150435
9677,189.148619
9678,189.146803
9679,189.144987
9680,189.143171
9681,189.141355
9682,189.139540
9683,189.137725
9684,189.135909
9685,189.134094
9686,189.132280
9687,189.130465
9688,189.128650
9689,189.126836
9690,189.125022
9691,189.123208
9692,189.121394
9693,189.119580
9694,189.117766
9695,189.115953
9696,189.114140
9697,189.112326
9698,189.110513
9699,189.108701
9700,189.106888
9701,189.105075
9702,189.103263
9703,189.101451
9704,189.099639
9705,189.097827
9706,189.096015
9707,189.094204
9708,189.092392
9709,189.090581
9710,189.088770
9711,189.086959
9712,189.085148
9713,189.083338
9714,189.081527
9715,189.079717
9716,189.077907
9717,189.076097
9718,189.074287
9719,189.072477
9720,189.070667
9721,189.068858
9722,189.067049
9723,189.065240
9724,189.063431
9725,189.061622
9726,189.059814
9727,189.058005
9728,189.056197
9729,189.054389
9730,189.052581
9731,189.050773
9732,189.048965
9733,189.047158
9734,189.045350
9735,189.043543
9736,189.041736
9737,189.039929
9738,189.038123
9739,189.036316
9740,189.034510
9741,189.032703
9742,189.030897
9743,189.029091
9744,189.027285
9745,189.025480
9746,189.023674
9747,189.021869
9748,189.020064
9749,189.018259
9750,189.016454
9751,189.014649
9752,189.012845
9753,189.011040
9754,189.009236
9755,189.007432
9756,189.005628
9757,189.003824
9758,189.002021
9759,189.000217
9760,188.998414
9761,188.996611
9762,188.994808
9763,188.993005
9764,188.991202
9765,188.989400
9766,188.987598
9767,188.985795
9768,188.983993
9769,188.982191
9770,188.980390
9771,188.978588
9772,188.976787
9773,188.974986
9774,188.973184
9775,188.971383
9776,188.969583
9777,188.967782
9778,188.965982
9779,188.964181
9780,188.962381
9781,188.960581
9782,188.958781
9783,188.956981
9784,188.955182
9785,188.953382
9786,188.951583
9787,188.949784
9788,188.947985
9789,188.946186
9790,188.944388
9791,188.942589
9792,188.940791
9793,188.938993
9794,188.937195
9795,188.935397
9796,188.933599
9797,188.931802
9798,188.930004
9799,188.928207
9800,188.926410
9801,188.924613
9802,188.922817
9803,188.921020
9804,188.919223
9805,188.917427
9806,188.915631
9807,188.913835
9808,188.912039
9809,188.910244
9810,188.908448
9811,188.906653
9812,188.904858
9813,188.903062
9814,188.901268
9815,188.899473
9816,188.897678
9817,188.895884
9818,188.894090
9819,188.892295
9820,188.890501
9821,188.888708
9822,188.886914
9823,188.885121
9824,188.883327
9825,188.881534
9826,188.879741
9827,188.877948
9828,188.876155
9829,188.874363
9830,188.872570
9831,188.870778
9832,188.868986
9833,188.867194
9834,188.865402
9835,188.863611
9836,188.861819
9837,188.860028
9838,188.858237
9839,188.856446
9840,188.854655
9841,188.852864
9842,188.851074
9843,188.849283
9844,188.847493
9845,188.845703
9846,188.843913
9847,188.842123
9848,188.840333
9849,188.838544
9850,188.836755
9851,188.834966
9852,188.833177
9853,188.831388
9854,188.829599
9855,188.827810
9856,188.826022
9857,188.824234
9858,188.822446
9859,188.820658
9860,188.818870
9861,188.817082
9862,188.815295
9863,188.813508
9864,188.811721
9865,188.809934
9866,188.808147
9867,188.806360
9868,188.804574
9869,188.802787
9870,188.801001
9871,188.799215
9872,188.797429
9873,188.795643
9874,188.793858
9875,188.792072
9876,188.790287
9877,188.788502
9878,188.786717
9879,188.784932
9880,188.783147
9881,188.781363
9882,188.779578
9883,188.777794
9884,188.776010
9885,188.774226
9886,188.772442
9887,188.770659
9888,188.768875
9889,188.767092
9890,188.765309
9891,188.763526
9892,188.761743
9893,188.759960
9894,188.758178
9895,188.756395
9896,188.754613
9897,188.752831
9898,188.751049
9899,188.749268
9900,188.747486
9901,188.745705
9902,188.743923
9903,188.742142
9904,188.740361
9905,188.738580
9906,188.736800
9907,188.735019
9908,188.733239
9909,188.731459
9910,188.729678
9911,188.727899
9912,188.726119
9913,188.724339
9914,188.722560
9915,188.720781
9916,188.719001
9917,188.717222
9918,188.715444
9919,188.713665
9920,188.711886
9921,188.710108
9922,188.708330
9923,188.706552
9924,188.704774
9925,188.702996
9926,188.701219
9927,188.699441
9928,188.697664
9929,188.695887
9930,188.694110
9931,188.692333
9932,188.690556
9933,188.688780
9934,188.687003
9935,188.685227
9936,188.683451
9937,188.681675
9938,188.679899
9939,188.678124
9940,188.676348
9941,188.674573
9942,188.672798
9943,188.671023
9944,188.669248
9945,188.667473
9946,188.665699
9947,188.663924
9948,188.662150
9949,188.660376
9950,188.658602
9951,188.656829
9952,188.655055
9953,188.653281
9954,188.651508
9955,188.649735
9956,188.647962
9957,188.646189
9958,188.644417
9959,188.642644
9960,188.640872
9961,188.639099
9962,188.637327
9963,188.635555
9964,188.633784
9965,188.632012
9966,188.630241
9967,188.628469
9968,188.626698
9969,188.624927
9970,188.623156
9971,188.621386
9972,188.619615
9973,188.617845
9974,188.616074
9975,188.614304
9976,188.612534
9977,188.610765
9978,188.608995
9979,188.607226
9980,188.605456
9981,188.603687
9982,188.601918
9983,188.600149
9984,188.598380
9985,188.596612
9986,188.594844
9987,188.593075
9988,188.591307
9989,188.589539
9990,188.587771
9991,188.586004
9992,188.584236
9993,188.582469
9994,188.580702
9995,188.578935
9996,188.577168
9997,188.575401
9998,188.573635
9999,188.571868
10000,188.570102
10001,188.568336
10002,188.566570
10003,188.564804
10004,188.563038
10005,188.561273
10006,188.559508
10007,188.557742
10008,188.555977
10009,188.554213
10010,188.552448
10011,188.550683
10012,188.548919
10013,188.547154
10014,188.545390
10015,188.543626
10016,188.541863
10017,188.540099
10018,188.538335
10019,188.536572
10020,188.534809
10021,188.533046
10022,188.531283
10023,188.529520
10024,188.527758
10025,188.525995
10026,188.524233
10027,188.522471
10028,188.520709
10029,188.518947
10030,188.517185
10031,188.515424
10032,188.513662
10033,188.511901
10034,188.510140
10035,188.508379
10036,188.506618
10037,188.504858
10038,188.503097
10039,188.501337
10040,188.499577
10041,188.497817
10042,188.496057
10043,188.494297
10044,188.492538
10045,188.490778
10046,188.489019
10047,188.487260
10048,188.485501
10049,188.483742
10050,188.481983
10051,188.480225
10052,188.478467
10053,188.476708
10054,188.474950
10055,188.473192
10056,188.471435
10057,188.469677
10058,188.467920
10059,188.466162
10060,188.464405
10061,188.462648
10062,188.460892
10063,188.459135
10064,188.457378
10065,188.455622
10066,188.453866
10067,188.452110
10068,188.450354
10069,188.448598
10070,188.446842
10071,188.445087
10072,188.443332
10073,188.441577
10074,188.439822
10075,188.438067
10076,188.436312
10077,188.434558
10078,188.432803
10079,188.431049
10080,188.429295
10081,188.427541
10082,188.425787
10083,188.424033
10084,188.422280
10085,188.420527
10086,188.418773
10087,188.417020
10088,188.415268
10089,188.413515
10090,188.411762
10091,188.410010
10092,188.408258
10093,188.406505
10094,188.404754
10095,188.403002
10096,188.401250
10097,188.399499
10098,188.397747
10099,188.395996
10100,188.394245
10101,188.392494
10102,188.390743
10103,188.388993
10104,188.387242
10105,188.385492
10106,188.383742
10107,188.381992
10108,188.380242
10109,188.378492
10110,188.376743
10111,188.374993
10112,188.373244
10113,188.371495
10114,188.369746
10115,188.367997
10116,188.366249
10117,188.364500
10118,188.362752
10119,188.361004
10120,188.359256
10121,188.357508
10122,188.355760
10123,188.354012
10124,188.352265
10125,188.350518
10126,188.348771
10127,188.347024
10128,188.345277
10129,188.343530
10130,188.341784
10131,188.340037
10132,188.338291
10133,188.336545
10134,188.334799
10135,188.333053
10136,188.331308
10137,188.329562
10138,188.327817
10139,188.326072
10140,188.324327
10141,188.322582
10142,188.320837
10143,188.319093
10144,188.317348
10145,188.315604
10146,188.313860
10147,188.312116
10148,188.310372
10149,188.308628
10150,188.306885
10151,188.305142
10152,188.303398
10153,188.301655
10154,188.299912
10155,188.298170
10156,188.296427
10157,188.294685
10158,188.292942
10159,188.291200
10160,188.289458
10161,188.287716
10162,188.285975
10163,188.284233
10164,188.282492
10165,188.280750
10166,188.279009
10167,188.277268
10168,188.275528
10169,188.273787
10170,188.272046
10171,188.270306
10172,188.268566
10173,188.266826
10174,188.265086
10175,188.263346
10176,188.261607
10177,188.259867
10178,188.258128
10179,188.256389
10180,188.254650
10181,188.252911
10182,188.251172
10183,188.249434
10184,188.247695
10185,188.245957
10186,188.244219
10187,188.242481
10188,188.240743
10189,188.239006
10190,188.237268
10191,188.235531
10192,188.233794
10193,188.232057
10194,188.230320
10195,188.228583
10196,188.226846
10197,188.225110
10198,188.223374
10199,188.221638
10200,188.219902
10201,188.218166
10202,188.216430
10203,188.214695
10204,188.212959
10205,188.211224
10206,188.209489
10207,188.207754
10208,188.206019
10209,188.204285
10210,188.202550
10211,188.200816
10212,188.199082
10213,188.197347
10214,188.195614
10215,188.193880
10216,188.192146
10217,188.190413
10218,188.188680
10219,188.186946
10220,188.185213
10221,188.183481
10222,188.181748
10223,188.180015
10224,188.178283
10225,188.176551
10226,188.174819
10227,188.173087
10228,188.171355
10229,188.169623
10230,188.167892
10231,188.166161
10232,188.164429
10233,188.162698
10234,188.160967
10235,188.159237
10236,188.157506
10237,188.155776
10238,188.154045
10239,188.152315
10240,188.150585
10241,188.148855
10242,188.147126
10243,188.145396
10244,188.143667
10245,188.141937
10246,188.140208
10247,188.138479
10248,188.136751
10249,188.135022
10250,188.133294
10251,188.131565
10252,188.129837
10253,188.128109
10254,188.126381
10255,188.124653
10256,188.122926
10257,188.121198
10258,188.119471
10259,188.117744
10260,188.116017
10261,188.114290
10262,188.112563
10263,188.110837
10264,188.109110
10265,188.107384
10266,188.105658
10267,188.103932
10268,188.102206
10269,188.100480
10270,188.098755
10271,188.097030
10272,188.095304
10273,188.093579
10274,188.091854
10275,188.090130
10276,188.088405
10277,188.086681
10278,188.084956
10279,188.083232
10280,188.081508
10281,188.079784
10282,188.078061
10283,188.076337
10284,188.074614
10285,188.072890
10286,188.071167
10287,188.069444
10288,188.067721
10289,188.065999
10290,188.064276
10291,188.062554
10292,188.060831
10293,188.059109
10294,188.057387
10295,188.055666
10296,188.053944
10297,188.052223
10298,188.050501
10299,188.048780
10300,188.047059
10301,188.045338
10302,188.043617
10303,188.041897
10304,188.040176
10305,188.038456
10306,188.036736
10307,188.035016
10308,188.033296
10309,188.031576
10310,188.029857
10311,188.028137
10312,188.026418
10313,188.024699
10314,188.022980
10315,188.021261
10316,188.019543
10317,188.017824
10318,188.016106
10319,188.014388
10320,188.012669
10321,188.010952
10322,188.009234
10323,188.007516
10324,188.005799
10325,188.004081
10326,188.002364
10327,188.000647
10328,187.998930
10329,187.997214
10330,187.995497
10331,187.993781
10332,187.992064
10333,187.990348
10334,187.988632
10335,187.986916
10336,187.985201
10337,187.983485
10338,187.981770
10339,187.980054
10340,187.978339
10341,187.976624
10342,187.974910
10343,187.973195
10344,187.971480
10345,187.969766
10346,187.968052
10347,187.966338
10348,187.964624
10349,187.962910
10350,187.961196
10351,187.959483
10352,187.957770
10353,187.956056
10354,187.954343
10355,187.952631
10356,187.950918
10357,187.949205
10358,187.947493
10359,187.945781
10360,187.944068
10361,187.942356
10362,187.940645
10363,187.938933
10364,187.937221
10365,187.935510
10366,187.933799
10367,187.932088
10368,187.930377
10369,187.928666
10370,187.926955
10371,187.925245
10372,187.923534
10373,187.921824
10374,187.920114
10375,187.918404
10376,187.916694
10377,187.914985
10378,187.913275
10379,187.911566
10380,187.909857
10381,187.908148
10382,187.906439
10383,187.904730
10384,187.903022
10385,187.901313
10386,187.899605
10387,187.897897
10388,187.896189
10389,187.894481
10390,187.892773
10391,187.891066
10392,187.889358
10393,187.887651
10394,187.885944
10395,187.884237
10396,187.882530
10397,187.880823
10398,187.879117
10399,187.877410
10400,187.875704
10401,187.873998
10402,187.872292
10403,187.870586
10404,187.868881
10405,187.867175
10406,187.865470
10407,187.863765
10408,187.862060
10409,187.860355
10410,187.858650
10411,187.856945
10412,187.855241
10413,187.853537
10414,187.851833
10415,187.850129
10416,187.848425
10417,187.846721
10418,187.845017
10419,187.843314
10420,187.841611
10421,187.839908
10422,187.838205
10423,187.836502
10424,187.834799
10425,187.833096
10426,187.831394
10427,187.829692
10428,187.827990
10429,187.826288
10430,187.824586
10431,187.822884
10432,187.821183
10433,187.819481
10434,187.817780
10435,187.816079
10436,187.814378
10437,187.812677
10438,187.810977
10439,187.809276
10440,187.807576
10441,187.805876
10442,187.804176
10443,187.802476
10444,187.800776
10445,187.799077
10446,187.797377
10447,187.795678
10448,187.793979
10449,187.792280
10450,187.790581
10451,187.788882
10452,187.787183
10453,187.785485
10454,187.783787
10455,187.782089
10456,187.780391
10457,187.778693
10458,187.776995
10459,187.775298
10460,187.773600
10461,187.771903
10462,187.770206
10463,187.768509
10464,187.766812
10465,187.765115
10466,187.763419
10467,187.761722
10468,187.760026
10469,187.758330
10470,187.756634
10471,187.754938
10472,187.753243
10473,187.751547
10474,187.749852
10475,187.748157
10476,187.746462
10477,187.744767
10478,187.743072
10479,187.741377
10480,187.739683
10481,187.737989
10482,187.736294
10483,187.734600
10484,187.732907
10485,187.731213
10486,187.729519
10487,187.727826
10488,187.726132
10489,187.724439
10490,187.722746
10491,187.721053
10492,187.719361
10493,187.717668
10494,187.715976
10495,187.714284
10496,187.712591
10497,187.710899
10498,187.709208
10499,187.707516
10500,187.705824
10501,187.704133
10502,187.702442
10503,187.700751
10504,187.699060
10505,187.697369
10506,187.695678
10507,187.693988
10508,187.692297
10509,187.690607
10510,187.688917
10511,187.687227
10512,187.685537
10513,187.683848
10514,187.682158
10515,187.680469
10516,187.678780
10517,187.677091
10518,187.675402
10519,187.673713
10520,187.672024
10521,187.670336
10522,187.668647
10523,187.666959
10524,187.665271
10525,187.663583
10526,187.661896
10527,187.660208
10528,187.658521
10529,187.656833
10530,187.655146
10531,187.653459
10532,187.651772
10533,187.650086
10534,187.648399
10535,187.646713
10536,187.645026
10537,187.643340
10538,187.641654
10539,187.639968
10540,187.638283
10541,187.636597
10542,187.634912
10543,187.633226
10544,187.631541
10545,187.629856
10546,187.628171
10547,187.626487
10548,187.624802
10549,187.623118
10550,187.621434
10551,187.619749
10552,187.618066
10553,187.616382
10554,187.614698
10555,187.613015
10556,187.611331
10557,187.609648
10558,187.607965
10559,187.606282
10560,187.604599
10561,187.602917
10562,187.601234
10563,187.599552
10564,187.597869
10565,187.596187
10566,187.594505
10567,187.592824
10568,187.591142
10569,187.589461
10570,187.587779
10571,187.586098
10572,187.584417
10573,187.582736
10574,187.581055
10575,187.579375
10576,187.577694
10577,187.576014
10578,187.574334
10579,187.572654
10580,187.570974
10581,187.569294
10582,187.567615
10583,187.565935
10584,187.564256
10585,187.562577
10586,187.560898
10587,187.559219
10588,187.557540
10589,187.555862
10590,187.554183
10591,187.552505
10592,187.550827
10593,187.549149
10594,187.547471
10595,187.545793
10596,187.544116
10597,187.542438
10598,187.540761
10599,187.539084
10600,187.537407
10601,187.535730
10602,187.534053
10603,187.532377
10604,187.530700
10605,187.529024
10606,187.527348
10607,187.525672
10608,187.523996
10609,187.522320
10610,187.520645
10611,187.518970
10612,187.517294
10613,187.515619
10614,187.513944
10615,187.512269
10616,187.510595
10617,187.508920
10618,187.507246
10619,187.505572
10620,187.503898
10621,187.502224
10622,187.500550
10623,187.498876
10624,187.497203
10625,187.495529
10626,187.493856
10627,187.492183
10628,187.490510
10629,187.488837
10630,187.487165
10631,187.485492
10632,187.483820
10633,187.482148
10634,187.480476
10635,187.478804
10636,187.477132
10637,187.475460
10638,187.473789
10639,187.472118
10640,187.470446
10641,187.468775
10642,187.467104
10643,187.465434
10644,187.463763
10645,187.462093
10646,187.460422
10647,187.458752
10648,187.457082
10649,187.455412
10650,187.453742
10651,187.452073
10652,187.450403
10653,187.448734
10654,187.447065
10655,187.445396
10656,187.443727
10657,187.442058
10658,187.440390
10659,187.438721
10660,187.437053
10661,187.435385
10662,187.433717
10663,187.432049
10664,187.430381
10665,187.428713
10666,187.427046
10667,187.425379
10668,187.423712
10669,187.422045
10670,187.420378
10671,187.418711
10672,187.417044
10673,187.415378
10674,187.413712
10675,187.412046
10676,187.410380
10677,187.408714
10678,187.407048
10679,187.405382
10680,187.403717
10681,187.402052
10682,187.400387
10683,187.398722
10684,187.397057
10685,187.395392
10686,187.393728
10687,187.392063
10688,187.390399
10689,187.388735
10690,187.387071
10691,187.385407
10692,187.383743
10693,187.382080
10694,187.380416
10695,187.378753
10696,187.377090
10697,187.375427
10698,187.373764
10699,187.372101
10700,187.370439
10701,187.368776
10702,187.367114
10703,187.365452
10704,187.363790
10705,187.362128
10706,187.360467
10707,187.358805
10708,187.357144
10709,187.355482
10710,187.353821
10711,187.352160
10712,187.350499
10713,187.348839
10714,187.347178
10715,187.345518
10716,187.343858
10717,187.342198
10718,187.340538
10719,187.338878
10720,187.337218
10721,187.335559
10722,187.333899
10723,187.332240
10724,187.330581
10725,187.328922
10726,187.327263
10727,187.325604
10728,187.323946
10729,187.322287
10730,187.320629
10731,187.318971
10732,187.317313
10733,187.315655
10734,187.313998
10735,187.312340
10736,187.310683
10737,187.309026
10738,187.307369
10739,187.305712
10740,187.304055
10741,187.302398
10742,187.300742
10743,187.299085
10744,187.297429
10745,187.295773
10746,187.294117
10747,187.292461
10748,187.290805
10749,187.289150
10750,187.287495
10751,187.285839
10752,187.284184
10753,187.282529
10754,187.280875
10755,187.279220
10756,187.277565
10757,187.275911
10758,187.274257
10759,187.272603
10760,187.270949
10761,187.269295
10762,187.267641
10763,187.265988
10764,187.264334
10765,187.262681
10766,187.261028
10767,187.259375
10768,187.257722
10769,187.256070
10770,187.254417
10771,187.252765
10772,187.251113
10773,187.249460
10774,187.247808
10775,187.246157
10776,187.244505
10777,187.242854
10778,187.241202
10779,187.239551
10780,187.237900
10781,187.236249
10782,187.234598
10783,187.232947
10784,187.231297
10785,187.229647
10786,187.227996
10787,187.226346
10788,187.224696
10789,187.223046
10790,187.221397
10791,187.219747
10792,187.218098
10793,187.216449
10794,187.214800
10795,187.213151
10796,187.211502
10797,187.209853
10798,187.208205
10799,187.206556
10800,187.204908
10801,187.203260
10802,187.201612
10803,187.199964
10804,187.198317
10805,187.196669
10806,187.195022
10807,187.193374
10808,187.191727
10809,187.190080
10810,187.188434
10811,187.186787
10812,187.185140
10813,187.183494
10814,187.181848
10815,187.180202
10816,187.178556
10817,187.176910
10818,187.175264
10819,187.173619
10820,187.171973
10821,187.170328
10822,187.168683
10823,187.167038
10824,187.165393
10825,187.163748
10826,187.162104
10827,187.160460
10828,187.158815
10829,187.157171
10830,187.155527
10831,187.153883
10832,187.152240
10833,187.150596
10834,187.148953
10835,187.147310
10836,187.145666
10837,187.144023
10838,187.142381
10839,187.140738
10840,187.139095
10841,187.137453
10842,187.135811
10843,187.134169
10844,187.132527
10845,187.130885
10846,187.129243
10847,187.127602
10848,187.125960
10849,187.124319
10850,187.122678
10851,187.121037
10852,187.119396
10853,187.117755
10854,187.116115
10855,187.114474
10856,187.112834
10857,187.111194
10858,187.109554
10859,187.107914
10860,187.106274
10861,187.104635
10862,187.102995
10863,187.101356
10864,187.099717
10865,187.098078
10866,187.096439
10867,187.094800
10868,187.093162
10869,187.091523
10870,187.089885
10871,187.088247
10872,187.086609
10873,187.084971
10874,187.083333
10875,187.081696
10876,187.080058
10877,187.078421
10878,187.076784
10879,187.075147
10880,187.073510
10881,187.071873
10882,187.070237
10883,187.068600
10884,187.066964
10885,187.065328
10886,187.063692
10887,187.062056
10888,187.060420
10889,187.058784
10890,187.057149
10891,187.055514
10892,187.053878
10893,187.052243
10894,187.050608
10895,187.048974
10896,187.047339
10897,187.045705
10898,187.044070
10899,187.042436
10900,187.040802
10901,187.039168
10902,187.037534
10903,187.035901
10904,187.034267
10905,187.032634
10906,187.031001
10907,187.029368
10908,187.027735
10909,187.026102
10910,187.024469
10911,187.022837
10912,187.021204
10913,187.019572
10914,187.017940
10915,187.016308
10916,187.014676
10917,187.013045
10918,187.011413
10919,187.009782
10920,187.008151
10921,187.006520
10922,187.004889
10923,187.003258
10924,187.001627
10925,186.999997
10926,186.998366
10927,186.996736
10928,186.995106
10929,186.993476
10930,186.991846
10931,186.990217
10932,186.988587
10933,186.986958
10934,186.985328
10935,186.983699
10936,186.982070
10937,186.980441
10938,186.978813
10939,186.977184
10940,186.975556
10941,186.973928
10942,186.972299
10943,186.970671
10944,186.969044
10945,186.967416
10946,186.965788
10947,186.964161
10948,186.962534
10949,186.960906
10950,186.959279
10951,186.957653
10952,186.956026
10953,186.954399
10954,186.952773
10955,186.951147
10956,186.949520
10957,186.947894
10958,186.946269
10959,186.944643
10960,186.943017
10961,186.941392
10962,186.939766
10963,186.938141
10964,186.936516
10965,186.934891
10966,186.933267
10967,186.931642
10968,186.930018
10969,186.928393
10970,186.926769
10971,186.925145
10972,186.923521
10973,186.921897
10974,186.920274
10975,186.918650
10976,186.917027
10977,186.915404
10978,186.913781
10979,186.912158
10980,186.910535
10981,186.908912
10982,186.907290
10983,186.905667
10984,186.904045
10985,186.902423
10986,186.900801
10987,186.899179
10988,186.897558
10989,186.895936
10990,186.894315
10991,186.892693
10992,186.891072
10993,186.889451
10994,186.887831
10995,186.886210
10996,186.884589
10997,186.882969
10998,186.881349
10999,186.879728
11000,186.878109
11001,186.876489
11002,186.874869
11003,186.873249
11004,186.871630
11005,186.870011
11006,186.868392
11007,186.866773
11008,186.865154
11009,186.863535
11010,186.861916
11011,186.860298
11012,186.858680
11013,186.857061
11014,186.855443
11015,186.853826
11016,186.852208
11017,186.850590
11018,186.848973
11019,186.847355
11020,186.845738
11021,186.844121
11022,186.842504
11023,186.840888
11024,186.839271
11025,186.837654
11026,186.836038
11027,186.834422
11028,186.832806
11029,186.831190
11030,186.829574
11031,186.827958
11032,186.826343
11033,186.824728
11034,186.823112
11035,186.821497
11036,186.819882
11037,186.818267
11038,186.816653
11039,186.815038
11040,186.813424
11041,186.811810
11042,186.810196
11043,186.808582
11044,186.806968
11045,186.805354
11046,186.803740
11047,186.802127
11048,186.800514
11049,186.798901
11050,186.797288
11051,186.795675
11052,186.794062
11053,186.792449
11054,186.790837
11055,186.789225
11056,186.787613
11057,186.786001
11058,186.784389
11059,186.782777
11060,186.781165
11061,186.779554
11062,186.777943
11063,186.776331
11064,186.774720
11065,186.773109
11066,186.771499
11067,186.769888
11068,186.768278
11069,186.766667
11070,186.765057
11071,186.763447
11072,186.761837
11073,186.760227
11074,186.758618
11075,186.757008
11076,186.755399
11077,186.753789
11078,186.752180
11079,186.750571
11080,186.748963
11081,186.747354
11082,186.745745
11083,186.744137
11084,186.742529
11085,186.740920
11086,186.739313
11087,186.737705
11088,186.736097
11089,186.734489
11090,186.732882
11091,186.731275
11092,186.729668
11093,186.728061
11094,186.726454
11095,186.724847
11096,186.723240
11097,186.721634
11098,186.720028
11099,186.718421
11100,186.716815
11101,186.715209
11102,186.713604
11103,186.711998
11104,186.710393
11105,186.708787
11106,186.707182
11107,186.705577
11108,186.703972
11109,186.702367
11110,186.700763
11111,186.699158
11112,186.697554
11113,186.695949
11114,186.694345
11115,186.692741
11116,186.691138
11117,186.689534
11118,186.687930
11119,186.686327
11120,186.684724
11121,186.683121
11122,186.681518
11123,186.679915
11124,186.678312
11125,186.676709
11126,186.675107
11127,186.673505
11128,186.671903
11129,186.670300
11130,186.668699
11131,186.667097
11132,186.665495
11133,186.663894
11134,186.662292
11135,186.660691
11136,186.659090
11137,186.657489
11138,186.655889
11139,186.654288
11140,186.652687
11141,186.651087
11142,186.649487
11143,186.647887
11144,186.646287
11145,186.644687
11146,186.643087
11147,186.641488
11148,186.639888
11149,186.638289
11150,186.636690
11151,186.635091
11152,186.633492
11153,186.631894
11154,186.630295
11155,186.628697
11156,186.627098
11157,186.625500
11158,186.623902
11159,186.622304
11160,186.620707
11161,186.619109
11162,186.617511
11163,186.615914
11164,186.614317
11165,186.612720
11166,186.611123
11167,186.609526
11168,186.607930
11169,186.606333
11170,186.604737
11171,186.603141
11172,186.601545
11173,186.599949
11174,186.598353
11175,186.596757
11176,186.595162
11177,186.593566
11178,186.591971
11179,186.590376
11180,186.588781
11181,186.587186
11182,186.585591
11183,186.583997
11184,186.582402
11185,186.580808
11186,186.579214
11187,186.577620
11188,186.576026
11189,186.574432
11190,186.572839
11191,186.571245
11192,186.569652
11193,186.568059
11194,186.566466
11195,186.564873
11196,186.563280
11197,186.561687
11198,186.560095
11199,186.558503
11200,186.556910
11201,186.555318
11202,186.553726
11203,186.552135
11204,186.550543
11205,186.548951
11206,186.547360
11207,186.545769
11208,186.544178
11209,186.542587
11210,186.540996
11211,186.539405
11212,186.537814
11213,186.536224
11214,186.534634
11215,186.533044
11216,186.531454
11217,186.529864
11218,186.528274
11219,186.526684
11220,186.525095
11221,186.523506
11222,186.521916
11223,186.520327
11224,186.518738
11225,186.517150
11226,186.515561
11227,186.513972
11228,186.512384
11229,186.510796
11230,186.509208
11231,186.507620
11232,186.506032
11233,186.504444
11234,186.502857
11235,186.501269
11236,186.499682
11237,186.498095
11238,186.496508
11239,186.494921
11240,186.493334
11241,186.491748
11242,186.490161
11243,186.488575
11244,186.486989
11245,186.485403
11246,186.483817
11247,186.482231
11248,186.480646
11249,186.479060
11250,186.477475
11251,186.475890
11252,186.474304
11253,186.472720
11254,186.471135
11255,186.469550
11256,186.467966
11257,186.466381
11258,186.464797
11259,186.463213
11260,186.461629
11261,186.460045
11262,186.458461
11263,186.456878
11264,186.455294
11265,186.453711
11266,186.452128
11267,186.450545
11268,186.448962
11269,186.447379
11270,186.445796
11271,186.444214
11272,186.442632
11273,186.441049
11274,186.439467
11275,186.437885
11276,186.436304
11277,186.434722
11278,186.433141
11279,186.431559
11280,186.429978
11281,186.428397
11282,186.426816
11283,186.425235
11284,186.423654
11285,186.422074
11286,186.420493
11287,186.418913
11288,186.417333
11289,186.415753
11290,186.414173
11291,186.412593
11292,186.411014
11293,186.409434
11294,186.407855
11295,186.406276
11296,186.404697
11297,186.403118
11298,186.401539
11299,186.399960
11300,186.398382
11301,186.396803
11302,186.395225
11303,186.393647
11304,186.392069
11305,186.390491
11306,186.388913
11307,186.387336
11308,186.385759
11309,186.384181
11310,186.382604
11311,186.381027
11312,186.379450
11313,186.377873
11314,186.376297
11315,186.374720
11316,186.373144
11317,186.371568
11318,186.369992
11319,186.368416
11320,186.366840
11321,186.365264
11322,186.363689
11323,186.362114
11324,186.360538
11325,186.358963
11326,186.357388
11327,186.355813
11328,186.354239
11329,186.352664
11330,186.351090
11331,186.349515
11332,186.347941
11333,186.346367
11334,186.344793
11335,186.343220
11336,186.341646
11337,186.340073
11338,186.338499
11339,186.336926
11340,186.335353
11341,186.333780
11342,186.332207
11343,186.330635
11344,186.329062
11345,186.327490
11346,186.325917
11347,186.324345
11348,186.322773
11349,186.321201
11350,186.319630
11351,186.318058
11352,186.316487
11353,186.314915
11354,186.313344
11355,186.311773
11356,186.310202
11357,186.308632
11358,186.307061
11359,186.305491
11360,186.303920
11361,186.302350
11362,186.300780
11363,186.299210
11364,186.297640
11365,186.296070
11366,186.294501
11367,186.292932
11368,186.291362
11369,186.289793
11370,186.288224
11371,186.286655
11372,186.285087
11373,186.283518
11374,186.281950
11375,186.280381
11376,186.278813
11377,186.277245
11378,186.275677
11379,186.274109
11380,186.272542
11381,186.270974
11382,186.269407
11383,186.267840
11384,186.266273
11385,186.264706
11386,186.263139
11387,186.261572
11388,186.260006
11389,186.258439
11390,186.256873
11391,186.255307
11392,186.253741
11393,186.252175
11394,186.250609
11395,186.249043
11396,186.247478
11397,186.245913
11398,186.244347
11399,186.242782
11400,186.241217
11401,186.239653
11402,186.238088
11403,186.236523
11404,186.234959
11405,186.233395
11406,186.231831
11407,186.230267
11408,186.228703
11409,186.227139
11410,186.225576
11411,186.224012
11412,186.222449
11413,186.220886
11414,186.219323
11415,186.217760
11416,186.216197
11417,186.214634
11418,186.213072
11419,186.211510
11420,186.209947
11421,186.208385
11422,186.206823
11423,186.205261
11424,186.203700
11425,186.202138
11426,186.200577
11427,186.199016
11428,186.197454
11429,186.195893
11430,186.194332
11431,186.192772
11432,186.191211
11433,186.189651
11434,186.188090
11435,186.186530
11436,186.184970
11437,186.183410
11438,186.181850
11439,186.180291
11440,186.178731
11441,186.177172
11442,186.175613
11443,186.174053
11444,186.172494
11445,186.170936
11446,186.169377
11447,186.167818
11448,186.166260
11449,186.164702
11450,186.163143
11451,186.161585
11452,186.160027
11453,186.158470
11454,186.156912
11455,186.155354
11456,186.153797
11457,186.152240
11458,186.150683
11459,186.149126
11460,186.147569
11461,186.146012
11462,186.144456
11463,186.142899
11464,186.141343
11465,186.139787
11466,186.138231
11467,186.136675
11468,186.135119
11469,186.133564
11470,186.132008
11471,186.130453
11472,186.128897
11473,186.127342
11474,186.125787
11475,186.124233
11476,186.122678
11477,186.121123
11478,186.119569
11479,186.118015
11480,186.116461
11481,186.114907
11482,186.113353
11483,186.111799
11484,186.110245
11485,186.108692
11486,186.107139
11487,186.105585
11488,186.104032
11489,186.102479
11490,186.100927
11491,186.099374
11492,186.097821
11493,186.096269
11494,186.094717
11495,186.093165
11496,186.091613
11497,186.090061
11498,186.088509
11499,186.086957
11500,186.085406
11501,186.083855
11502,186.082303
11503,186.080752
11504,186.079201
11505,186.077651
11506,186.076100
11507,186.074549
11508,186.072999
11509,186.071449
11510,186.069899
11511,186.068349
11512,186.066799
11513,186.065249
11514,186.063700
11515,186.062150
11516,186.060601
11517,186.059052
11518,186.057503
11519,186.055954
11520,186.054405
11521,186.052856
11522,186.051308
11523,186.049759
11524,186.048211
11525,186.046663
11526,186.045115
11527,186.043567
11528,186.042019
11529,186.040472
11530,186.038924
11531,186.037377
11532,186.035830
11533,186.034283
11534,186.032736
11535,186.031189
11536,186.029643
11537,186.028096
11538,186.026550
11539,186.025004
11540,186.023457
11541,186.021911
11542,186.020366
11543,186.018820
11544,186.017274
11545,186.015729
11546,186.014184
11547,186.012638
11548,186.011093
11549,186.009548
11550,186.008004
11551,186.006459
11552,186.004915
11553,186.003370
11554,186.001826
11555,186.000282
11556,185.998738
11557,185.997194
11558,185.995650
11559,185.994107
11560,185.992563
11561,185.991020
11562,185.989477
11563,185.987934
11564,185.986391
11565,185.984848
11566,185.983306
11567,185.981763
11568,185.980221
11569,185.978678
11570,185.977136
11571,185.975594
11572,185.974053
11573,185.972511
11574,185.970969
11575,185.969428
11576,185.967887
11577,185.966345
11578,185.964804
11579,185.963264
11580,185.961723
11581,185.960182
11582,185.958642
11583,185.957101
11584,185.955561
11585,185.954021
11586,185.952481
11587,185.950941
11588,185.949401
11589,185.947862
11590,185.946322
11591,185.944783
11592,185.943244
11593,185.941705
11594,185.940166
11595,185.938627
11596,185.937089
11597,185.935550
11598,185.934012
11599,185.932473
11600,185.930935
11601,185.929397
11602,185.927860
11603,185.926322
11604,185.924784
11605,185.923247
11606,185.921710
11607,185.920172
11608,185.918635
11609,185.917098
11610,185.915562
11611,185.914025
11612,185.912488
11613,185.910952
11614,185.909416
11615,185.907880
11616,185.906344
11617,185.904808
11618,185.903272
11619,185.901737
11620,185.900201
11621,185.898666
11622,185.897131
11623,185.895596
11624,185.894061
11625,185.892526
11626,185.890991
11627,185.889457
11628,185.887922
11629,185.886388
11630,185.884854
11631,185.883320
11632,185.881786
11633,185.880252
11634,185.878719
11635,185.877185
11636,185.875652
11637,185.874119
11638,185.872586
11639,185.871053
11640,185.869520
11641,185.867987
11642,185.866455
11643,185.864922
11644,185.863390
11645,185.861858
11646,185.860326
11647,185.858794
11648,185.857262
11649,185.855731
11650,185.854199
11651,185.852668
11652,185.851137
11653,185.849606
11654,185.848075
11655,185.846544
11656,185.845013
11657,185.843483
11658,185.841952
11659,185.840422
11660,185.838892
11661,185.837362
11662,185.835832
11663,185.834302
11664,185.832773
11665,185.831243
11666,185.829714
11667,185.828185
11668,185.826655
11669,185.825126
11670,185.823598
11671,185.822069
11672,185.820540
11673,185.819012
11674,185.817484
11675,185.815956
11676,185.814427
11677,185.812900
11678,185.811372
11679,185.809844
11680,185.808317
11681,185.806789
11682,185.805262
11683,185.803735
11684,185.802208
11685,185.800681
11686,185.799154
11687,185.797628
11688,185.796101
11689,185.794575
11690,185.793049
11691,185.791523
11692,185.789997
11693,185.788471
11694,185.786945
11695,185.785420
11696,185.783895
11697,185.782369
11698,185.780844
11699,185.779319
11700,185.777794
11701,185.776270
11702,185.774745
11703,185.773220
11704,185.771696
11705,185.770172
11706,185.768648
11707,185.767124
11708,185.765600
11709,185.764076
11710,185.762553
11711,185.761029
11712,185.759506
11713,185.757983
11714,185.756460
11715,185.754937
11716,185.753414
11717,185.751892
11718,185.750369
11719,185.748847
11720,185.747325
11721,185.745802
11722,185.744280
11723,185.742759
11724,185.741237
11725,185.739715
11726,185.738194
11727,185.736673
11728,185.735151
11729,185.733630
11730,185.732109
11731,185.730589
11732,185.729068
11733,185.727547
11734,185.726027
11735,185.724507
11736,185.722987
11737,185.721467
11738,185.719947
11739,185.718427
11740,185.716907
11741,185.715388
11742,185.713869
11743,185.712349
11744,185.710830
11745,185.709311
11746,185.707793
11747,185.706274
11748,185.704755
11749,185.703237
11750,185.701719
11751,185.700200
11752,185.698682
11753,185.697165
11754,185.695647
11755,185.694129
11756,185.692612
11757,185.691094
11758,185.689577
11759,185.688060
11760,185.686543
11761,185.685026
11762,185.683509
11763,185.681993
11764,185.680476
11765,185.678960
11766,185.677444
11767,185.675928
11768,185.674412
11769,185.672896
11770,185.671380
11771,185.669865
11772,185.668349
11773,185.666834
11774,185.665319
11775,185.663804
11776,185.662289
11777,185.660774
11778,185.659260
11779,185.657745
11780,185.656231
11781,185.654717
11782,185.653203
11783,185.651689
11784,185.650175
11785,185.648661
11786,185.647147
11787,185.645634
11788,185.644121
11789,185.642608
11790,185.641094
11791,185.639582
11792,185.638069
11793,185.636556
11794,185.635044
11795,185.633531
11796,185.632019
11797,185.630507
11798,185.628995
11799,185.627483
11800,185.625971
11801,185.624460
11802,185.622948
11803,185.621437
11804,185.619925
11805,185.618414
11806,185.616903
11807,185.615393
11808,185.613882
11809,185.612371
11810,185.610861
11811,185.609351
11812,185.607840
11813,185.606330
11814,185.604820
11815,185.603311
11816,185.601801
11817,185.600291
11818,185.598782
11819,185.597273
11820,185.595764
11821,185.594255
11822,185.592746
11823,185.591237
11824,185.589728
11825,185.588220
11826,185.586712
11827,185.585203
11828,185.583695
11829,185.582187
11830,185.580680
11831,185.579172
11832,185.577664
11833,185.576157
11834,185.574650
11835,185.573142
11836,185.571635
11837,185.570128
11838,185.568622
11839,185.567115
11840,185.565608
11841,185.564102
11842,185.562596
11843,185.561090
11844,185.559584
11845,185.558078
11846,185.556572
11847,185.555066
11848,185.553561
11849,185.552056
11850,185.550550
11851,185.549045
11852,185.547540
11853,185.546035
11854,185.544531
11855,185.543026
11856,185.541522
11857,185.540017
11858,185.538513
11859,185.537009
11860,185.535505
11861,185.534001
11862,185.532498
11863,185.530994
11864,185.529491
11865,185.527988
11866,185.526484
11867,185.524981
11868,185.523478
11869,185.521976
11870,185.520473
11871,185.518971
11872,185.517468
11873,185.515966
11874,185.514464
11875,185.512962
11876,185.511460
11877,185.509958
11878,185.508457
11879,185.506955
11880,185.505454
11881,185.503953
11882,185.502452
11883,185.500951
11884,185.499450
11885,185.497949
11886,185.496449
11887,185.494948
11888,185.493448
11889,185.491948
11890,185.490448
11891,185.488948
11892,185.487448
11893,185.485949
11894,185.484449
11895,185.482950
11896,185.481450
11897,185.479951
11898,185.478452
11899,185.476953
11900,185.475455
11901,185.473956
11902,185.472458
11903,185.470959
11904,185.469461
11905,185.467963
11906,185.466465
11907,185.464967
11908,185.463469
11909,185.461972
11910,185.460474
11911,185.458977
11912,185.457480
11913,185.455983
11914,185.454486
11915,185.452989
11916,185.451493
11917,185.449996
11918,185.448500
11919,185.447003
11920,185.445507
11921,185.444011
11922,185.442515
11923,185.441020
11924,185.439524
11925,185.438028
11926,185.436533
11927,185.435038
11928,185.433543
11929,185.432048
11930,185.430553
11931,185.429058
11932,185.427564
11933,185.426069
11934,185.424575
11935,185.423081
11936,185.421586
11937,185.420092
11938,185.418599
11939,185.417105
11940,185.415611
11941,185.414118
11942,185.412625
11943,185.411132
11944,185.409638
11945,185.408146
11946,185.406653
11947,185.405160
11948,185.403668
11949,185.402175
11950,185.400683
11951,185.399191
11952,185.397699
11953,185.396207
11954,185.394715
11955,185.393223
11956,185.391732
11957,185.390241
11958,185.388749
11959,185.387258
11960,185.385767
11961,185.384276
11962,185.382786
11963,185.381295
11964,185.379805
11965,185.378314
11966,185.376824
11967,185.375334
11968,185.373844
11969,185.372354
11970,185.370865
11971,185.369375
11972,185.367886
11973,185.366396
11974,185.364907
11975,185.363418
11976,185.361929
11977,185.360440
11978,185.358952
11979,185.357463
11980,185.355975
11981,185.354486
11982,185.352998
11983,185.351510
11984,185.350022
11985,185.348535
11986,185.347047
11987,185.345559
11988,185.344072
11989,185.342585
11990,185.341098
11991,185.339611
11992,185.338124
11993,185.336637
11994,185.335151
11995,185.333664
11996,185.332178
11997,185.330691
11998,185.329205
11999,185.327719
12000,185.326234
12001,185.324748
12002,185.323262
12003,185.321777
12004,185.320292
12005,185.318806
12006,185.317321
12007,185.315836
12008,185.314352
12009,185.312867
12010,185.311382
12011,185.309898
12012,185.308414
12013,185.306929
12014,185.305445
12015,185.303961
12016,185.302478
12017,185.300994
12018,185.299511
12019,185.298027
12020,185.296544
12021,185.295061
12022,185.293578
12023,185.292095
12024,185.290612
12025,185.289129
12026,185.287647
12027,185.286165
12028,185.284682
12029,185.283200
12030,185.281718
12031,185.280236
12032,185.278755
12033,185.277273
12034,185.275792
12035,185.274310
12036,185.272829
12037,185.271348
12038,185.269867
12039,185.268386
12040,185.266905
12041,185.265425
12042,185.263944
12043,185.262464
12044,185.260984
12045,185.259504
12046,185.258024
12047,185.256544
12048,185.255064
12049,185.253585
12050,185.252105
12051,185.250626
12052,185.249147
12053,185.247668
12054,185.246189
12055,185.244710
12056,185.243231
12057,185.241753
12058,185.240275
12059,185.238796
12060,185.237318
12061,185.235840
12062,185.234362
12063,185.232884
12064,185.231407
12065,185.229929
12066,185.228452
12067,185.226975
12068,185.225497
12069,185.224020
12070,185.222544
12071,185.221067
12072,185.219590
12073,185.218114
12074,185.216637
12075,185.215161
12076,185.213685
12077,185.212209
12078,185.210733
12079,185.209257
12080,185.207782
12081,185.206306
12082,185.204831
12083,185.203356
12084,185.201881
12085,185.200406
12086,185.198931
12087,185.197456
12088,185.195982
12089,185.194507
12090,185.193033
12091,185.191559
12092,185.190085
12093,185.188611
12094,185.187137
12095,185.185663
12096,185.184190
12097,185.182716
12098,185.181243
12099,185.179770
12100,185.178297
12101,185.176824
12102,185.175351
12103,185.173878
12104,185.172406
12105,185.170933
12106,185.169461
12107,185.167989
12108,185.166517
12109,185.165045
12110,185.163573
12111,185.162102
12112,185.160630
12113,185.159159
12114,185.157687
12115,185.156216
12116,185.154745
12117,185.153274
12118,185.151804
12119,185.150333
12120,185.148862
12121,185.147392
12122,185.145922
12123,185.144452
12124,185.142982
12125,185.141512
12126,185.140042
12127,185.138573
12128,185.137103
12129,185.135634
12130,185.134164
12131,185.132695
12132,185.131226
12133,185.129757
12134,185.128289
12135,185.126820
12136,185.125352
12137,185.123883
12138,185.122415
12139,185.120947
12140,185.119479
12141,185.118011
12142,185.116544
12143,185.115076
12144,185.113608
12145,185.112141
12146,185.110674
12147,185.109207
12148,185.107740
12149,185.106273
12150,185.104806
12151,185.103340
12152,185.101873
12153,185.100407
12154,185.098941
12155,185.097475
12156,185.096009
12157,185.094543
12158,185.093077
12159,185.091612
12160,185.090146
12161,185.088681
12162,185.087216
12163,185.085751
12164,185.084286
12165,185.082821
12166,185.081356
12167,185.079892
12168,185.078428
12169,185.076963
12170,185.075499
12171,185.074035
12172,185.072571
12173,185.071107
12174,185.069644
12175,185.068180
12176,185.066717
12177,185.065253
12178,185.063790
12179,185.062327
12180,185.060864
12181,185.059402
12182,185.057939
12183,185.056476
12184,185.055014
12185,185.053552
12186,185.052090
12187,185.050628
12188,185.049166
12189,185.047704
12190,185.046242
12191,185.044781
12192,185.043319
12193,185.041858
12194,185.040397
12195,185.038936
12196,185.037475
12197,185.036014
12198,185.034554
12199,185.033093
12200,185.031633
12201,185.030173
12202,185.028713
12203,185.027253
12204,185.025793
12205,185.024333
12206,185.022873
12207,185.021414
12208,185.019955
12209,185.018495
12210,185.017036
12211,185.015577
12212,185.014118
12213,185.012660
12214,185.011201
12215,185.009743
12216,185.008284
12217,185.006826
12218,185.005368
12219,185.003910
12220,185.002452
12221,185.000994
12222,184.999537
12223,184.998079
12224,184.996622
12225,184.995165
12226,184.993708
12227,184.992251
12228,184.990794
12229,184.989337
12230,184.987880
12231,184.986424
12232,184.984968
12233,184.983511
12234,184.982055
12235,184.980599
12236,184.979144
12237,184.977688
12238,184.976232
12239,184.974777
12240,184.973322
12241,184.971866
12242,184.970411
12243,184.968956
12244,184.967501
12245,184.966047
12246,184.964592
12247,184.963138
12248,184.961683
12249,184.960229
12250,184.958775
12251,184.957321
12252,184.955867
12253,184.954414
12254,184.952960
12255,184.951507
12256,184.950053
12257,184.948600
12258,184.947147
12259,184.945694
12260,184.944241
12261,184.942789
12262,184.941336
12263,184.939884
12264,184.938431
12265,184.936979
12266,184.935527
12267,184.934075
12268,184.932623
12269,184.931172
12270,184.929720
12271,184.928269
12272,184.926817
12273,184.925366
12274,184.923915
12275,184.922464
12276,184.921013
12277,184.919563
12278,184.918112
12279,184.916662
12280,184.915211
12281,184.913761
12282,184.912311
12283,184.910861
12284,184.909411
12285,184.907962
12286,184.906512
12287,184.905063
12288,184.903613
12289,184.902164
12290,184.900715
12291,184.899266
12292,184.897817
12293,184.896369
12294,184.894920
12295,184.893472
12296,184.892023
12297,184.890575
12298,184.889127
12299,184.887679
12300,184.886231
12301,184.884784
12302,184.883336
12303,184.881889
12304,184.880441
12305,184.878994
12306,184.877547
12307,184.876100
12308,184.874654
12309,184.873207
12310,184.871760
12311,184.870314
12312,184.868868
12313,184.867421
12314,184.865975
12315,184.864529
12316,184.863084
12317,184.861638
12318,184.860192
12319,184.858747
12320,184.857302
12321,184.855856
12322,184.854411
12323,184.852966
12324,184.851522
12325,184.850077
12326,184.848632
12327,184.847188
12328,184.845744
12329,184.844300
12330,184.842855
12331,184.841412
12332,184.839968
12333,184.838524
12334,184.837081
12335,184.835637
12336,184.834194
12337,184.832751
12338,184.831308
12339,184.829865
12340,184.828422
12341,184.826979
12342,184.825537
12343,184.824094
12344,184.822652
12345,184.821210
12346,184.819768
12347,184.818326
12348,184.816884
12349,184.815442
12350,184.814001
12351,184.812559
12352,184.811118
12353,184.809677
12354,184.808236
12355,184.806795
12356,184.805354
12357,184.803913
12358,184.802473
12359,184.801032
12360,184.799592
12361,184.798152
12362,184.796712
12363,184.795272
12364,184.793832
12365,184.792392
12366,184.790953
12367,184.789513
12368,184.788074
12369,184.786635
12370,184.785196
12371,184.783757
12372,184.782318
12373,184.780879
12374,184.779440
12375,184.778002
12376,184.776564
12377,184.775126
12378,184.773687
12379,184.772249
12380,184.770812
12381,184.769374
12382,184.767936
12383,184.766499
12384,184.765062
12385,184.763624
12386,184.762187
12387,184.760750
12388,184.759314
12389,184.757877
12390,184.756440
12391,184.755004
12392,184.753567
12393,184.752131
12394,184.750695
12395,184.749259
12396,184.747823
12397,184.746388
12398,184.744952
12399,184.743517
12400,184.742081
12401,184.740646
12402,184.739211
12403,184.737776
12404,184.736341
12405,184.734906
12406,184.733472
12407,184.732037
12408,184.730603
12409,184.729169
12410,184.727735
12411,184.726301
12412,184.724867
12413,184.723433
12414,184.721999
12415,184.720566
12416,184.719133
12417,184.717699
12418,184.716266
12419,184.714833
12420,184.713400
12421,184.711968
12422,184.710535
12423,184.709102
12424,184.707670
12425,184.706238
12426,184.704806
12427,184.703374
12428,184.701942
12429,184.700510
12430,184.699078
12431,184.697647
12432,184.696216
12433,184.694784
12434,184.693353
12435,184.691922
12436,184.690491
12437,184.689061
12438,184.687630
12439,184.686199
12440,184.684769
12441,184.683339
12442,184.681909
12443,184.680479
12444,184.679049
12445,184.677619
12446,184.676189
12447,184.674760
12448,184.673330
12449,184.671901
12450,184.670472
12451,184.669043
12452,184.667614
12453,184.666185
12454,184.664757
12455,184.663328
12456,184.661900
12457,184.660471
12458,184.659043
12459,184.657615
12460,184.656187
12461,184.654759
12462,184.653332
12463,184.651904
12464,184.650477
12465,184.649049
12466,184.647622
12467,184.646195
12468,184.644768
12469,184.643341
12470,184.641915
12471,184.640488
12472,184.639062
12473,184.637635
12474,184.636209
12475,184.634783
12476,184.633357
12477,184.631931
12478,184.630506
12479,184.629080
12480,184.627655
12481,184.626229
12482,184.624804
12483,184.623379
12484,184.621954
12485,184.620529
12486,184.619105
12487,184.617680
12488,184.616255
12489,184.614831
12490,184.613407
12491,184.611983
12492,184.610559
12493,184.609135
12494,184.607711
12495,184.606288
12496,184.604864
12497,184.603441
12498,184.602018
12499,184.600594
12500,184.599171
12501,184.597749
12502,184.596326
12503,184.594903
12504,184.593481
12505,184.592058
12506,184.590636
12507,184.589214
12508,184.587792
12509,184.586370
12510,184.584948
12511,184.583527
12512,184.582105
12513,184.580684
12514,184.579262
12515,184.577841
12516,184.576420
12517,184.574999
12518,184.573579
12519,184.572158
12520,184.570737
12521,184.569317
12522,184.567897
12523,184.566477
12524,184.565057
12525,184.563637
12526,184.562217
12527,184.560797
12528,184.559378
12529,184.557958
12530,184.556539
12531,184.555120
12532,184.553701
12533,184.552282
12534,184.550863
12535,184.549444
12536,184.548026
12537,184.546607
12538,184.545189
12539,184.543771
12540,184.542352
12541,184.540935
12542,184.539517
12543,184.538099
12544,184.536681
12545,184.535264
12546,184.533847
12547,184.532429
12548,184.531012
12549,184.529595
12550,184.528178
12551,184.526762
12552,184.525345
12553,184.523929
12554,184.522512
12555,184.521096
12556,184.519680
12557,184.518264
12558,184.516848
12559,184.515432
12560,184.514017
12561,184.512601
12562,184.511186
12563,184.509770
12564,184.508355
12565,184.506940
12566,184.505525
12567,184.504111
12568,184.502696
12569,184.501281
12570,184.499867
12571,184.498453
12572,184.497039
12573,184.495625
12574,184.494211
12575,184.492797
12576,184.491383
12577,184.489970
12578,184.488556
12579,184.487143
12580,184.485730
12581,184.484317
12582,184.482904
12583,184.481491
12584,184.480078
12585,184.478666
12586,184.477253
12587,184.475841
12588,184.474429
12589,184.473016
12590,184.471604
12591,184.470193
12592,184.468781
12593,184.467369
12594,184.465958
12595,184.464546
12596,184.463135
12597,184.461724
12598,184.460313
12599,184.458902
12600,184.457492
12601,184.456081
12602,184.454670
12603,184.453260
12604,184.451850
12605,184.450440
12606,184.449030
12607,184.447620
12608,184.446210
12609,184.444800
12610,184.443391
12611,184.441981
12612,184.440572
12613,184.439163
12614,184.437754
12615,184.436345
12616,184.434936
12617,184.433527
12618,184.432119
12619,184.430710
12620,184.429302
12621,184.427894
12622,184.426486
12623,184.425078
12624,184.423670
12625,184.422262
12626,184.420855
12627,184.419447
12628,184.418040
12629,184.416633
12630,184.415226
12631,184.413819
12632,184.412412
12633,184.411005
12634,184.409599
12635,184.408192
12636,184.406786
12637,184.405380
12638,184.403973
12639,184.402567
12640,184.401162
12641,184.399756
12642,184.398350
12643,184.396945
12644,184.395539
12645,184.394134
12646,184.392729
12647,184.391324
12648,184.389919
12649,184.388514
12650,184.387109
12651,184.385705
12652,184.384300
12653,184.382896
12654,184.381492
12655,184.380088
12656,184.378684
12657,184.377280
12658,184.375876
12659,184.374473
12660,184.373069
12661,184.371666
12662,184.370263
12663,184.368860
12664,184.367457
12665,184.366054
12666,184.364651
12667,184.363249
12668,184.361846
12669,184.360444
12670,184.359042
12671,184.357640
12672,184.356238
12673,184.354836
12674,184.353434
12675,184.352032
12676,184.350631
12677,184.349229
12678,184.347828
12679,184.346427
12680,184.345026
12681,184.343625
12682,184.342224
12683,184.340824
12684,184.339423
12685,184.338023
12686,184.336622
12687,184.335222
12688,184.333822
12689,184.332422
12690,184.331022
12691,184.329623
12692,184.328223
12693,184.326824
12694,184.325424
12695,184.324025
12696,184.322626
12697,184.321227
12698,184.319828
12699,184.318429
12700,184.317031
12701,184.315632
12702,184.314234
12703,184.312836
12704,184.311438
12705,184.310040
12706,184.308642
12707,184.307244
12708,184.305846
12709,184.304449
12710,184.303051
12711,184.301654
12712,184.300257
12713,184.298860
12714,184.297463
12715,184.296066
12716,184.294670
12717,184.293273
12718,184.291877
12719,184.290480
12720,184.289084
12721,184.287688
12722,184.286292
12723,184.284896
12724,184.283501
12725,184.282105
12726,184.280709
12727,184.279314
12728,184.277919
12729,184.276524
12730,184.275129
12731,184.273734
12732,184.272339
12733,184.270945
12734,184.269550
12735,184.268156
12736,184.266761
12737,184.265367
12738,184.263973
12739,184.262579
12740,184.261186
12741,184.259792
12742,184.258398
12743,184.257005
12744,184.255612
12745,184.254218
12746,184.252825
12747,184.251432
12748,184.250040
12749,184.248647
12750,184.247254
12751,184.245862
12752,184.244470
12753,184.243077
12754,184.241685
12755,184.240293
12756,184.238901
12757,184.237510
12758,184.236118
12759,184.234727
12760,184.233335
12761,184.231944
12762,184.230553
12763,184.229162
12764,184.227771
12765,184.226380
12766,184.224990
12767,184.223599
12768,184.222209
12769,184.220818
12770,184.219428
12771,184.218038
12772,184.216648
12773,184.215258
12774,184.213869
12775,184.212479
12776,184.211090
12777,184.209700
12778,184.208311
12779,184.206922
12780,184.205533
12781,184.204144
12782,184.202755
12783,184.201367
12784,184.199978
12785,184.198590
12786,184.197202
12787,184.195814
12788,184.194426
12789,184.193038
12790,184.191650
12791,184.190262
12792,184.188875
12793,184.187487
12794,184.186100
12795,184.184713
12796,184.183326
12797,184.181939
12798,184.180552
12799,184.179165
12800,184.177779
12801,184.176392
12802,184.175006
12803,184.173620
12804,184.172234
12805,184.170848
12806,184.169462
12807,184.168076
12808,184.166691
12809,184.165305
12810,184.163920
12811,184.162534
12812,184.161149
12813,184.159764
12814,184.158379
12815,184.156995
12816,184.155610
12817,184.154225
12818,184.152841
12819,184.151457
12820,184.150073
12821,184.148689
12822,184.147305
12823,184.145921
12824,184.144537
12825,184.143153
12826,184.141770
12827,184.140387
12828,184.139003
12829,184.137620
12830,184.136237
12831,184.134855
12832,184.133472
12833,184.132089
12834,184.130707
12835,184.129324
12836,184.127942
12837,184.126560
12838,184.125178
12839,184.123796
12840,184.122414
12841,184.121032
12842,184.119651
12843,184.118270
12844,184.116888
12845,184.115507
12846,184.114126
12847,184.112745
12848,184.111364
12849,184.109983
12850,184.108603
12851,184.107222
12852,184.105842
12853,184.104462
12854,184.103082
12855,184.101702
12856,184.100322
12857,184.098942
12858,184.097562
12859,184.096183
12860,184.094804
12861,184.093424
12862,184.092045
12863,184.090666
12864,184.089287
12865,184.087908
12866,184.086530
12867,184.085151
12868,184.083773
12869,184.082394
12870,184.081016
12871,184.079638
12872,184.078260
12873,184.076882
12874,184.075504
12875,184.074127
12876,184.072749
12877,184.071372
12878,184.069995
12879,184.068618
12880,184.067241
12881,184.065864
12882,184.064487
12883,184.063110
12884,184.061734
12885,184.060357
12886,184.058981
12887,184.057605
12888,184.056229
12889,184.054853
12890,184.053477
12891,184.052101
12892,184.050726
12893,184.049350
12894,184.047975
12895,184.046600
12896,184.045224
12897,184.043849
12898,184.042475
12899,184.041100
12900,184.039725
12901,184.038351
12902,184.036976
12903,184.035602
12904,184.034228
12905,184.032854
12906,184.031480
12907,184.030106
12908,184.028732
12909,184.027359
12910,184.025985
12911,184.024612
12912,184.023239
12913,184.021866
12914,184.020493
12915,184.019120
12916,184.017747
12917,184.016374
12918,184.015002
12919,184.013630
12920,184.012257
12921,184.010885
12922,184.009513
12923,184.008141
12924,184.006769
12925,184.005398
12926,184.004026
12927,184.002655
12928,184.001283
12929,183.999912
12930,183.998541
12931,183.997170
12932,183.995799
12933,183.994429
12934,183.993058
12935,183.991688
12936,183.990317
12937,183.988947
12938,183.987577
12939,183.986207
12940,183.984837
12941,183.983467
12942,183.982097
12943,183.980728
12944,183.979359
12945,183.977989
12946,183.976620
12947,183.975251
12948,183.973882
12949,183.972513
12950,183.971144
12951,183.969776
12952,183.968407
12953,183.967039
12954,183.965671
12955,183.964303
12956,183.962935
12957,183.961567
12958,183.960199
12959,183.958831
12960,183.957464
12961,183.956096
12962,183.954729
12963,183.953362
12964,183.951995
12965,183.950628
12966,183.949261
12967,183.947894
12968,183.946528
12969,183.945161
12970,183.943795
12971,183.942429
12972,183.941063
12973,183.939697
12974,183.938331
12975,183.936965
12976,183.935599
12977,183.934234
12978,183.932869
12979,183.931503
12980,183.930138
12981,183.928773
12982,183.927408
12983,183.926043
12984,183.924679
12985,183.923314
12986,183.921950
12987,183.920585
12988,183.919221
12989,183.917857
12990,183.916493
12991,183.915129
12992,183.913765
12993,183.912402
12994,183.911038
12995,183.909675
12996,183.908311
12997,183.906948
12998,183.905585
12999,183.904222
13000,183.902859
13001,183.901497
13002,183.900134
13003,183.898772
13004,183.897409
13005,183.896047
13006,183.894685
13007,183.893323
13008,183.891961
13009,183.890599
13010,183.889238
13011,183.887876
13012,183.886515
13013,183.885154
13014,183.883792
13015,183.882431
13016,183.881071
13017,183.879710
13018,183.878349
13019,183.876988
13020,183.875628
13021,183.874268
13022,183.872907
13023,183.871547
13024,183.870187
13025,183.868827
13026,183.867468
13027,183.866108
13028,183.864749
13029,183.863389
13030,183.862030
13031,183.860671
13032,183.859312
13033,183.857953
13034,183.856594
13035,183.855235
13036,183.853877
13037,183.852518
13038,183.851160
13039,183.849802
13040,183.848444
13041,183.847086
13042,183.845728
13043,183.844370
13044,183.843012
13045,183.841655
13046,183.840297
13047,183.838940
13048,183.837583
13049,183.836226
13050,183.834869
13051,183.833512
13052,183.832155
13053,183.830799
13054,183.829442
13055,183.828086
13056,183.826730
13057,183.825374
13058,183.824018
13059,183.822662
13060,183.821306
13061,183.819950
13062,183.818595
13063,183.817239
13064,183.815884
13065,183.814529
13066,183.813174
13067,183.811819
13068,183.810464
13069,183.809109
13070,183.807755
13071,183.806400
13072,183.805046
13073,183.803692
13074,183.802338
13075,183.800984
13076,183.799630
13077,183.798276
13078,183.796922
13079,183.795569
13080,183.794215
13081,183.792862
13082,183.791509
13083,183.790156
13084,183.788803
13085,183.787450
13086,183.786097
13087,183.784745
13088,183.783392
13089,183.782040
13090,183.780688
13091,183.779335
13092,183.777983
13093,183.776632
13094,183.775280
13095,183.773928
13096,183.772577
13097,183.771225
13098,183.769874
13099,183.768523
13100,183.767171
13101,183.765821
13102,183.764470
13103,183.763119
13104,183.761768
13105,183.760418
13106,183.759067
13107,183.757717
13108,183.756367
13109,183.755017
13110,183.753667
13111,183.752317
13112,183.750968
13113,183.749618
13114,183.748269
13115,183.746919
13116,183.745570
13117,183.744221
13118,183.742872
13119,183.741523
13120,183.740174
13121,183.738826
13122,183.737477
13123,183.736129
13124,183.734781
13125,183.733432
13126,183.732084
13127,183.730736
13128,183.729389
13129,183.728041
13130,183.726693
13131,183.725346
13132,183.723998
13133,183.722651
13134,183.721304
13135,183.719957
13136,183.718610
13137,183.717263
13138,183.715917
13139,183.714570
13140,183.713224
13141,183.711877
13142,183.710531
13143,183.709185
13144,183.707839
13145,183.706493
13146,183.705148
13147,183.703802
13148,183.702457
13149,183.701111
13150,183.699766
13151,183.698421
13152,183.697076
13153,183.695731
13154,183.694386
13155,183.693041
13156,183.691697
13157,183.690352
13158,183.689008
13159,183.687664
13160,183.686320
13161,183.684976
13162,183.683632
13163,183.682288
13164,183.680945
13165,183.679601
13166,183.678258
13167,183.676914
13168,183.675571
13169,183.674228
13170,183.672885
13171,183.671542
13172,183.670200
13173,183.668857
13174,183.667515
13175,183.666172
13176,183.664830
13177,183.663488
13178,183.662146
13179,183.660804
13180,183.659462
13181,183.658121
13182,183.656779
13183,183.655438
13184,183.654096
13185,183.652755
13186,183.651414
13187,183.650073
13188,183.648732
13189,183.647392
13190,183.646051
13191,183.644710
13192,183.643370
13193,183.642030
13194,183.640690
13195,183.639350
13196,183.638010
13197,183.636670
13198,183.635330
13199,183.633991
13200,183.632651
13201,183.631312
13202,183.629973
13203,183.628633
13204,183.627294
13205,183.625956
13206,183.624617
13207,183.623278
13208,183.621940
13209,183.620601
13210,183.619263
13211,183.617925
13212,183.616587
13213,183.615249
13214,183.613911
13215,183.612573
13216,183.611236
13217,183.609898
13218,183.608561
13219,183.607223
13220,183.605886
13221,183.604549
13222,183.603212
13223,183.601876
13224,183.600539
13225,183.599202
13226,183.597866
13227,183.596529
13228,183.595193
13229,183.593857
13230,183.592521
13231,183.591185
13232,183.589850
13233,183.588514
13234,183.587178
13235,183.585843
13236,183.584508
13237,183.583172
13238,183.581837
13239,183.580502
13240,183.579168
13241,183.577833
13242,183.576498
13243,183.575164
13244,183.573829
13245,183.572495
13246,183.571161
13247,183.569827
13248,183.568493
13249,183.567159
13250,183.565826
13251,183.564492
13252,183.563159
13253,183.561825
13254,183.560492
13255,183.559159
13256,183.557826
13257,183.556493
13258,183.555160
13259,183.553828
13260,183.552495
13261,183.551163
13262,183.549830
13263,183.548498
13264,183.547166
13265,183.545834
13266,183.544502
13267,183.543171
13268,183.541839
13269,183.540508
13270,183.539176
13271,183.537845
13272,183.536514
13273,183.535183
13274,183.533852
13275,183.532521
13276,183.531190
13277,183.529860
13278,183.528529
13279,183.527199
13280,183.525869
13281,183.524539
13282,183.523209
13283,183.521879
13284,183.520549
13285,183.519219
13286,183.517890
13287,183.516560
13288,183.515231
13289,183.513902
13290,183.512573
13291,183.511244
13292,183.509915
13293,183.508586
13294,183.507258
13295,183.505929
13296,183.504601
13297,183.503272
13298,183.501944
13299,183.500616
13300,183.499288
13301,183.497960
13302,183.496633
13303,183.495305
13304,183.493978
13305,183.492650
13306,183.491323
13307,183.489996
13308,183.488669
13309,183.487342
13310,183.486015
13311,183.484689
13312,183.483362
13313,183.482036
13314,183.480709
13315,183.479383
13316,183.478057
13317,183.476731
13318,183.475405
13319,183.474079
13320,183.472754
13321,183.471428
13322,183.470103
13323,183.468777
13324,183.467452
13325,183.466127
13326,183.464802
13327,183.463477
13328,183.462153
13329,183.460828
13330,183.459504
13331,183.458179
13332,183.456855
13333,183.455531
13334,183.454207
13335,183.452883
13336,183.451559
13337,183.450235
13338,183.448912
13339,183.447588
13340,183.446265
13341,183.444942
13342,183.443619
13343,183.442296
13344,183.440973
13345,183.439650
13346,183.438327
13347,183.437005
13348,183.435682
13349,183.434360
13350,183.433038
13351,183.431716
13352,183.430394
13353,183.429072
13354,183.427750
13355,183.426428
13356,183.425107
13357,183.423786
13358,183.422464
13359,183.421143
13360,183.419822
13361,183.418501
13362,183.417180
13363,183.415859
13364,183.414539
13365,183.413218
13366,183.411898
13367,183.410578
13368,183.409258
13369,183.407938
13370,183.406618
13371,183.405298
13372,183.403978
13373,183.402659
13374,183.401339
13375,183.400020
13376,183.398700
13377,183.397381
13378,183.396062
13379,183.394743
13380,183.393425
13381,183.392106
13382,183.390787
13383,183.389469
13384,183.388151
13385,183.386832
13386,183.385514
13387,183.384196
13388,183.382879
13389,183.381561
13390,183.380243
13391,183.378926
13392,183.377608
13393,183.376291
13394,183.374974
13395,183.373657
13396,183.372340
13397,183.371023
13398,183.369706
13399,183.368389
13400,183.367073
13401,183.365757
13402,183.364440
13403,183.363124
13404,183.361808
13405,183.360492
13406,183.359176
13407,183.357861
13408,183.356545
13409,183.355230
13410,183.353914
13411,183.352599
13412,183.351284
13413,183.349969
13414,183.348654
13415,183.347339
13416,183.346024
13417,183.344710
13418,183.343395
13419,183.342081
13420,183.340767
13421,183.339453
13422,183.338139
13423,183.336825
13424,183.335511
13425,183.334197
13426,183.332884
13427,183.331570
13428,183.330257
13429,183.328944
13430,183.327631
13431,183.326318
13432,183.325005
13433,183.323692
13434,183.322379
13435,183.321067
13436,183.319754
13437,183.318442
13438,183.317130
13439,183.315818
13440,183.314506
13441,183.313194
13442,183.311882
13443,183.310571
13444,183.309259
13445,183.307948
13446,183.306637
13447,183.305325
13448,183.304014
13449,183.302703
13450,183.301393
13451,183.300082
13452,183.298771
13453,183.297461
13454,183.296150
13455,183.294840
13456,183.293530
13457,183.292220
13458,183.290910
13459,183.289600
13460,183.288290
13461,183.286981
13462,183.285671
13463,183.284362
13464,183.283053
13465,183.281744
13466,183.280435
13467,183.279126
13468,183.277817
13469,183.276508
13470,183.275200
13471,183.273891
13472,183.272583
13473,183.271275
13474,183.269967
13475,183.268659
13476,183.267351
13477,183.266043
13478,183.264735
13479,183.263428
13480,183.262120
13481,183.260813
13482,183.259506
13483,183.258199
13484,183.256892
13485,183.255585
13486,183.254278
13487,183.252971
13488,183.251665
13489,183.250358
13490,183.249052
13491,183.247746
13492,183.246440
13493,183.245134
13494,183.243828
13495,183.242522
13496,183.241217
13497,183.239911
13498,183.238606
13499,183.237300
13500,183.235995
13501,183.234690
13502,183.233385
13503,183.232080
13504,183.230776
13505,183.229471
13506,183.228167
13507,183.226862
13508,183.225558
13509,183.224254
13510,183.222950
13511,183.221646
13512,183.220342
13513,183.219038
13514,183.217735
13515,183.216431
13516,183.215128
13517,183.213825
13518,183.212521
13519,183.211218
13520,183.209915
13521,183.208613
13522,183.207310
13523,183.206007
13524,183.204705
13525,183.203402
13526,183.202100
13527,183.200798
13528,183.199496
13529,183.198194
13530,183.196892
13531,183.195591
13532,183.194289
13533,183.192988
13534,183.191686
13535,183.190385
13536,183.189084
13537,183.187783
13538,183.186482
13539,183.185181
13540,183.183881
13541,183.182580
13542,183.181280
13543,183.179979
13544,183.178679
13545,183.177379
13546,183.176079
13547,183.174779
13548,183.173479
13549,183.172180
13550,183.170880
13551,183.169581
13552,183.168281
13553,183.166982
13554,183.165683
13555,183.164384
13556,183.163085
13557,183.161786
13558,183.160488
13559,183.159189
13560,183.157891
13561,183.156592
13562,183.155294
13563,183.153996
13564,183.152698
13565,183.151400
13566,183.150102
13567,183.148805
13568,183.147507
13569,183.146210
13570,183.144913
13571,183.143615
13572,183.142318
13573,183.141021
13574,183.139724
13575,183.138428
13576,183.137131
13577,183.135835
13578,183.134538
13579,183.133242
13580,183.131946
13581,183.130650
13582,183.129354
13583,183.128058
13584,183.126762
13585,183.125466
13586,183.124171
13587,183.122876
13588,183.121580
13589,183.120285
13590,183.118990
13591,183.117695
13592,183.116400
13593,183.115105
13594,183.113811
13595,183.112516
13596,183.111222
13597,183.109928
13598,183.108633
13599,183.107339
13600,183.106045
13601,183.104752
13602,183.103458
13603,183.102164
13604,183.100871
13605,183.099577
13606,183.098284
13607,183.096991
13608,183.095698
13609,183.094405
13610,183.093112
13611,183.091819
13612,183.090527
13613,183.089234
13614,183.087942
13615,183.086650
13616,183.085358
13617,183.084065
13618,183.082774
13619,183.081482
13620,183.080190
13621,183.078898
13622,183.077607
13623,183.076316
13624,183.075024
13625,183.073733
13626,183.072442
13627,183.071151
13628,183.069860
13629,183.068570
13630,183.067279
13631,183.065989
13632,183.064698
13633,183.063408
13634,183.062118
13635,183.060828
13636,183.059538
13637,183.058248
13638,183.056958
13639,183.055669
13640,183.054379
13641,183.053090
13642,183.051801
13643,183.050511
13644,183.049222
13645,183.047933
13646,183.046645
13647,183.045356
13648,183.044067
13649,183.042779
13650,183.041490
13651,183.040202
13652,183.038914
13653,183.037626
13654,183.036338
13655,183.035050
13656,183.033763
13657,183.032475
13658,183.031188
13659,183.029900
13660,183.028613
13661,183.027326
13662,183.026039
13663,183.024752
13664,183.023465
13665,183.022178
13666,183.020892
13667,183.019605
13668,183.018319
13669,183.017033
13670,183.015746
13671,183.014460
13672,183.013175
13673,183.011889
13674,183.010603
13675,183.009317
13676,183.008032
13677,183.006747
13678,183.005461
13679,183.004176
13680,183.002891
13681,183.001606
13682,183.000321
13683,182.999037
13684,182.997752
13685,182.996468
13686,182.995183
13687,182.993899
13688,182.992615
13689,182.991331
13690,182.990047
13691,182.988763
13692,182.987479
13693,182.986196
13694,182.984912
13695,182.983629
13696,182.982346
13697,182.981063
13698,182.979780
13699,182.978497
13700,182.977214
13701,182.975931
13702,182.974649
13703,182.973366
13704,182.972084
13705,182.970801
13706,182.969519
13707,182.968237
13708,182.966955
13709,182.965673
13710,182.964392
13711,182.963110
13712,182.961829
13713,182.960547
13714,182.959266
13715,182.957985
13716,182.956704
13717,182.955423
13718,182.954142
13719,182.952861
13720,182.951581
13721,182.950300
13722,182.949020
13723,182.947740
13724,182.946460
13725,182.945179
13726,182.943900
13727,182.942620
13728,182.941340
13729,182.940060
13730,182.938781
13731,182.937502
13732,182.936222
13733,182.934943
13734,182.933664
13735,182.932385
13736,182.931106
13737,182.929828
13738,182.928549
13739,182.927270
13740,182.925992
13741,182.924714
13742,182.923436
13743,182.922158
13744,182.920880
13745,182.919602
13746,182.918324
13747,182.917046
13748,182.915769
13749,182.914492
13750,182.913214
13751,182.911937
13752,182.910660
13753,182.909383
13754,182.908106
13755,182.906829
13756,182.905553
13757,182.904276
13758,182.903000
13759,182.901724
13760,182.900447
13761,182.899171
13762,182.897895
13763,182.896620
13764,182.895344
13765,182.894068
13766,182.892793
13767,182.891517
13768,182.890242
13769,182.888967
13770,182.887692
13771,182.886417
13772,182.885142
13773,182.883867
13774,182.882593
13775,182.881318
13776,182.880044
13777,182.878769
13778,182.877495
13779,182.876221
13780,182.874947
13781,182.873673
13782,182.872399
13783,182.871126
13784,182.869852
13785,182.868579
13786,182.867306
13787,182.866032
13788,182.864759
13789,182.863486
13790,182.862213
13791,182.860941
13792,182.859668
13793,182.858395
13794,182.857123
13795,182.855851
13796,182.854578
13797,182.853306
13798,182.852034
13799,182.850762
13800,182.849491
13801,182.848219
13802,182.846947
13803,182.845676
13804,182.844405
13805,182.843133
13806,182.841862
13807,182.840591
13808,182.839320
13809,182.838050
13810,182.836779
13811,182.835508
13812,182.834238
13813,182.832968
13814,182.831697
13815,182.830427
13816,182.829157
13817,182.827887
13818,182.826617
13819,182.825348
13820,182.824078
13821,182.822809
13822,182.821539
13823,182.820270
13824,182.819001
13825,182.817732
13826,182.816463
13827,182.815194
13828,182.813925
13829,182.812657
13830,182.811388
13831,182.810120
13832,182.808852
13833,182.807584
13834,182.806316
13835,182.805048
13836,182.803780
13837,182.802512
13838,182.801244
13839,182.799977
13840,182.798710
13841,182.797442
13842,182.796175
13843,182.794908
13844,182.793641
13845,182.792374
13846,182.791108
13847,182.789841
13848,182.788574
13849,182.787308
13850,182.786042
13851,182.784776
13852,182.783509
13853,182.782244
13854,182.780978
13855,182.779712
13856,182.778446
13857,182.777181
13858,182.775915
13859,182.774650
13860,182.773385
13861,182.772120
13862,182.770855
13863,182.769590
13864,182.768325
13865,182.767060
13866,182.765796
13867,182.764531
13868,182.763267
13869,182.762003
13870,182.760739
13871,182.759475
13872,182.758211
13873,182.756947
13874,182.755684
13875,182.754420
13876,182.753157
13877,182.751893
13878,182.750630
13879,182.749367
13880,182.748104
13881,182.746841
13882,182.745578
13883,182.744315
13884,182.743053
13885,182.741790
13886,182.740528
13887,182.739266
13888,182.738004
13889,182.736742
13890,182.735480
13891,182.734218
13892,182.732956
13893,182.731695
13894,182.730433
13895,182.729172
13896,182.727910
13897,182.726649
13898,182.725388
13899,182.724127
13900,182.722866
13901,182.721606
13902,182.720345
13903,182.719085
13904,182.717824
13905,182.716564
13906,182.715304
13907,182.714044
13908,182.712784
13909,182.711524
13910,182.710264
13911,182.709004
13912,182.707745
13913,182.706485
13914,182.705226
13915,182.703967
13916,182.702708
13917,182.701449
13918,182.700190
13919,182.698931
13920,182.697673
13921,182.696414
13922,182.695156
13923,182.693897
13924,182.692639
13925,182.691381
13926,182.690123
13927,182.688865
13928,182.687607
13929,182.686350
13930,182.685092
13931,182.683835
13932,182.682577
13933,182.681320
13934,182.680063
13935,182.678806
13936,182.677549
13937,182.676292
13938,182.675035
13939,182.673779
13940,182.672522
13941,182.671266
13942,182.670010
13943,182.668753
13944,182.667497
13945,182.666242
13946,182.664986
13947,182.663730
13948,182.662474
13949,182.661219
13950,182.659963
13951,182.658708
13952,182.657453
13953,182.656198
13954,182.654943
13955,182.653688
13956,182.652433
13957,182.651179
13958,182.649924
13959,182.648670
13960,182.647415
13961,182.646161
13962,182.644907
13963,182.643653
13964,182.642399
13965,182.641145
13966,182.639892
13967,182.638638
13968,182.637385
13969,182.636131
13970,182.634878
13971,182.633625
13972,182.632372
13973,182.631119
13974,182.629866
13975,182.628614
13976,182.627361
13977,182.626109
13978,182.624856
13979,182.623604
13980,182.622352
13981,182.621100
13982,182.619848
13983,182.618596
13984,182.617344
13985,182.616093
13986,182.614841
13987,182.613590
13988,182.612339
13989,182.611087
13990,182.609836
13991,182.608585
13992,182.607335
13993,182.606084
13994,182.604833
13995,182.603583
13996,182.602332
13997,182.601082
13998,182.599832
13999,182.598582
14000,182.597332
14001,182.596082
14002,182.594832
14003,182.593582
14004,182.592333
14005,182.591083
14006,182.589834
14007,182.588585
14008,182.587336
14009,182.586087
14010,182.584838
14011,182.583589
14012,182.582340
14013,182.581092
14014,182.579843
14015,182.578595
14016,182.577347
14017,182.576098
14018,182.574850
14019,182.573602
14020,182.572355
14021,182.571107
14022,182.569859
14023,182.568612
14024,182.567364
14025,182.566117
14026,182.564870
14027,182.563623
14028,182.562376
14029,182.561129
14030,182.559882
14031,182.558636
14032,182.557389
14033,182.556143
14034,182.554896
14035,182.553650
14036,182.552404
14037,182.551158
14038,182.549912
14039,182.548666
14040,182.547421
14041,182.546175
14042,182.544930
14043,182.543684
14044,182.542439
14045,182.541194
14046,182.539949
14047,182.538704
14048,182.537459
14049,182.536214
14050,182.534970
14051,182.533725
14052,182.532481
14053,182.531237
14054,182.529993
14055,182.528749
14056,182.527505
14057,182.526261
14058,182.525017
14059,182.523773
14060,182.522530
14061,182.521286
14062,182.520043
14063,182.518800
14064,182.517557
14065,182.516314
14066,182.515071
14067,182.513828
14068,182.512586
14069,182.511343
14070,182.510101
14071,182.508858
14072,182.507616
14073,182.506374
14074,182.505132
14075,182.503890
14076,182.502648
14077,182.501406
14078,182.500165
14079,182.498923
14080,182.497682
14081,182.496441
14082,182.495200
14083,182.493958
14084,182.492718
14085,182.491477
14086,182.490236
14087,182.488995
14088,182.487755
14089,182.486514
14090,182.485274
14091,182.484034
14092,182.482794
14093,182.481554
14094,182.480314
14095,182.479074
14096,182.477835
14097,182.476595
14098,182.475356
14099,182.474116
14100,182.472877
14101,182.471638
14102,182.470399
14103,182.469160
14104,182.467921
14105,182.466682
14106,182.465444
14107,182.464205
14108,182.462967
14109,182.461729
14110,182.460491
14111,182.459253
14112,182.458015
14113,182.456777
14114,182.455539
14115,182.454301
14116,182.453064
14117,182.451826
14118,182.450589
14119,182.449352
14120,182.448115
14121,182.446878
14122,182.445641
14123,182.444404
14124,182.443168
14125,182.441931
14126,182.440695
14127,182.439458
14128,182.438222
14129,182.436986
14130,182.435750
14131,182.434514
14132,182.433278
14133,182.432042
14134,182.430807
14135,182.429571
14136,182.428336
14137,182.427101
14138,182.425865
14139,182.424630
14140,182.423395
14141,182.422161
14142,182.420926
14143,182.419691
14144,182.418457
14145,182.417222
14146,182.415988
14147,182.414754
14148,182.413520
14149,182.412286
14150,182.411052
14151,182.409818
14152,182.408584
14153,182.407351
14154,182.406117
14155,182.404884
14156,182.403651
14157,182.402418
14158,182.401184
14159,182.399952
14160,182.398719
14161,182.397486
14162,182.396253
14163,182.395021
14164,182.393789
14165,182.392556
14166,182.391324
14167,182.390092
14168,182.388860
14169,182.387628
14170,182.386396
14171,182.385165
14172,182.383933
14173,182.382702
14174,182.381470
14175,182.380239
14176,182.379008
14177,182.377777
14178,182.376546
14179,182.375315
14180,182.374085
14181,182.372854
14182,182.371624
14183,182.370393
14184,182.369163
14185,182.367933
14186,182.366703
14187,182.365473
14188,182.364243
14189,182.363013
14190,182.361784
14191,182.360554
14192,182.359325
14193,182.358095
14194,182.356866
14195,182.355637
14196,182.354408
14197,182.353179
14198,182.351950
14199,182.350722
14200,182.349493
14201,182.348265
14202,182.347036
14203,182.345808
14204,182.344580
14205,182.343352
14206,182.342124
14207,182.340896
14208,182.339668
14209,182.338441
14210,182.337213
14211,182.335986
14212,182.334759
14213,182.333531
14214,182.332304
14215,182.331077
14216,182.329850
14217,182.328624
14218,182.327397
14219,182.326170
14220,182.324944
14221,182.323718
14222,182.322491
14223,182.321265
14224,182.320039
14225,182.318813
14226,182.317588
14227,182.316362
14228,182.315136
14229,182.313911
14230,182.312685
14231,182.311460
14232,182.310235
14233,182.309010
14234,182.307785
14235,182.306560
14236,182.305335
14237,182.304111
14238,182.302886
14239,182.301662
14240,182.300437
14241,182.299213
14242,182.297989
14243,182.296765
14244,182.295541
14245,182.294317
14246,182.293094
14247,182.291870
14248,182.290646
14249,182.289423
14250,182.288200
14251,182.286977
14252,182.285754
14253,182.284531
14254,182.283308
14255,182.282085
14256,182.280862
14257,182.279640
14258,182.278417
14259,182.277195
14260,182.275973
14261,182.274751
14262,182.273529
14263,182.272307
14264,182.271085
14265,182.269863
14266,182.268642
14267,182.267420
14268,182.266199
14269,182.264978
14270,182.263757
14271,182.262535
14272,182.261315
14273,182.260094
14274,182.258873
14275,182.257652
14276,182.256432
14277,182.255211
14278,182.253991
14279,182.252771
14280,182.251551
14281,182.250331
14282,182.249111
14283,182.247891
14284,182.246671
14285,182.245452
14286,182.244232
14287,182.243013
14288,182.241794
14289,182.240575
14290,182.239355
14291,182.238137
14292,182.236918
14293,182.235699
14294,182.234480
14295,182.233262
14296,182.232043
14297,182.230825
14298,182.229607
14299,182.228389
14300,182.227171
14301,182.225953
14302,182.224735
14303,182.223517
14304,182.222300
14305,182.221082
14306,182.219865
14307,182.218648
14308,182.217431
14309,182.216213
14310,182.214997
14311,182.213780
14312,182.212563
14313,182.211346
14314,182.210130
14315,182.208913
14316,182.207697
14317,182.206481
14318,182.205265
14319,182.204049
14320,182.202833
14321,182.201617
14322,182.200401
14323,182.199186
14324,182.197970
14325,182.196755
14326,182.195540
14327,182.194325
14328,182.193109
14329,182.191895
14330,182.190680
14331,182.189465
14332,182.188250
14333,182.187036
14334,182.185821
14335,182.184607
14336,182.183393
14337,182.182179
14338,182.180965
14339,182.179751
14340,182.178537
14341,182.177323
14342,182.176110
14343,182.174896
14344,182.173683
14345,182.172470
14346,182.171256
14347,182.170043
14348,182.168830
14349,182.167618
14350,182.166405
14351,182.165192
14352,182.163980
14353,182.162767
14354,182.161555
14355,182.160343
14356,182.159131
14357,182.157918
14358,182.156707
14359,182.155495
14360,182.154283
14361,182.153071
14362,182.151860
14363,182.150649
14364,182.149437
14365,182.148226
14366,182.147015
14367,182.145804
14368,182.144593
14369,182.143382
14370,182.142172
14371,182.140961
14372,182.139751
14373,182.138540
14374,182.137330
14375,182.136120
14376,182.134910
14377,182.133700
14378,182.132490
14379,182.131281
14380,182.130071
14381,182.128862
14382,182.127652
14383,182.126443
14384,182.125234
14385,182.124025
14386,182.122816
14387,182.121607
14388,182.120398
14389,182.119189
14390,182.117981
14391,182.116772
14392,182.115564
14393,182.114356
14394,182.113147
14395,182.111939
14396,182.110732
14397,182.109524
14398,182.108316
14399,182.107108
14400,182.105901
14401,182.104693
14402,182.103486
14403,182.102279
14404,182.101072
14405,182.099865
14406,182.098658
14407,182.097451
14408,182.096244
14409,182.095038
14410,182.093831
14411,182.092625
14412,182.091419
14413,182.090213
14414,182.089006
14415,182.087801
14416,182.086595
14417,182.085389
14418,182.084183
14419,182.082978
14420,182.081772
14421,182.080567
14422,182.079362
14423,182.078157
14424,182.076952
14425,182.075747
14426,182.074542
14427,182.073337
14428,182.072133
14429,182.070928
14430,182.069724
14431,182.068519
14432,182.067315
14433,182.066111
14434,182.064907
14435,182.063703
14436,182.062499
14437,182.061296
14438,182.060092
14439,182.058889
14440,182.057685
14441,182.056482
14442,182.055279
14443,182.054076
14444,182.052873
14445,182.051670
14446,182.050468
14447,182.049265
14448,182.048062
14449,182.046860
14450,182.045658
14451,182.044455
14452,182.043253
14453,182.042051
14454,182.040849
14455,182.039648
14456,182.038446
14457,182.037244
14458,182.036043
14459,182.034841
14460,182.033640
14461,182.032439
14462,182.031238
14463,182.030037
14464,182.028836
14465,182.027635
14466,182.026435
14467,182.025234
14468,182.024034
14469,182.022833
14470,182.021633
14471,182.020433
14472,182.019233
14473,182.018033
14474,182.016833
14475,182.015634
14476,182.014434
14477,182.013234
14478,182.012035
14479,182.010836
14480,182.009636
14481,182.008437
14482,182.007238
14483,182.006039
14484,182.004841
14485,182.003642
14486,182.002443
14487,182.001245
14488,182.000047
14489,181.998848
14490,181.997650
14491,181.996452
14492,181.995254
14493,181.994056
14494,181.992859
14495,181.991661
14496,181.990463
14497,181.989266
14498,181.988069
14499,181.986871
14500,181.985674
14501,181.984477
14502,181.983280
14503,181.982083
14504,181.980887
14505,181.979690
14506,181.978494
14507,181.977297
14508,181.976101
14509,181.974905
14510,181.973709
14511,181.972513
14512,181.971317
14513,181.970121
14514,181.968925
14515,181.967730
14516,181.966534
14517,181.965339
14518,181.964143
14519,181.962948
14520,181.961753
14521,181.960558
14522,181.959363
14523,181.958169
14524,181.956974
14525,181.955779
14526,181.954585
14527,181.953391
14528,181.952196
14529,181.951002
14530,181.949808
14531,181.948614
14532,181.947421
14533,181.946227
14534,181.945033
14535,181.943840
14536,181.942646
14537,181.941453
14538,181.940260
14539,181.939067
14540,181.937874
14541,181.936681
14542,181.935488
14543,181.934295
14544,181.933103
14545,181.931910
14546,181.930718
14547,181.929526
14548,181.928333
14549,181.927141
14550,181.925949
14551,181.924757
14552,181.923566
14553,181.922374
14554,181.921182
14555,181.919991
14556,181.918800
14557,181.917608
14558,181.916417
14559,181.915226
14560,181.914035
14561,181.912844
14562,181.911654
14563,181.910463
14564,181.909273
14565,181.908082
14566,181.906892
14567,181.905702
14568,181.904511
14569,181.903321
14570,181.902132
14571,181.900942
14572,181.899752
14573,181.898562
14574,181.897373
14575,181.896183
14576,181.894994
14577,181.893805
14578,181.892616
14579,181.891427
14580,181.890238
14581,181.889049
14582,181.887861
14583,181.886672
14584,181.885484
14585,181.884295
14586,181.883107
14587,181.881919
14588,181.880731
14589,181.879543
14590,181.878355
14591,181.877167
14592,181.875979
14593,181.874792
14594,181.873604
14595,181.872417
14596,181.871230
14597,181.870043
14598,181.868856
14599,181.867669
14600,181.866482
14601,181.865295
14602,181.864109
14603,181.862922
14604,181.861736
14605,181.860549
14606,181.859363
14607,181.858177
14608,181.856991
14609,181.855805
14610,181.854619
14611,181.853434
14612,181.852248
14613,181.851062
14614,181.849877
14615,181.848692
14616,181.847507
14617,181.846321
14618,181.845136
14619,181.843952
14620,181.842767
14621,181.841582
14622,181.840398
14623,181.839213
14624,181.838029
14625,181.836844
14626,181.835660
14627,181.834476
14628,181.833292
14629,181.832108
14630,181.830925
14631,181.829741
14632,181.828557
14633,181.827374
14634,181.826191
14635,181.825007
14636,181.823824
14637,181.822641
14638,181.821458
14639,181.820275
14640,181.819093
14641,181.817910
14642,181.816727
14643,181.815545
14644,181.814363
14645,181.813180
14646,181.811998
14647,181.810816
14648,181.809634
14649,181.808453
14650,181.807271
14651,181.806089
14652,181.804908
14653,181.803726
14654,181.802545
14655,181.801364
14656,181.800183
14657,181.799002
14658,181.797821
14659,181.796640
14660,181.795459
14661,181.794279
14662,181.793098
14663,181.791918
14664,181.790738
14665,181.789557
14666,181.788377
14667,181.787197
14668,181.786017
14669,181.784838
14670,181.783658
14671,181.782478
14672,181.781299
14673,181.780120
14674,181.778940
14675,181.777761
14676,181.776582
14677,181.775403
14678,181.774224
14679,181.773045
14680,181.771867
14681,181.770688
14682,181.769510
14683,181.768331
14684,181.767153
14685,181.765975
14686,181.764797
14687,181.763619
14688,181.762441
14689,181.761263
14690,181.760086
14691,181.758908
14692,181.757731
14693,181.756554
14694,181.755376
14695,181.754199
14696,181.753022
14697,181.751845
14698,181.750668
14699,181.749492
14700,181.748315
14701,181.747139
14702,181.745962
14703,181.744786
14704,181.743610
14705,181.742433
14706,181.741257
14707,181.740082
14708,181.738906
14709,181.737730
14710,181.736554
14711,181.735379
14712,181.734204
14713,181.733028
14714,181.731853
14715,181.730678
14716,181.729503
14717,181.728328
14718,181.727153
14719,181.725979
14720,181.724804
14721,181.723629
14722,181.722455
14723,181.721281
14724,181.720107
14725,181.718933
14726,181.717759
14727,181.716585
14728,181.715411
14729,181.714237
14730,181.713064
14731,181.711890
14732,181.710717
14733,181.709544
14734,181.708370
14735,181.707197
14736,181.706024
14737,181.704851
14738,181.703679
14739,181.702506
14740,181.701333
14741,181.700161
14742,181.698989
14743,181.697816
14744,181.696644
14745,181.695472
14746,181.694300
14747,181.693128
14748,181.691957
14749,181.690785
14750,181.689613
14751,181.688442
14752,181.687271
14753,181.686099
14754,181.684928
14755,181.683757
14756,181.682586
14757,181.681415
14758,181.680245
14759,181.679074
14760,181.677903
14761,181.676733
14762,181.675563
14763,181.674392
14764,181.673222
14765,181.672052
14766,181.670882
14767,181.669713
14768,181.668543
14769,181.667373
14770,181.666204
14771,181.665034
14772,181.663865
14773,181.662696
14774,181.661527
14775,181.660358
14776,181.659189
14777,181.658020
14778,181.656851
14779,181.655682
14780,181.654514
14781,181.653346
14782,181.652177
14783,181.651009
14784,181.649841
14785,181.648673
14786,181.647505
14787,181.646337
14788,181.645169
14789,181.644002
14790,181.642834
14791,181.641667
14792,181.640500
14793,181.639332
14794,181.638165
14795,181.636998
14796,181.635831
14797,181.634665
14798,181.633498
14799,181.632331
14800,181.631165
14801,181.629998
14802,181.628832
14803,181.627666
14804,181.626500
14805,181.625334
14806,181.624168
14807,181.623002
14808,181.621836
14809,181.620671
14810,181.619505
14811,181.618340
14812,181.617175
14813,181.616009
14814,181.614844
14815,181.613679
14816,181.612515
14817,181.611350
14818,181.610185
14819,181.609020
14820,181.607856
14821,181.606692
14822,181.605527
14823,181.604363
14824,181.603199
14825,181.602035
14826,181.600871
14827,181.599707
14828,181.598544
14829,181.597380
14830,181.596217
14831,181.595053
14832,181.593890
14833,181.592727
14834,181.591564
14835,181.590401
14836,181.589238
14837,181.588075
14838,181.586912
14839,181.585750
14840,181.584587
14841,181.583425
14842,181.582263
14843,181.581101
14844,181.579938
14845,181.578776
14846,181.577615
14847,181.576453
14848,181.575291
14849,181.574130
14850,181.572968
14851,181.571807
14852,181.570646
14853,181.569484
14854,181.568323
14855,181.567162
14856,181.566001
14857,181.564841
14858,181.563680
14859,181.562519
14860,181.561359
14861,181.560199
14862,181.559038
14863,181.557878
14864,181.556718
14865,181.555558
14866,181.554398
14867,181.553238
14868,181.552079
14869,181.550919
14870,181.549760
14871,181.548600
14872,181.547441
14873,181.546282
14874,181.545123
14875,181.543964
14876,181.542805
14877,181.541646
14878,181.540488
14879,181.539329
14880,181.538171
14881,181.537012
14882,181.535854
14883,181.534696
14884,181.533538
14885,181.532380
14886,181.531222
14887,181.530064
14888,181.528907
14889,181.527749
14890,181.526591
14891,181.525434
14892,181.524277
14893,181.523120
14894,181.521963
14895,181.520806
14896,181.519649
14897,181.518492
14898,181.517335
14899,181.516179
14900,181.515022
14901,181.513866
14902,181.512710
14903,181.511554
14904,181.510397
14905,181.509242
14906,181.508086
14907,181.506930
14908,181.505774
14909,181.504619
14910,181.503463
14911,181.502308
14912,181.501153
14913,181.499997
14914,181.498842
14915,181.497687
14916,181.496533
14917,181.495378
14918,181.494223
14919,181.493069
14920,181.491914
14921,181.490760
14922,181.489605
14923,181.488451
14924,181.487297
14925,181.486143
14926,181.484989
14927,181.483836
14928,181.482682
14929,181.481528
14930,181.480375
14931,181.479221
14932,181.478068
14933,181.476915
14934,181.475762
14935,181.474609
14936,181.473456
14937,181.472303
14938,181.471151
14939,181.469998
14940,181.468846
14941,181.467693
14942,181.466541
14943,181.465389
14944,181.464237
14945,181.463085
14946,181.461933
14947,181.460781
14948,181.459629
14949,181.458478
14950,181.457326
14951,181.456175
14952,181.455024
14953,181.453873
14954,181.452721
14955,181.451570
14956,181.450420
14957,181.449269
14958,181.448118
14959,181.446968
14960,181.445817
14961,181.444667
14962,181.443516
14963,181.442366
14964,181.441216
14965,181.440066
14966,181.438916
14967,181.437766
14968,181.436617
14969,181.435467
14970,181.434318
14971,181.433168
14972,181.432019
14973,181.430870
14974,181.429721
14975,181.428572
14976,181.427423
14977,181.426274
14978,181.425125
14979,181.423977
14980,181.422828
14981,181.421680
14982,181.420532
14983,181.419383
14984,181.418235
14985,181.417087
14986,181.415939
14987,181.414791
14988,181.413644
14989,181.412496
14990,181.411349
14991,181.410201
14992,181.409054
14993,181.407907
14994,181.406760
14995,181.405613
14996,181.404466
14997,181.403319
14998,181.402172
14999,181.401026
15000,181.399879
15001,181.398733
15002,181.397586
15003,181.396440
15004,181.395294
15005,181.394148
15006,181.393002
15007,181.391856
15008,181.390711
15009,181.389565
15010,181.388419
15011,181.387274
15012,181.386129
15013,181.384983
15014,181.383838
15015,181.382693
15016,181.381548
15017,181.380403
15018,181.379259
15019,181.378114
15020,181.376970
15021,181.375825
15022,181.374681
15023,181.373537
15024,181.372392
15025,181.371248
15026,181.370104
15027,181.368961
15028,181.367817
15029,181.366673
15030,181.365530
15031,181.364386
15032,181.363243
15033,181.362100
15034,181.360956
15035,181.359813
15036,181.358670
15037,181.357528
15038,181.356385
15039,181.355242
15040,181.354100
15041,181.352957
15042,181.351815
15043,181.350672
15044,181.349530
15045,181.348388
15046,181.347246
15047,181.346104
15048,181.344963
15049,181.343821
15050,181.342679
15051,181.341538
15052,181.340397
15053,181.339255
15054,181.338114
15055,181.336973
15056,181.335832
15057,181.334691
15058,181.333550
15059,181.332410
15060,181.331269
15061,181.330129
15062,181.328988
15063,181.327848
15064,181.326708
15065,181.325568
15066,181.324428
15067,181.323288
15068,181.322148
15069,181.321008
15070,181.319869
15071,181.318729
15072,181.317590
15073,181.316450
15074,181.315311
15075,181.314172
15076,181.313033
15077,181.311894
15078,181.310755
15079,181.309617
15080,181.308478
15081,181.307339
15082,181.306201
15083,181.305063
15084,181.303925
15085,181.302786
15086,181.301648
15087,181.300510
15088,181.299373
15089,181.298235
15090,181.297097
15091,181.295960
15092,181.294822
15093,181.293685
15094,181.292548
15095,181.291411
15096,181.290273
15097,181.289137
15098,181.288000
15099,181.286863
15100,181.285726
15101,181.284590
15102,181.283453
15103,181.282317
15104,181.281181
15105,181.280045
15106,181.278908
15107,181.277772
15108,181.276637
15109,181.275501
15110,181.274365
15111,181.273230
15112,181.272094
15113,181.270959
15114,181.269823
15115,181.268688
15116,181.267553
15117,181.266418
15118,181.265283
15119,181.264149
15120,181.263014
15121,181.261879
15122,181.260745
15123,181.259610
15124,181.258476
15125,181.257342
15126,181.256208
15127,181.255074
15128,181.253940
15129,181.252806
15130,181.251672
15131,181.250539
15132,181.249405
15133,181.248272
15134,181.247138
15135,181.246005
15136,181.244872
15137,181.243739
15138,181.242606
15139,181.241473
15140,181.240341
15141,181.239208
15142,181.238075
15143,181.236943
15144,181.235811
15145,181.234678
15146,181.233546
15147,181.232414
15148,181.231282
15149,181.230150
15150,181.229019
15151,181.227887
15152,181.226755
15153,181.225624
15154,181.224493
15155,181.223361
15156,181.222230
15157,181.221099
15158,181.219968
15159,181.218837
15160,181.217707
15161,181.216576
15162,181.215445
15163,181.214315
15164,181.213184
15165,181.212054
15166,181.210924
15167,181.209794
15168,181.208664
15169,181.207534
15170,181.206404
15171,181.205274
15172,181.204145
15173,181.203015
15174,181.201886
15175,181.200757
15176,181.199627
15177,181.198498
15178,181.197369
15179,181.196240
15180,181.195112
15181,181.193983
15182,181.192854
15183,181.191726
15184,181.190597
15185,181.189469
15186,181.188341
15187,181.187212
15188,181.186084
15189,181.184957
15190,181.183829
15191,181.182701
15192,181.181573
15193,181.180446
15194,181.179318
15195,181.178191
15196,181.177064
15197,181.175936
15198,181.174809
15199,181.173682
15200,181.172556
15201,181.171429
15202,181.170302
15203,181.169175
15204,181.168049
15205,181.166923
15206,181.165796
15207,181.164670
15208,181.163544
15209,181.162418
15210,181.161292
15211,181.160166
15212,181.159041
15213,181.157915
15214,181.156790
15215,181.155664
15216,181.154539
15217,181.153414
15218,181.152288
15219,181.151163
15220,181.150038
15221,181.148914
15222,181.147789
15223,181.146664
15224,181.145540
15225,181.144415
15226,181.143291
15227,181.142167
15228,181.141043
15229,181.139918
15230,181.138795
15231,181.137671
15232,181.136547
15233,181.135423
15234,181.134300
15235,181.133176
15236,181.132053
15237,181.130930
15238,181.129806
15239,181.128683
15240,181.127560
15241,181.126437
15242,181.125315
15243,181.124192
15244,181.123069
15245,181.121947
15246,181.120824
15247,181.119702
15248,181.118580
15249,181.117458
15250,181.116336
15251,181.115214
15252,181.114092
15253,181.112970
15254,181.111849
15255,181.110727
15256,181.109606
15257,181.108484
15258,181.107363
15259,181.106242
15260,181.105121
15261,181.104000
15262,181.102879
15263,181.101758
15264,181.100638
15265,181.099517
15266,181.098397
15267,181.097276
15268,181.096156
15269,181.095036
15270,181.093916
15271,181.092796
15272,181.091676
15273,181.090556
15274,181.089436
15275,181.088317
15276,181.087197
15277,181.086078
15278,181.084959
15279,181.083839
15280,181.082720
15281,181.081601
15282,181.080482
15283,181.079363
15284,181.078245
15285,181.077126
15286,181.076008
15287,181.074889
15288,181.073771
15289,181.072653
15290,181.071534
15291,181.070416
15292,181.069298
15293,181.068181
15294,181.067063
15295,181.065945
15296,181.064828
15297,181.063710
15298,181.062593
15299,181.061475
15300,181.060358
15301,181.059241
15302,181.058124
15303,181.057007
15304,181.055891
15305,181.054774
15306,181.053657
15307,181.052541
15308,181.051424
15309,181.050308
15310,181.049192
15311,181.048076
15312,181.046960
15313,181.045844
15314,181.044728
15315,181.043612
15316,181.042497
15317,181.041381
15318,181.040266
15319,181.039150
15320,181.038035
15321,181.036920
15322,181.035805
15323,181.034690
15324,181.033575
15325,181.032460
15326,181.031345
15327,181.030231
15328,181.029116
15329,181.028002
15330,181.026888
15331,181.025774
15332,181.024659
15333,181.023545
15334,181.022432
15335,181.021318
15336,181.020204
15337,181.019090
15338,181.017977
15339,181.016863
15340,181.015750
15341,181.014637
15342,181.013524
15343,181.012411
15344,181.011298
15345,181.010185
15346,181.009072
15347,181.007960
15348,181.006847
15349,181.005734
15350,181.004622
15351,181.003510
15352,181.002398
15353,181.001286
15354,181.000174
15355,180.999062
15356,180.997950
15357,180.996838
15358,180.995727
15359,180.994615
15360,180.993504
15361,180.992392
15362,180.991281
15363,180.990170
15364,180.989059
15365,180.987948
15366,180.986837
15367,180.985727
15368,180.984616
15369,180.983505
15370,180.982395
15371,180.981285
15372,180.980174
15373,180.979064
15374,180.977954
15375,180.976844
15376,180.975734
15377,180.974625
15378,180.973515
15379,180.972405
15380,180.971296
15381,180.970186
15382,180.969077
15383,180.967968
15384,180.966859
15385,180.965750
15386,180.964641
15387,180.963532
15388,180.962423
15389,180.961315
15390,180.960206
15391,180.959098
15392,180.957989
15393,180.956881
15394,180.955773
15395,180.954665
15396,180.953557
15397,180.952449
15398,180.951341
15399,180.950234
15400,180.949126
15401,180.948019
15402,180.946911
15403,180.945804
15404,180.944697
15405,180.943590
15406,180.942483
15407,180.941376
15408,180.940269
15409,180.939162
15410,180.938056
15411,180.936949
15412,180.935843
15413,180.934736
15414,180.933630
15415,180.932524
15416,180.931418
15417,180.930312
15418,180.929206
15419,180.928101
15420,180.926995
15421,180.925889
15422,180.924784
15423,180.923678
15424,180.922573
15425,180.921468
15426,180.920363
15427,180.919258
15428,180.918153
15429,180.917048
15430,180.915944
15431,180.914839
15432,180.913734
15433,180.912630
15434,180.911526
15435,180.910421
15436,180.909317
15437,180.908213
15438,180.907109
15439,180.906005
15440,180.904902
15441,180.903798
15442,180.902695
15443,180.901591
15444,180.900488
15445,180.899384
15446,180.898281
15447,180.897178
15448,180.896075
15449,180.894972
15450,180.893869
15451,180.892767
15452,180.891664
15453,180.890562
15454,180.889459
15455,180.888357
15456,180.887255
15457,180.886153
15458,180.885051
15459,180.883949
15460,180.882847
15461,180.881745
15462,180.880643
15463,180.879542
15464,180.878440
15465,180.877339
15466,180.876238
15467,180.875136
15468,180.874035
15469,180.872934
15470,180.871834
15471,180.870733
15472,180.869632
15473,180.868531
15474,180.867431
15475,180.866330
15476,180.865230
15477,180.864130
15478,180.863030
15479,180.861930
15480,180.860830
15481,180.859730
15482,180.858630
15483,180.857531
15484,180.856431
15485,180.855332
15486,180.854232
15487,180.853133
15488,180.852034
15489,180.850935
15490,180.849836
15491,180.848737
15492,180.847638
15493,180.846539
15494,180.845441
15495,180.844342
15496,180.843244
15497,180.842145
15498,180.841047
15499,180.839949
15500,180.838851
15501,180.837753
15502,180.836655
15503,180.835557
15504,180.834460
15505,180.833362
15506,180.832265
15507,180.831167
15508,180.830070
15509,180.828973
15510,180.827876
15511,180.826779
15512,180.825682
15513,180.824585
15514,180.823488
15515,180.822392
15516,180.821295
15517,180.820199
15518,180.819102
15519,180.818006
15520,180.816910
15521,180.815814
15522,180.814718
15523,180.813622
15524,180.812526
15525,180.811431
15526,180.810335
15527,180.809240
15528,180.808144
15529,180.807049
15530,180.805954
15531,180.804859
15532,180.803764
15533,180.802669
15534,180.801574
15535,180.800479
15536,180.799384
15537,180.798290
15538,180.797195
15539,180.796101
15540,180.795007
15541,180.793913
15542,180.792819
15543,180.791725
15544,180.790631
15545,180.789537
15546,180.788443
15547,180.787350
15548,180.786256
15549,180.785163
15550,180.784070
15551,180.782976
15552,180.781883
15553,180.780790
15554,180.779697
15555,180.778604
15556,180.777512
15557,180.776419
15558,180.775326
15559,180.774234
15560,180.773142
15561,180.772049
15562,180.770957
15563,180.769865
15564,180.768773
15565,180.767681
15566,180.766589
15567,180.765498
15568,180.764406
15569,180.763315
15570,180.762223
15571,180.761132
15572,180.760041
15573,180.758949
15574,180.757858
15575,180.756767
15576,180.755677
15577,180.754586
15578,180.753495
15579,180.752405
15580,180.751314
15581,180.750224
15582,180.749133
15583,180.748043
15584,180.746953
15585,180.745863
15586,180.744773
15587,180.743683
15588,180.742594
15589,180.741504
15590,180.740414
15591,180.739325
15592,180.738236
15593,180.737146
15594,180.736057
15595,180.734968
15596,180.733879
15597,180.732790
15598,180.731702
15599,180.730613
15600,180.729524
15601,180.728436
15602,180.727347
15603,180.726259
15604,180.725171
15605,180.724083
15606,180.722995
15607,180.721907
15608,180.720819
15609,180.719731
15610,180.718643
15611,180.717556
15612,180.716468
15613,180.715381
15614,180.714294
15615,180.713207
15616,180.712119
15617,180.711032
15618,180.709946
15619,180.708859
15620,180.707772
15621,180.706685
15622,180.705599
15623,180.704512
15624,180.703426
15625,180.702340
15626,180.701254
15627,180.700168
15628,180.699082
15629,180.697996
15630,180.696910
15631,180.695824
15632,180.694739
15633,180.693653
15634,180.692568
15635,180.691482
15636,180.690397
15637,180.689312
15638,180.688227
15639,180.687142
15640,180.686057
15641,180.684973
15642,180.683888
15643,180.682803
15644,180.681719
15645,180.680635
15646,180.679550
15647,180.678466
15648,180.677382
15649,180.676298
15650,180.675214
15651,180.674130
15652,180.673047
15653,180.671963
15654,180.670879
15655,180.669796
15656,180.668713
15657,180.667629
15658,180.666546
15659,180.665463
15660,180.664380
15661,180.663297
15662,180.662214
15663,180.661132
15664,180.660049
15665,180.658967
15666,180.657884
15667,180.656802
15668,180.655720
15669,180.654638
15670,180.653556
15671,180.652474
15672,180.651392
15673,180.650310
15674,180.649228
15675,180.648147
15676,180.647065
15677,180.645984
15678,180.644903
15679,180.643821
15680,180.642740
15681,180.641659
15682,180.640578
15683,180.639498
15684,180.638417
15685,180.637336
15686,180.636256
15687,180.635175
15688,180.634095
15689,180.633015
15690,180.631934
15691,180.630854
15692,180.629774
15693,180.628695
15694,180.627615
15695,180.626535
15696,180.625455
15697,180.624376
15698,180.623296
15699,180.622217
15700,180.621138
15701,180.620059
15702,180.618980
15703,180.617901
15704,180.616822
15705,180.615743
15706,180.614664
15707,180.613586
15708,180.612507
15709,180.611429
15710,180.610351
15711,180.609273
15712,180.608194
15713,180.607116
15714,180.606038
15715,180.604961
15716,180.603883
15717,180.602805
15718,180.601728
15719,180.600650
15720,180.599573
15721,180.598496
15722,180.597418
15723,180.596341
15724,180.595264
15725,180.594187
15726,180.593111
15727,180.592034
15728,180.590957
15729,180.589881
15730,180.588804
15731,180.587728
15732,180.586652
15733,180.585575
15734,180.584499
15735,180.583423
15736,180.582348
15737,180.581272
15738,180.580196
15739,180.579120
15740,180.578045
15741,180.576969
15742,180.575894
15743,180.574819
15744,180.573744
15745,180.572669
15746,180.571594
15747,180.570519
15748,180.569444
15749,180.568369
15750,180.567295
15751,180.566220
15752,180.565146
15753,180.564072
15754,180.562998
15755,180.561923
15756,180.560849
15757,180.559775
15758,180.558702
15759,180.557628
15760,180.556554
15761,180.555481
15762,180.554407
15763,180.553334
15764,180.552260
15765,180.551187
15766,180.550114
15767,180.549041
15768,180.547968
15769,180.546895
15770,180.545823
15771,180.544750
15772,180.543678
15773,180.542605
15774,180.541533
15775,180.540460
15776,180.539388
15777,180.538316
15778,180.537244
15779,180.536172
15780,180.535101
15781,180.534029
15782,180.532957
15783,180.531886
15784,180.530814
15785,180.529743
15786,180.528672
15787,180.527601
15788,180.526529
15789,180.525458
15790,180.524388
15791,180.523317
15792,180.522246
15793,180.521176
15794,180.520105
15795,180.519035
15796,180.517964
15797,180.516894
15798,180.515824
15799,180.514754
15800,180.513684
15801,180.512614
15802,180.511544
15803,180.510475
15804,180.509405
15805,180.508336
15806,180.507266
15807,180.506197
15808,180.505128
15809,180.504059
15810,180.502990
15811,180.501921
15812,180.500852
15813,180.499783
15814,180.498714
15815,180.497646
15816,180.496577
15817,180.495509
15818,180.494441
15819,180.493372
15820,180.492304
15821,180.491236
15822,180.490168
15823,180.489101
15824,180.488033
15825,180.486965
15826,180.485898
15827,180.484830
15828,180.483763
15829,180.482696
15830,180.481628
15831,180.480561
15832,180.479494
15833,180.478427
15834,180.477361
15835,180.476294
15836,180.475227
15837,180.474161
15838,180.473094
15839,180.472028
15840,180.470962
15841,180.469895
15842,180.468829
15843,180.467763
15844,180.466697
15845,180.465632
15846,180.464566
15847,180.463500
15848,180.462435
15849,180.461369
15850,180.460304
15851,180.459239
15852,180.458174
15853,180.457109
15854,180.456044
15855,180.454979
15856,180.453914
15857,180.452849
15858,180.451785
15859,180.450720
15860,180.449656
15861,180.448591
15862,180.447527
15863,180.446463
15864,180.445399
15865,180.444335
15866,180.443271
15867,180.442207
15868,180.441144
15869,180.440080
15870,180.439017
15871,180.437953
15872,180.436890
15873,180.435827
15874,180.434763
15875,180.433700
15876,180.432637
15877,180.431575
15878,180.430512
15879,180.429449
15880,180.428387
15881,180.427324
15882,180.426262
15883,180.425199
15884,180.424137
15885,180.423075
15886,180.422013
15887,180.420951
15888,180.419889
15889,180.418827
15890,180.417766
15891,180.416704
15892,180.415643
15893,180.414581
15894,180.413520
15895,180.412459
15896,180.411398
15897,180.410337
15898,180.409276
15899,180.408215
15900,180.407154
15901,180.406094
15902,180.405033
15903,180.403973
15904,180.402912
15905,180.401852
15906,180.400792
15907,180.399732
15908,180.398672
15909,180.397612
15910,180.396552
15911,180.395492
15912,180.394432
15913,180.393373
15914,180.392313
15915,180.391254
15916,180.390195
15917,180.389136
15918,180.388076
15919,180.387017
15920,180.385958
15921,180.384900
15922,180.383841
15923,180.382782
15924,180.381724
15925,180.380665
15926,180.379607
15927,180.378549
15928,180.377490
15929,180.376432
15930,180.375374
15931,180.374316
15932,180.373259
15933,180.372201
15934,180.371143
15935,180.370086
15936,180.369028
15937,180.367971
15938,180.366914
15939,180.365856
15940,180.364799
15941,180.363742
15942,180.362685
15943,180.361629
15944,180.360572
15945,180.359515
15946,180.358459
15947,180.357402
15948,180.356346
15949,180.355290
15950,180.354233
15951,180.353177
15952,180.352121
15953,180.351065
15954,180.350010
15955,180.348954
15956,180.347898
15957,180.346843
15958,180.345787
15959,180.344732
15960,180.343677
15961,180.342622
15962,180.341566
15963,180.340511
15964,180.339457
15965,180.338402
15966,180.337347
15967,180.336292
15968,180.335238
15969,180.334183
15970,180.333129
15971,180.332075
15972,180.331021
15973,180.329967
15974,180.328913
15975,180.327859
15976,180.326805
15977,180.325751
15978,180.324698
15979,180.323644
15980,180.322591
15981,180.321537
15982,180.320484
15983,180.319431
15984,180.318378
15985,180.317325
15986,180.316272
15987,180.315219
15988,180.314166
15989,180.313114
15990,180.312061
15991,180.311009
15992,180.309956
15993,180.308904
15994,180.307852
15995,180.306800
15996,180.305748
15997,180.304696
15998,180.303644
15999,180.302592
16000,180.301541
16001,180.300489
16002,180.299438
16003,180.298386
16004,180.297335
16005,180.296284
16006,180.295233
16007,180.294182
16008,180.293131
16009,180.292080
16010,180.291030
16011,180.289979
16012,180.288928
16013,180.287878
16014,180.286828
16015,180.285777
16016,180.284727
16017,180.283677
16018,180.282627
16019,180.281577
16020,180.280527
16021,180.279478
16022,180.278428
16023,180.277378
16024,180.276329
16025,180.275280
16026,180.274230
16027,180.273181
16028,180.272132
16029,180.271083
16030,180.270034
16031,180.268985
16032,180.267937
16033,180.266888
16034,180.265840
16035,180.264791
16036,180.263743
16037,180.262694
16038,180.261646
16039,180.260598
16040,180.259550
16041,180.258502
16042,180.257454
16043,180.256407
16044,180.255359
16045,180.254312
16046,180.253264
16047,180.252217
16048,180.251169
16049,180.250122
16050,180.249075
16051,180.248028
16052,180.246981
16053,180.245934
16054,180.244888
16055,180.243841
16056,180.242795
16057,180.241748
16058,180.240702
16059,180.239655
16060,180.238609
16061,180.237563
16062,180.236517
16063,180.235471
16064,180.234425
16065,180.233380
16066,180.232334
16067,180.231288
16068,180.230243
16069,180.229198
16070,180.228152
16071,180.227107
16072,180.226062
16073,180.225017
16074,180.223972
16075,180.222927
16076,180.221883
16077,180.220838
16078,180.219793
16079,180.218749
16080,180.217704
16081,180.216660
16082,180.215616
16083,180.214572
16084,180.213528
16085,180.212484
16086,180.211440
16087,180.210396
16088,180.209353
16089,180.208309
16090,180.207266
16091,180.206222
16092,180.205179
16093,180.204136
16094,180.203093
16095,180.202050
16096,180.201007
16097,180.199964
16098,180.198921
16099,180.197878
16100,180.196836
16101,180.195793
16102,180.194751
16103,180.193709
16104,180.192666
16105,180.191624
16106,180.190582
16107,180.189540
16108,180.188498
16109,180.187457
16110,180.186415
16111,180.185373
16112,180.184332
16113,180.183290
16114,180.182249
16115,180.181208
16116,180.180167
16117,180.179126
16118,180.178085
16119,180.177044
16120,180.176003
16121,180.174962
16122,180.173922
16123,180.172881
16124,180.171841
16125,180.170801
16126,180.169760
16127,180.168720
16128,180.167680
16129,180.166640
16130,180.165600
16131,180.164560
16132,180.163521
16133,180.162481
16134,180.161442
16135,180.160402
16136,180.159363
16137,180.158324
16138,180.157284
16139,180.156245
16140,180.155206
16141,180.154167
16142,180.153129
16143,180.152090
16144,180.151051
16145,180.150013
16146,180.148974
16147,180.147936
16148,180.146898
16149,180.145860
16150,180.144821
16151,180.143783
16152,180.142746
16153,180.141708
16154,180.140670
16155,180.139632
16156,180.138595
16157,180.137557
16158,180.136520
16159,180.135483
16160,180.134446
16161,180.133408
16162,180.132371
16163,180.131334
16164,180.130298
16165,180.129261
16166,180.128224
16167,180.127188
16168,180.126151
16169,180.125115
16170,180.124079
16171,180.123042
16172,180.122006
16173,180.120970
16174,180.119934
16175,180.118898
16176,180.117863
16177,180.116827
16178,180.115791
16179,180.114756
16180,180.113721
16181,180.112685
16182,180.111650
16183,180.110615
16184,180.109580
16185,180.108545
16186,180.107510
16187,180.106475
16188,180.105441
16189,180.104406
16190,180.103371
16191,180.102337
16192,180.101303
16193,180.100268
16194,180.099234
16195,180.098200
16196,180.097166
16197,180.096132
16198,180.095099
16199,180.094065
16200,180.093031
16201,180.091998
16202,180.090964
16203,180.089931
16204,180.088898
16205,180.087865
16206,180.086832
16207,180.085799
16208,180.084766
16209,180.083733
16210,180.082700
16211,180.081667
16212,180.080635
16213,180.079602
16214,180.078570
16215,180.077538
16216,180.076506
16217,180.075474
16218,180.074442
16219,180.073410
16220,180.072378
16221,180.071346
16222,180.070314
16223,180.069283
16224,180.068251
16225,180.067220
16226,180.066189
16227,180.065157
16228,180.064126
16229,180.063095
16230,180.062064
16231,180.061034
16232,180.060003
16233,180.058972
16234,180.057942
16235,180.056911
16236,180.055881
16237,180.054850
16238,180.053820
16239,180.052790
16240,180.051760
16241,180.050730
16242,180.049700
16243,180.048670
16244,180.047641
16245,180.046611
16246,180.045582
16247,180.044552
16248,180.043523
16249,180.042494
16250,180.041464
16251,180.040435
16252,180.039406
16253,180.038377
16254,180.037349
16255,180.036320
16256,180.035291
16257,180.034263
16258,180.033234
16259,180.032206
16260,180.031178
16261,180.030149
16262,180.029121
16263,180.028093
16264,180.027065
16265,180.026038
16266,180.025010
16267,180.023982
16268,180.022955
16269,180.021927
16270,180.020900
16271,180.019873
16272,180.018845
16273,180.017818
16274,180.016791
16275,180.015764
16276,180.014737
16277,180.013711
16278,180.012684
16279,180.011657
16280,180.010631
16281,180.009605
16282,180.008578
16283,180.007552
16284,180.006526
16285,180.005500
16286,180.004474
16287,180.003448
16288,180.002422
16289,180.001396
16290,180.000371
16291,179.999345
16292,179.998320
16293,179.997295
16294,179.996269
16295,179.995244
16296,179.994219
16297,179.993194
16298,179.992169
16299,179.991144
16300,179.990120
16301,179.989095
16302,179.988070
16303,179.987046
16304,179.986022
16305,179.984997
16306,179.983973
16307,179.982949
16308,179.981925
16309,179.980901
16310,179.979877
16311,179.978854
16312,179.977830
16313,179.976806
16314,179.975783
16315,179.974759
16316,179.973736
16317,179.972713
16318,179.971690
16319,179.970667
16320,179.969644
16321,179.968621
16322,179.967598
16323,179.966575
16324,179.965553
16325,179.964530
16326,179.963508
16327,179.962486
16328,179.961463
16329,179.960441
16330,179.959419
16331,179.958397
16332,179.957375
16333,179.956353
16334,179.955332
16335,179.954310
16336,179.953289
16337,179.952267
16338,179.951246
16339,179.950224
16340,179.949203
16341,179.948182
16342,179.947161
16343,179.946140
16344,179.945119
16345,179.944099
16346,179.943078
16347,179.942057
16348,179.941037
16349,179.940017
16350,179.938996
16351,179.937976
16352,179.936956
16353,179.935936
16354,179.934916
16355,179.933896
16356,179.932876
16357,179.931857
16358,179.930837
16359,179.929817
16360,179.928798
16361,179.927779
16362,179.926759
16363,179.925740
16364,179.924721
16365,179.923702
16366,179.922683
16367,179.921665
16368,179.920646
16369,179.919627
16370,179.918609
16371,179.917590
16372,179.916572
16373,179.915554
16374,179.914535
16375,179.913517
16376,179.912499
16377,179.911481
16378,179.910463
16379,179.909446
16380,179.908428
16381,179.907410
16382,179.906393
16383,179.905376
16384,179.904358
16385,179.903341
16386,179.902324
16387,179.901307
16388,179.900290
16389,179.899273
16390,179.898256
16391,179.897239
16392,179.896223
16393,179.895206
16394,179.894190
16395,179.893174
16396,179.892157
16397,179.891141
16398,179.890125
16399,179.889109
16400,179.888093
16401,179.887077
16402,179.886062
16403,179.885046
16404,179.884030
16405,179.883015
16406,179.882000
16407,179.880984
16408,179.879969
16409,179.878954
16410,179.877939
16411,179.876924
16412,179.875909
16413,179.874894
16414,179.873880
16415,179.872865
16416,179.871851
16417,179.870836
16418,179.869822
16419,179.868808
16420,179.867793
16421,179.866779
16422,179.865765
16423,179.864751
16424,179.863738
16425,179.862724
16426,179.861710
16427,179.860697
16428,179.859683
16429,179.858670
16430,179.857657
16431,179.856643
16432,179.855630
16433,179.854617
16434,179.853604
16435,179.852592
16436,179.851579
16437,179.850566
16438,179.849554
16439,179.848541
16440,179.847529
16441,179.846516
16442,179.845504
16443,179.844492
16444,179.843480
16445,179.842468
16446,179.841456
16447,179.840444
16448,179.839433
16449,179.838421
16450,179.837409
16451,179.836398
16452,179.835387
16453,179.834375
16454,179.833364
16455,179.832353
16456,179.831342
16457,179.830331
16458,179.829320
16459,179.828310
16460,179.827299
16461,179.826288
16462,179.825278
16463,179.824267
16464,179.823257
16465,179.822247
16466,179.821237
16467,179.820227
16468,179.819217
16469,179.818207
16470,179.817197
16471,179.816187
16472,179.815178
16473,179.814168
16474,179.813159
16475,179.812150
16476,179.811140
16477,179.810131
16478,179.809122
16479,179.808113
16480,179.807104
16481,179.806095
16482,179.805087
16483,179.804078
16484,179.803069
16485,179.802061
16486,179.801052
16487,179.800044
16488,179.799036
16489,179.798028
16490,179.797020
16491,179.796012
16492,179.795004
16493,179.793996
16494,179.792988
16495,179.791981
16496,179.790973
16497,179.789966
16498,179.788959
16499,179.787951
16500,179.786944
16501,179.785937
16502,179.784930
16503,179.783923
16504,179.782916
16505,179.781910
16506,179.780903
16507,179.779896
16508,179.778890
16509,179.777883
16510,179.776877
16511,179.775871
16512,179.774865
16513,179.773859
16514,179.772853
16515,179.771847
16516,179.770841
16517,179.769835
16518,179.768830
16519,179.767824
16520,179.766819
16521,179.765814
16522,179.764808
16523,179.763803
16524,179.762798
16525,179.761793
16526,179.760788
16527,179.759783
16528,179.758779
16529,179.757774
16530,179.756769
16531,179.755765
16532,179.754761
16533,179.753756
16534,179.752752
16535,179.751748
16536,179.750744
16537,179.749740
16538,179.748736
16539,179.747732
16540,179.746728
16541,179.745725
16542,179.744721
16543,179.743718
16544,179.742715
16545,179.741711
16546,179.740708
16547,179.739705
16548,179.738702
16549,179.737699
16550,179.736696
16551,179.735694
16552,179.734691
16553,179.733688
16554,179.732686
16555,179.731683
16556,179.730681
16557,179.729679
16558,179.728677
16559,179.727675
16560,179.726673
16561,179.725671
16562,179.724669
16563,179.723667
16564,179.722666
16565,179.721664
16566,179.720663
16567,179.719661
16568,179.718660
16569,179.717659
16570,179.716658
16571,179.715657
16572,179.714656
16573,179.713655
16574,179.712654
16575,179.711654
16576,179.710653
16577,179.709653
16578,179.708652
16579,179.707652
16580,179.706652
16581,179.705651
16582,179.704651
16583,179.703651
16584,179.702652
16585,179.701652
16586,179.700652
16587,179.699652
16588,179.698653
16589,179.697653
16590,179.696654
16591,179.695655
16592,179.694655
16593,179.693656
16594,179.692657
16595,179.691658
16596,179.690660
16597,179.689661
16598,179.688662
16599,179.687664
16600,179.686665
16601,179.685667
16602,179.684668
16603,179.683670
16604,179.682672
16605,179.681674
16606,179.680676
16607,179.679678
16608,179.678680
16609,179.677682
16610,179.676685
16611,179.675687
16612,179.674690
16613,179.673692
16614,179.672695
16615,179.671698
16616,179.670701
16617,179.669704
16618,179.668707
16619,179.667710
16620,179.666713
16621,179.665716
16622,179.664720
16623,179.663723
16624,179.662727
16625,179.661730
16626,179.660734
16627,179.659738
16628,179.658742
16629,179.657746
16630,179.656750
16631,179.655754
16632,179.654758
16633,179.653763
16634,179.652767
16635,179.651771
16636,179.650776
16637,179.649781
16638,179.648785
16639,179.647790
16640,179.646795
16641,179.645800
16642,179.644805
16643,179.643811
16644,179.642816
16645,179.641821
16646,179.640827
16647,179.639832
16648,179.638838
16649,179.637844
16650,179.636849
16651,179.635855
16652,179.634861
16653,179.633867
16654,179.632873
16655,179.631880
16656,179.630886
16657,179.629892
16658,179.628899
16659,179.627905
16660,179.626912
16661,179.625919
16662,179.624926
16663,179.623932
16664,179.622939
16665,179.621947
16666,179.620954
16667,179.619961
16668,179.618968
16669,179.617976
16670,179.616983
16671,179.615991
16672,179.614998
16673,179.614006
16674,179.613014
16675,179.612022
16676,179.611030
16677,179.610038
16678,179.609046
16679,179.608055
16680,179.607063
16681,179.606071
16682,179.605080
16683,179.604089
16684,179.603097
16685,179.602106
16686,179.601115
16687,179.600124
16688,179.599133
16689,179.598142
16690,179.597151
16691,179.596161
16692,179.595170
16693,179.594180
16694,179.593189
16695,179.592199
16696,179.591209
16697,179.590218
16698,179.589228
16699,179.588238
16700,179.587248
16701,179.586258
16702,179.585269
16703,179.584279
16704,179.583290
16705,179.582300
16706,179.581311
16707,179.580321
16708,179.579332
16709,179.578343
16710,179.577354
16711,179.576365
16712,179.575376
16713,179.574387
16714,179.573398
16715,179.572410
16716,179.571421
16717,179.570433
16718,179.569444
16719,179.568456
16720,179.567468
16721,179.566480
16722,179.565492
16723,179.564504
16724,179.563516
16725,179.562528
16726,179.561540
16727,179.560553
16728,179.559565
16729,179.558578
16730,179.557590
16731,179.556603
16732,179.555616
16733,179.554629
16734,179.553642
16735,179.552655
16736,179.551668
16737,179.550681
16738,179.549695
16739,179.548708
16740,179.547721
16741,179.546735
16742,179.545749
16743,179.544762
16744,179.543776
16745,179.542790
16746,179.541804
16747,179.540818
16748,179.539832
16749,179.538847
16750,179.537861
16751,179.536876
16752,179.535890
16753,179.534905
16754,179.533919
16755,179.532934
16756,179.531949
16757,179.530964
16758,179.529979
16759,179.528994
16760,179.528009
16761,179.527024
16762,179.526040
16763,179.525055
16764,179.524071
16765,179.523086
16766,179.522102
16767,179.521118
16768,179.520134
16769,179.519150
16770,179.518166
16771,179.517182
16772,179.516198
16773,179.515214
16774,179.514231
16775,179.513247
16776,179.512264
16777,179.511281
16778,179.510297
16779,179.509314
16780,179.508331
16781,179.507348
16782,179.506365
16783,179.505382
16784,179.504399
16785,179.503417
16786,179.502434
16787,179.501452
16788,179.500469
16789,179.499487
16790,179.498505
16791,179.497522
16792,179.496540
16793,179.495558
16794,179.494576
16795,179.493595
16796,179.492613
16797,179.491631
16798,179.490650
16799,179.489668
16800,179.488687
16801,179.487705
16802,179.486724
16803,179.485743
16804,179.484762
16805,179.483781
16806,179.482800
16807,179.481819
16808,179.480838
16809,179.479858
16810,179.478877
16811,179.477897
16812,179.476916
16813,179.475936
16814,179.474956
16815,179.473976
16816,179.472996
16817,179.472016
16818,179.471036
16819,179.470056
16820,179.469076
16821,179.468097
16822,179.467117
16823,179.466138
16824,179.465158
16825,179.464179
16826,179.463200
16827,179.462221
16828,179.461242
16829,179.460263
16830,179.459284
16831,179.458305
16832,179.457326
16833,179.456348
16834,179.455369
16835,179.454391
16836,179.453412
16837,179.452434
16838,179.451456
16839,179.450478
16840,179.449500
16841,179.448522
16842,179.447544
16843,179.446566
16844,179.445588
16845,179.444611
16846,179.443633
16847,179.442656
16848,179.441679
16849,179.440701
16850,179.439724
16851,179.438747
16852,179.437770
16853,179.436793
16854,179.435816
16855,179.434840
16856,179.433863
16857,179.432886
16858,179.431910
16859,179.430933
16860,179.429957
16861,179.428981
16862,179.428005
16863,179.427028
16864,179.426052
16865,179.425077
16866,179.424101
16867,179.423125
16868,179.422149
16869,179.421174
16870,179.420198
16871,179.419223
16872,179.418248
16873,179.417272
16874,179.416297
16875,179.415322
16876,179.414347
16877,179.413372
16878,179.412397
16879,179.411423
16880,179.410448
16881,179.409473
16882,179.408499
16883,179.407525
16884,179.406550
16885,179.405576
16886,179.404602
16887,179.403628
16888,179.402654
16889,179.401680
16890,179.400706
16891,179.399732
16892,179.398759
16893,179.397785
16894,179.396812
16895,179.395838
16896,179.394865
16897,179.393892
16898,179.392919
16899,179.391946
16900,179.390973
16901,179.390000
16902,179.389027
16903,179.388054
16904,179.387082
16905,179.386109
16906,179.385137
16907,179.384164
16908,179.383192
16909,179.382220
16910,179.381248
16911,179.380276
16912,179.379304
16913,179.378332
16914,179.377360
16915,179.376388
16916,179.375417
16917,179.374445
16918,179.373474
16919,179.372502
16920,179.371531
16921,179.370560
16922,179.369589
16923,179.368618
16924,179.367647
16925,179.366676
16926,179.365705
16927,179.364734
16928,179.363764
16929,179.362793
16930,179.361823
16931,179.360852
16932,179.359882
16933,179.358912
16934,179.357942
16935,179.356972
16936,179.356002
16937,179.355032
16938,179.354062
16939,179.353092
16940,179.352123
16941,179.351153
16942,179.350184
16943,179.349214
16944,179.348245
16945,179.347276
16946,179.346307
16947,179.345338
16948,179.344369
16949,179.343400
16950,179.342431
16951,179.341462
16952,179.340494
16953,179.339525
16954,179.338557
16955,179.337589
16956,179.336620
16957,179.335652
16958,179.334684
16959,179.333716
16960,179.332748
16961,179.331780
16962,179.330812
16963,179.329845
16964,179.328877
16965,179.327910
16966,179.326942
16967,179.325975
16968,179.325008
16969,179.324040
16970,179.323073
16971,179.322106
16972,179.321139
16973,179.320172
16974,179.319206
16975,179.318239
16976,179.317272
16977,179.316306
16978,179.315339
16979,179.314373
16980,179.313407
16981,179.312441
16982,179.311474
16983,179.310508
16984,179.309543
16985,179.308577
16986,179.307611
16987,179.306645
16988,179.305680
16989,179.304714
16990,179.303749
16991,179.302783
16992,179.301818
16993,179.300853
16994,179.299888
16995,179.298923
16996,179.297958
16997,179.296993
16998,179.296028
16999,179.295063
17000,179.294099
17001,179.293134
17002,179.292170
17003,179.291206
17004,179.290241
17005,179.289277
17006,179.288313
17007,179.287349
17008,179.286385
17009,179.285421
17010,179.284457
17011,179.283494
17012,179.282530
17013,179.281567
17014,179.280603
17015,179.279640
17016,179.278677
17017,179.277713
17018,179.276750
17019,179.275787
17020,179.274824
17021,179.273861
17022,179.272899
17023,179.271936
17024,179.270973
17025,179.270011
17026,179.269048
17027,179.268086
17028,179.267124
17029,179.266162
17030,179.265200
17031,179.264238
17032,179.263276
17033,179.262314
17034,179.261352
17035,179.260390
17036,179.259429
17037,179.258467
17038,179.257506
17039,179.256544
17040,179.255583
17041,179.254622
17042,179.253661
17043,179.252700
17044,179.251739
17045,179.250778
17046,179.249817
17047,179.248856
17048,179.247896
17049,179.246935
17050,179.245975
17051,179.245015
17052,179.244054
17053,179.243094
17054,179.242134
17055,179.241174
17056,179.240214
17057,179.239254
17058,179.238294
17059,179.237335
17060,179.236375
17061,179.235415
17062,179.234456
17063,179.233497
17064,179.232537
17065,179.231578
17066,179.230619
17067,179.229660
17068,179.228701
17069,179.227742
17070,179.226783
17071,179.225825
17072,179.224866
17073,179.223908
17074,179.222949
17075,179.221991
17076,179.221032
17077,179.220074
17078,179.219116
17079,179.218158
17080,179.217200
17081,179.216242
17082,179.215284
17083,179.214327
17084,179.213369
17085,179.212412
17086,179.211454
17087,179.210497
17088,179.209539
17089,179.208582
17090,179.207625
17091,179.206668
17092,179.205711
17093,179.204754
17094,179.203797
17095,179.202841
17096,179.201884
17097,179.200927
17098,179.199971
17099,179.199015
17100,179.198058
17101,179.197102
17102,179.196146
17103,179.195190
17104,179.194234
17105,179.193278
17106,179.192322
17107,179.191366
17108,179.190411
17109,179.189455
17110,179.188500
17111,179.187544
17112,179.186589
17113,179.185634
17114,179.184679
17115,179.183724
17116,179.182769
17117,179.181814
17118,179.180859
17119,179.179904
17120,179.178949
17121,179.177995
17122,179.177040
17123,179.176086
17124,179.175132
17125,179.174177
17126,179.173223
17127,179.172269
17128,179.171315
17129,179.170361
17130,179.169407
17131,179.168454
17132,179.167500
17133,179.166546
17134,179.165593
17135,179.164640
17136,179.163686
17137,179.162733
17138,179.161780
17139,179.160827
17140,179.159874
17141,179.158921
17142,179.157968
17143,179.157015
17144,179.156062
17145,179.155110
17146,179.154157
17147,179.153205
17148,179.152253
17149,179.151300
17150,179.150348
17151,179.149396
17152,179.148444
17153,179.147492
17154,179.146540
17155,179.145588
17156,179.144637
17157,179.143685
17158,179.142734
17159,179.141782
17160,179.140831
17161,179.139879
17162,179.138928
17163,179.137977
17164,179.137026
17165,179.136075
17166,179.135124
17167,179.134174
17168,179.133223
17169,179.132272
17170,179.131322
17171,179.130371
17172,179.129421
17173,179.128471
17174,179.127520
17175,179.126570
17176,179.125620
17177,179.124670
17178,179.123720
17179,179.122770
17180,179.121821
17181,179.120871
17182,179.119922
17183,179.118972
17184,179.118023
17185,179.117073
17186,179.116124
17187,179.115175
17188,179.114226
17189,179.113277
17190,179.112328
17191,179.111379
17192,179.110430
17193,179.109482
17194,179.108533
17195,179.107585
17196,179.106636
17197,179.105688
17198,179.104740
17199,179.103792
17200,179.102844
17201,179.101896
17202,179.100948
17203,179.100000
17204,179.099052
17205,179.098104
17206,179.097157
17207,179.096209
17208,179.095262
17209,179.094314
17210,179.093367
17211,179.092420
17212,179.091473
17213,179.090526
17214,179.089579
17215,179.088632
17216,179.087685
17217,179.086739
17218,179.085792
17219,179.084846
17220,179.083899
17221,179.082953
17222,179.082006
17223,179.081060
17224,179.080114
17225,179.079168
17226,179.078222
17227,179.077276
17228,179.076330
17229,179.075385
17230,179.074439
17231,179.073494
17232,179.072548
17233,179.071603
17234,179.070657
17235,179.069712
17236,179.068767
17237,179.067822
17238,179.066877
17239,179.065932
17240,179.064987
17241,179.064043
17242,179.063098
17243,179.062153
17244,179.061209
17245,179.060264
17246,179.059320
17247,179.058376
17248,179.057432
17249,179.056488
17250,179.055544
17251,179.054600
17252,179.053656
17253,179.052712
17254,179.051768
17255,179.050825
17256,179.049881
17257,179.048938
17258,179.047995
17259,179.047051
17260,179.046108
17261,179.045165
17262,179.044222
17263,179.043279
17264,179.042336
17265,179.041393
17266,179.040451
17267,179.039508
17268,179.038566
17269,179.037623
17270,179.036681
17271,179.035739
17272,179.034796
17273,179.033854
17274,179.032912
17275,179.031970
17276,179.031028
17277,179.030087
17278,179.029145
17279,179.028203
17280,179.027262
17281,179.026320
17282,179.025379
17283,179.024437
17284,179.023496
17285,179.022555
17286,179.021614
17287,179.020673
17288,179.019732
17289,179.018791
17290,179.017851
17291,179.016910
17292,179.015969
17293,179.015029
17294,179.014088
17295,179.013148
17296,179.012208
17297,179.011268
17298,179.010328
17299,179.009388
17300,179.008448
17301,179.007508
17302,179.006568
17303,179.005628
17304,179.004689
17305,179.003749
17306,179.002810
17307,179.001870
17308,179.000931
17309,178.999992
17310,178.999053
17311,178.998114
17312,178.997175
17313,178.996236
17314,178.995297
17315,178.994358
17316,178.993420
17317,178.992481
17318,178.991543
17319,178.990604
17320,178.989666
17321,178.988728
17322,178.987790
17323,178.986852
17324,178.985914
17325,178.984976
17326,178.984038
17327,178.983100
17328,178.982162
17329,178.981225
17330,178.980287
17331,178.979350
17332,178.978413
17333,178.977475
17334,178.976538
17335,178.975601
17336,178.974664
17337,178.973727
17338,178.972790
17339,178.971854
17340,178.970917
17341,178.969980
17342,178.969044
17343,178.968107
17344,178.967171
17345,178.966235
17346,178.965298
17347,178.964362
17348,178.963426
17349,178.962490
17350,178.961554
17351,178.960619
17352,178.959683
17353,178.958747
17354,178.957812
17355,178.956876
17356,178.955941
17357,178.955006
17358,178.954070
17359,178.953135
17360,178.952200
17361,178.951265
17362,178.950330
17363,178.949395
17364,178.948461
17365,178.947526
17366,178.946591
17367,178.945657
17368,178.944722
17369,178.943788
17370,178.942854
17371,178.941920
17372,178.940986
17373,178.940052
17374,178.939118
17375,178.938184
17376,178.937250
17377,178.936316
17378,178.935383
17379,178.934449
17380,178.933516
17381,178.932582
17382,178.931649
17383,178.930716
17384,178.929783
17385,178.928850
17386,178.927917
17387,178.926984
17388,178.926051
17389,178.925118
17390,178.924185
17391,178.923253
17392,178.922320
17393,178.921388
17394,178.920456
17395,178.919523
17396,178.918591
17397,178.917659
17398,178.916727
17399,178.915795
17400,178.914863
17401,178.913932
17402,178.913000
17403,178.912068
17404,178.911137
17405,178.910205
17406,178.909274
17407,178.908343
17408,178.907411
17409,178.906480
17410,178.905549
17411,178.904618
17412,178.903687
17413,178.902757
17414,178.901826
17415,178.900895
17416,178.899965
17417,178.899034
17418,178.898104
17419,178.897174
17420,178.896243
17421,178.895313
17422,178.894383
17423,178.893453
17424,178.892523
17425,178.891593
17426,178.890664
17427,178.889734
17428,178.888804
17429,178.887875
17430,178.886945
17431,178.886016
17432,178.885087
17433,178.884158
17434,178.883228
17435,178.882299
17436,178.881370
17437,178.880442
17438,178.879513
17439,178.878584
17440,178.877655
17441,178.876727
17442,178.875798
17443,178.874870
17444,178.873942
17445,178.873013
17446,178.872085
17447,178.871157
17448,178.870229
17449,178.869301
17450,178.868373
17451,178.867446
17452,178.866518
17453,178.865590
17454,178.864663
17455,178.863736
17456,178.862808
17457,178.861881
17458,178.860954
17459,178.860027
17460,178.859100
17461,178.858173
17462,178.857246
17463,178.856319
17464,178.855392
17465,178.854466
17466,178.853539
17467,178.852613
17468,178.851686
17469,178.850760
17470,178.849834
17471,178.848907
17472,178.847981
17473,178.847055
17474,178.846130
17475,178.845204
17476,178.844278
17477,178.843352
17478,178.842427
17479,178.841501
17480,178.840576
17481,178.839650
17482,178.838725
17483,178.837800
17484,178.836875
17485,178.835950
17486,178.835025
17487,178.834100
17488,178.833175
17489,178.832250
17490,178.831326
17491,178.830401
17492,178.829477
17493,178.828552
17494,178.827628
17495,178.826704
17496,178.825780
17497,178.824856
17498,178.823932
17499,178.823008
17500,178.822084
17501,178.821160
17502,178.820236
17503,178.819313
17504,178.818389
17505,178.817466
17506,178.816543
17507,178.815619
17508,178.814696
17509,178.813773
17510,178.812850
17511,178.811927
17512,178.811004
17513,178.810081
17514,178.809159
17515,178.808236
17516,178.807313
17517,178.806391
17518,178.805469
17519,178.804546
17520,178.803624
17521,178.802702
17522,178.801780
17523,178.800858
17524,178.799936
17525,178.799014
17526,178.798092
17527,178.797170
17528,178.796249
17529,178.795327
17530,178.794406
17531,178.793485
17532,178.792563
17533,178.791642
17534,178.790721
17535,178.789800
17536,178.788879
17537,178.787958
17538,178.787037
17539,178.786117
17540,178.785196
17541,178.784275
17542,178.783355
17543,178.782434
17544,178.781514
17545,178.780594
17546,178.779674
17547,178.778754
17548,178.777834
17549,178.776914
17550,178.775994
17551,178.775074
17552,178.774154
17553,178.773235
17554,178.772315
17555,178.771396
17556,178.770476
17557,178.769557
17558,178.768638
17559,178.767719
17560,178.766800
17561,178.765881
17562,178.764962
17563,178.764043
17564,178.763124
17565,178.762205
17566,178.761287
17567,178.760368
17568,178.759450
17569,178.758532
17570,178.757613
17571,178.756695
17572,178.755777
17573,178.754859
17574,178.753941
17575,178.753023
17576,178.752105
17577,178.751188
17578,178.750270
17579,178.749353
17580,178.748435
17581,178.747518
17582,178.746600
17583,178.745683
17584,178.744766
17585,178.743849
17586,178.742932
17587,178.742015
17588,178.741098
17589,178.740181
17590,178.739265
17591,178.738348
17592,178.737432
17593,178.736515
17594,178.735599
17595,178.734682
17596,178.733766
17597,178.732850
17598,178.731934
17599,178.731018
17600,178.730102
17601,178.729186
17602,178.728271
17603,178.727355
17604,178.726439
17605,178.725524
17606,178.724609
17607,178.723693
17608,178.722778
17609,178.721863
17610,178.720948
17611,178.720033
17612,178.719118
17613,178.718203
17614,178.717288
17615,178.716373
17616,178.715459
17617,178.714544
17618,178.713630
17619,178.712715
17620,178.711801
17621,178.710887
17622,178.709973
17623,178.709059
17624,178.708145
17625,178.707231
17626,178.706317
17627,178.705403
17628,178.704489
17629,178.703576
17630,178.702662
17631,178.701749
17632,178.700835
17633,178.699922
17634,178.699009
17635,178.698096
17636,178.697183
17637,178.696270
17638,178.695357
17639,178.694444
17640,178.693531
17641,178.692619
17642,178.691706
17643,178.690794
17644,178.689881
17645,178.688969
17646,178.688057
17647,178.687144
17648,178.686232
17649,178.685320
17650,178.684408
17651,178.683497
17652,178.682585
17653,178.681673
17654,178.680761
17655,178.679850
17656,178.678938
17657,178.678027
17658,178.677116
17659,178.676204
17660,178.675293
17661,178.674382
17662,178.673471
17663,178.672560
17664,178.671649
17665,178.670739
17666,178.669828
17667,178.668917
17668,178.668007
17669,178.667096
17670,178.666186
17671,178.665276
17672,178.664366
17673,178.663455
17674,178.662545
17675,178.661635
17676,178.660725
17677,178.659816
17678,178.658906
17679,178.657996
17680,178.657087
17681,178.656177
17682,178.655268
17683,178.654358
17684,178.653449
17685,178.652540
17686,178.651631
17687,178.650722
17688,178.649813
17689,178.648904
17690,178.647995
17691,178.647086
17692,178.646178
17693,178.645269
17694,178.644361
17695,178.643452
17696,178.642544
17697,178.641636
17698,178.640728
17699,178.639819
17700,178.638911
17701,178.638004
17702,178.637096
17703,178.636188
17704,178.635280
17705,178.634373
17706,178.633465
17707,178.632558
17708,178.631650
17709,178.630743
17710,178.629836
17711,178.628928
17712,178.628021
17713,178.627114
17714,178.626207
17715,178.625301
17716,178.624394
17717,178.623487
17718,178.622581
17719,178.621674
17720,178.620768
17721,178.619861
17722,178.618955
17723,178.618049
17724,178.617143
17725,178.616237
17726,178.615331
17727,178.614425
17728,178.613519
17729,178.612613
17730,178.611707
17731,178.610802
17732,178.609896
17733,178.608991
17734,178.608086
17735,178.607180
17736,178.606275
17737,178.605370
17738,178.604465
17739,178.603560
17740,178.602655
17741,178.601750
17742,178.600846
17743,178.599941
17744,178.599036
17745,178.598132
17746,178.597227
17747,178.596323
17748,178.595419
17749,178.594515
17750,178.593611
17751,178.592707
17752,178.591803
17753,178.590899
17754,178.589995
17755,178.589091
17756,178.588188
17757,178.587284
17758,178.586381
17759,178.585477
17760,178.584574
17761,178.583671
17762,178.582767
17763,178.581864
17764,178.580961
17765,178.580058
17766,178.579156
17767,178.578253
17768,178.577350
17769,178.576447
17770,178.575545
17771,178.574642
17772,178.573740
17773,178.572838
17774,178.571935
17775,178.571033
17776,178.570131
17777,178.569229
17778,178.568327
17779,178.567425
17780,178.566524
17781,178.565622
17782,178.564720
17783,178.563819
17784,178.562917
17785,178.562016
17786,178.561115
17787,178.560214
17788,178.559312
17789,178.558411
17790,178.557510
17791,178.556609
17792,178.555709
17793,178.554808
17794,178.553907
17795,178.553007
17796,178.552106
17797,178.551206
17798,178.550305
17799,178.549405
17800,178.548505
17801,178.547605
17802,178.546705
17803,178.545805
17804,178.544905
17805,178.544005
17806,178.543105
17807,178.542206
17808,178.541306
17809,178.540406
17810,178.539507
17811,178.538608
17812,178.537708
17813,178.536809
17814,178.535910
17815,178.535011
17816,178.534112
17817,178.533213
17818,178.532314
17819,178.531416
17820,178.530517
17821,178.529618
17822,178.528720
17823,178.527821
17824,178.526923
17825,178.526025
17826,178.525127
17827,178.524229
17828,178.523331
17829,178.522433
17830,178.521535
17831,178.520637
17832,178.519739
17833,178.518842
17834,178.517944
17835,178.517046
17836,178.516149
17837,178.515252
17838,178.514354
17839,178.513457
17840,178.512560
17841,178.511663
17842,178.510766
17843,178.509869
17844,178.508973
17845,178.508076
17846,178.507179
17847,178.506283
17848,178.505386
17849,178.504490
17850,178.503593
17851,178.502697
17852,178.501801
17853,178.500905
17854,178.500009
17855,178.499113
17856,178.498217
17857,178.497321
17858,178.496426
17859,178.495530
17860,178.494634
17861,178.493739
17862,178.492843
17863,178.491948
17864,178.491053
17865,178.490158
17866,178.489263
17867,178.488368
17868,178.487473
17869,178.486578
17870,178.485683
17871,178.484788
17872,178.483894
17873,178.482999
17874,178.482105
17875,178.481210
17876,178.480316
17877,178.479422
17878,178.478528
17879,178.477633
17880,178.476739
17881,178.475846
17882,178.474952
17883,178.474058
17884,178.473164
17885,178.472271
17886,178.471377
17887,178.470484
17888,178.469590
17889,178.468697
17890,178.467804
17891,178.466910
17892,178.466017
17893,178.465124
17894,178.464231
17895,178.463339
17896,178.462446
17897,178.461553
17898,178.460661
17899,178.459768
17900,178.458875
17901,178.457983
17902,178.457091
17903,178.456199
17904,178.455306
17905,178.454414
17906,178.453522
17907,178.452630
17908,178.451739
17909,178.450847
17910,178.449955
17911,178.449063
17912,178.448172
17913,178.447280
17914,178.446389
17915,178.445498
17916,178.444606
17917,178.443715
17918,178.442824
17919,178.441933
17920,178.441042
17921,178.440151
17922,178.439261
17923,178.438370
17924,178.437479
17925,178.436589
17926,178.435698
17927,178.434808
17928,178.433918
17929,178.433027
17930,178.432137
17931,178.431247
17932,178.430357
17933,178.429467
17934,178.428577
17935,178.427688
17936,178.426798
17937,178.425908
17938,178.425019
17939,178.424129
17940,178.423240
17941,178.422351
17942,178.421461
17943,178.420572
17944,178.419683
17945,178.418794
17946,178.417905
17947,178.417016
17948,178.416128
17949,178.415239
17950,178.414350
17951,178.413462
17952,178.412573
17953,178.411685
17954,178.410797
17955,178.409908
17956,178.409020
17957,178.408132
17958,178.407244
17959,178.406356
17960,178.405468
17961,178.404580
17962,178.403693
17963,178.402805
17964,178.401918
17965,178.401030
17966,178.400143
17967,178.399255
17968,178.398368
17969,178.397481
17970,178.396594
17971,178.395707
17972,178.394820
17973,178.393933
17974,178.393046
17975,178.392160
17976,178.391273
17977,178.390386
17978,178.389500
17979,178.388614
17980,178.387727
17981,178.386841
17982,178.385955
17983,178.385069
17984,178.384183
17985,178.383297
17986,178.382411
17987,178.381525
17988,178.380639
17989,178.379754
17990,178.378868
17991,178.377983
17992,178.377097
17993,178.376212
17994,178.375327
17995,178.374442
17996,178.373556
17997,178.372671
17998,178.371787
17999,178.370902
18000,178.370017
18001,178.369132
18002,178.368247
18003,178.367363
18004,178.366478
18005,178.365594
18006,178.364710
18007,178.363825
18008,178.362941
18009,178.362057
18010,178.361173
18011,178.360289
18012,178.359405
18013,178.358521
18014,178.357638
18015,178.356754
18016,178.355871
18017,178.354987
18018,178.354104
18019,178.353220
18020,178.352337
18021,178.351454
18022,178.350571
18023,178.349688
18024,178.348805
18025,178.347922
18026,178.347039
18027,178.346156
18028,178.345274
18029,178.344391
18030,178.343509
18031,178.342626
18032,178.341744
18033,178.340861
18034,178.339979
18035,178.339097
18036,178.338215
18037,178.337333
18038,178.336451
18039,178.335569
18040,178.334688
18041,178.333806
18042,178.332924
18043,178.332043
18044,178.331161
18045,178.330280
18046,178.329399
18047,178.328518
18048,178.327636
18049,178.326755
18050,178.325874
18051,178.324994
18052,178.324113
18053,178.323232
18054,178.322351
18055,178.321471
18056,178.320590
18057,178.319710
18058,178.318829
18059,178.317949
18060,178.317069
18061,178.316189
18062,178.315309
18063,178.314429
18064,178.313549
18065,178.312669
18066,178.311789
18067,178.310909
18068,178.310030
18069,178.309150
18070,178.308271
18071,178.307391
18072,178.306512
18073,178.305633
18074,178.304754
18075,178.303875
18076,178.302996
18077,178.302117
18078,178.301238
18079,178.300359
18080,178.299480
18081,178.298602
18082,178.297723
18083,178.296845
18084,178.295966
18085,178.295088
18086,178.294210
18087,178.293332
18088,178.292453
18089,178.291575
18090,178.290697
18091,178.289820
18092,178.288942
18093,178.288064
18094,178.287186
18095,178.286309
18096,178.285431
18097,178.284554
18098,178.283677
18099,178.282799
18100,178.281922
18101,178.281045
18102,178.280168
18103,178.279291
18104,178.278414
18105,178.277537
18106,178.276661
18107,178.275784
18108,178.274907
18109,178.274031
18110,178.273155
18111,178.272278
18112,178.271402
18113,178.270526
18114,178.269650
18115,178.268773
18116,178.267898
18117,178.267022
18118,178.266146
18119,178.265270
18120,178.264394
18121,178.263519
18122,178.262643
18123,178.261768
18124,178.260892
18125,178.260017
18126,178.259142
18127,178.258267
18128,178.257392
18129,178.256517
18130,178.255642
18131,178.254767
18132,178.253892
18133,178.253018
18134,178.252143
18135,178.251268
18136,178.250394
18137,178.249520
18138,178.248645
18139,178.247771
18140,178.246897
18141,178.246023
18142,178.245149
18143,178.244275
18144,178.243401
18145,178.242527
18146,178.241653
18147,178.240780
18148,178.239906
18149,178.239033
18150,178.238159
18151,178.237286
18152,178.236413
18153,178.235540
18154,178.234666
18155,178.233793
18156,178.232920
18157,178.232048
18158,178.231175
18159,178.230302
18160,178.229429
18161,178.228557
18162,178.227684
18163,178.226812
18164,178.225940
18165,178.225067
18166,178.224195
18167,178.223323
18168,178.222451
18169,178.221579
18170,178.220707
18171,178.219835
18172,178.218963
18173,178.218092
18174,178.217220
18175,178.216349
18176,178.215477
18177,178.214606
18178,178.213735
18179,178.212863
18180,178.211992
18181,178.211121
18182,178.210250
18183,178.209379
18184,178.208508
18185,178.207638
18186,178.206767
18187,178.205896
18188,178.205026
18189,178.204155
18190,178.203285
18191,178.202414
18192,178.201544
18193,178.200674
18194,178.199804
18195,178.198934
18196,178.198064
18197,178.197194
18198,178.196324
18199,178.195455
18200,178.194585
18201,178.193715
18202,178.192846
18203,178.191977
18204,178.191107
18205,178.190238
18206,178.189369
18207,178.188500
18208,178.187631
18209,178.186762
18210,178.185893
18211,178.185024
18212,178.184155
18213,178.183286
18214,178.182418
18215,178.181549
18216,178.180681
18217,178.179813
18218,178.178944
18219,178.178076
18220,178.177208
18221,178.176340
18222,178.175472
18223,178.174604
18224,178.173736
18225,178.172868
18226,178.172001
18227,178.171133
18228,178.170265
18229,178.169398
18230,178.168531
18231,178.167663
18232,178.166796
18233,178.165929
18234,178.165062
18235,178.164195
18236,178.163328
18237,178.162461
18238,178.161594
18239,178.160727
18240,178.159861
18241,178.158994
18242,178.158128
18243,178.157261
18244,178.156395
18245,178.155529
18246,178.154662
18247,178.153796
18248,178.152930
18249,178.152064
18250,178.151198
18251,178.150333
18252,178.149467
18253,178.148601
18254,178.147736
18255,178.146870
18256,178.146005
18257,178.145139
18258,178.144274
18259,178.143409
18260,178.142544
18261,178.141678
18262,178.140813
18263,178.139949
18264,178.139084
18265,178.138219
18266,178.137354
18267,178.136490
18268,178.135625
18269,178.134761
18270,178.133896
18271,178.133032
18272,178.132168
18273,178.131303
18274,178.130439
18275,178.129575
18276,178.128711
18277,178.127847
18278,178.126984
18279,178.126120
18280,178.125256
18281,178.124393
18282,178.123529
18283,178.122666
18284,178.121802
18285,178.120939
18286,178.120076
18287,178.119213
18288,178.118350
18289,178.117487
18290,178.116624
18291,178.115761
18292,178.114898
18293,178.114035
18294,178.113173
18295,178.112310
18296,178.111448
18297,178.110585
18298,178.109723
18299,178.108861
18300,178.107999
18301,178.107137
18302,178.106275
18303,178.105413
18304,178.104551
18305,178.103689
18306,178.102827
18307,178.101966
18308,178.101104
18309,178.100243
18310,178.099381
18311,178.098520
18312,178.097658
18313,178.096797
18314,178.095936
18315,178.095075
18316,178.094214
18317,178.093353
18318,178.092492
18319,178.091632
18320,178.090771
18321,178.089910
18322,178.089050
18323,178.088189
18324,178.087329
18325,178.086469
18326,178.085608
18327,178.084748
18328,178.083888
18329,178.083028
18330,178.082168
18331,178.081308
18332,178.080449
18333,178.079589
18334,178.078729
18335,178.077870
18336,178.077010
18337,178.076151
18338,178.075291
18339,178.074432
18340,178.073573
18341,178.072714
18342,178.071855
18343,178.070996
18344,178.070137
18345,178.069278
18346,178.068419
18347,178.067561
18348,178.066702
18349,178.065844
18350,178.064985
18351,178.064127
18352,178.063268
18353,178.062410
18354,178.061552
18355,178.060694
18356,178.059836
18357,178.058978
18358,178.058120
18359,178.057262
18360,178.056405
18361,178.055547
18362,178.054689
18363,178.053832
18364,178.052975
18365,178.052117
18366,178.051260
18367,178.050403
18368,178.049546
18369,178.048689
18370,178.047832
18371,178.046975
18372,178.046118
18373,178.045261
18374,178.044404
18375,178.043548
18376,178.042691
18377,178.041835
18378,178.040978
18379,178.040122
18380,178.039266
18381,178.038410
18382,178.037554
18383,178.036698
18384,178.035842
18385,178.034986
18386,178.034130
18387,178.033274
18388,178.032419
18389,178.031563
18390,178.030708
18391,178.029852
18392,178.028997
18393,178.028142
18394,178.027286
18395,178.026431
18396,178.025576
18397,178.024721
18398,178.023866
18399,178.023012
18400,178.022157
18401,178.021302
18402,178.020447
18403,178.019593
18404,178.018739
18405,178.017884
18406,178.017030
18407,178.016176
18408,178.015321
18409,178.014467
18410,178.013613
18411,178.012759
18412,178.011905
18413,178.011052
18414,178.010198
18415,178.009344
18416,178.008491
18417,178.007637
18418,178.006784
18419,178.005930
18420,178.005077
18421,178.004224
18422,178.003371
18423,178.002518
18424,178.001665
18425,178.000812
18426,177.999959
18427,177.999106
18428,177.998254
18429,177.997401
18430,177.996548
18431,177.995696
18432,177.994844
18433,177.993991
18434,177.993139
18435,177.992287
18436,177.991435
18437,177.990583
18438,177.989731
18439,177.988879
18440,177.988027
18441,177.987175
18442,177.986324
18443,177.985472
18444,177.984621
18445,177.983769
18446,177.982918
18447,177.982066
18448,177.981215
18449,177.980364
18450,177.979513
18451,177.978662
18452,177.977811
18453,177.976960
18454,177.976109
18455,177.975259
18456,177.974408
18457,177.973558
18458,177.972707
18459,177.971857
18460,177.971006
18461,177.970156
18462,177.969306
18463,177.968456
18464,177.967606
18465,177.966756
18466,177.965906
18467,177.965056
18468,177.964206
18469,177.963357
18470,177.962507
18471,177.961657
18472,177.960808
18473,177.959959
18474,177.959109
18475,177.958260
18476,177.957411
18477,177.956562
18478,177.955713
18479,177.954864
18480,177.954015
18481,177.953166
18482,177.952317
18483,177.951469
18484,177.950620
18485,177.949772
18486,177.948923
18487,177.948075
18488,177.947227
18489,177.946378
18490,177.945530
18491,177.944682
18492,177.943834
18493,177.942986
18494,177.942138
18495,177.941291
18496,177.940443
18497,177.939595
18498,177.938748
18499,177.937900
18500,177.937053
18501,177.936206
18502,177.935358
18503,177.934511
18504,177.933664
18505,177.932817
18506,177.931970
18507,177.931123
18508,177.930276
18509,177.929430
18510,177.928583
18511,177.927736
18512,177.926890
18513,177.926043
18514,177.925197
18515,177.924351
18516,177.923504
18517,177.922658
18518,177.921812
18519,177.920966
18520,177.920120
18521,177.919274
18522,177.918428
18523,177.917583
18524,177.916737
18525,177.915892
18526,177.915046
18527,177.914201
18528,177.913355
18529,177.912510
18530,177.911665
18531,177.910820
18532,177.909974
18533,177.909129
18534,177.908285
18535,177.907440
18536,177.906595
18537,177.905750
18538,177.904906
18539,177.904061
18540,177.903217
18541,177.902372
18542,177.901528
18543,177.900684
18544,177.899839
18545,177.898995
18546,177.898151
18547,177.897307
18548,177.896463
18549,177.895619
18550,177.894776
18551,177.893932
18552,177.893088
18553,177.892245
18554,177.891401
18555,177.890558
18556,177.889715
18557,177.888871
18558,177.888028
18559,177.887185
18560,177.886342
18561,177.885499
18562,177.884656
18563,177.883814
18564,177.882971
18565,177.882128
18566,177.881286
18567,177.880443
18568,177.879601
18569,177.878758
18570,177.877916
18571,177.877074
18572,177.876232
18573,177.875389
18574,177.874547
18575,177.873705
18576,177.872864
18577,177.872022
18578,177.871180
18579,177.870338
18580,177.869497
18581,177.868655
18582,177.867814
18583,177.866973
18584,177.866131
18585,177.865290
18586,177.864449
18587,177.863608
18588,177.862767
18589,177.861926
18590,177.861085
18591,177.860244
18592,177.859404
18593,177.858563
18594,177.857722
18595,177.856882
18596,177.856042
18597,177.855201
18598,177.854361
18599,177.853521
18600,177.852681
18601,177.851841
18602,177.851001
18603,177.850161
18604,177.849321
18605,177.848481
18606,177.847641
18607,177.846802
18608,177.845962
18609,177.845123
18610,177.844283
18611,177.843444
18612,177.842605
18613,177.841766
18614,177.840927
18615,177.840088
18616,177.839249
18617,177.838410
18618,177.837571
18619,177.836732
18620,177.835893
18621,177.835055
18622,177.834216
18623,177.833378
18624,177.832540
18625,177.831701
18626,177.830863
18627,177.830025
18628,177.829187
18629,177.828349
18630,177.827511
18631,177.826673
18632,177.825835
18633,177.824997
18634,177.824160
18635,177.823322
18636,177.822485
18637,177.821647
18638,177.820810
18639,177.819972
18640,177.819135
18641,177.818298
18642,177.817461
18643,177.816624
18644,177.815787
18645,177.814950
18646,177.814113
18647,177.813277
18648,177.812440
18649,177.811603
18650,177.810767
18651,177.809931
18652,177.809094
18653,177.808258
18654,177.807422
18655,177.806586
18656,177.805749
18657,177.804913
18658,177.804078
18659,177.803242
18660,177.802406
18661,177.801570
18662,177.800735
18663,177.799899
18664,177.799064
18665,177.798228
18666,177.797393
18667,177.796557
18668,177.795722
18669,177.794887
18670,177.794052
18671,177.793217
18672,177.792382
18673,177.791547
18674,177.790713
18675,177.789878
18676,177.789043
18677,177.788209
18678,177.787374
18679,177.786540
18680,177.785705
18681,177.784871
18682,177.784037
18683,177.783203
18684,177.782369
18685,177.781535
18686,177.780701
18687,177.779867
18688,177.779033
18689,177.778200
18690,177.777366
18691,177.776532
18692,177.775699
18693,177.774866
18694,177.774032
18695,177.773199
18696,177.772366
18697,177.771533
18698,177.770700
18699,177.769867
18700,177.769034
18701,177.768201
18702,177.767368
18703,177.766536
18704,177.765703
18705,177.764870
18706,177.764038
18707,177.763206
18708,177.762373
18709,177.761541
18710,177.760709
18711,177.759877
18712,177.759045
18713,177.758213
18714,177.757381
18715,177.756549
18716,177.755717
18717,177.754886
18718,177.754054
18719,177.753222
18720,177.752391
18721,177.751560
18722,177.750728
18723,177.749897
18724,177.749066
18725,177.748235
18726,177.747404
18727,177.746573
18728,177.745742
18729,177.744911
18730,177.744080
18731,177.743250
18732,177.742419
18733,177.741588
18734,177.740758
18735,177.739928
18736,177.739097
18737,177.738267
18738,177.737437
18739,177.736607
18740,177.735777
18741,177.734947
18742,177.734117
18743,177.733287
18744,177.732457
18745,177.731628
18746,177.730798
18747,177.729969
18748,177.729139
18749,177.728310
18750,177.727480
18751,177.726651
18752,177.725822
18753,177.724993
18754,177.724164
18755,177.723335
18756,177.722506
18757,177.721677
18758,177.720848
18759,177.720020
18760,177.719191
18761,177.718363
18762,177.717534
18763,177.716706
18764,177.715878
18765,177.715049
18766,177.714221
18767,177.713393
18768,177.712565
18769,177.711737
18770,177.710909
18771,177.710081
18772,177.709254
18773,177.708426
18774,177.707598
18775,177.706771
18776,177.705943
18777,177.705116
18778,177.704289
18779,177.703461
18780,177.702634
18781,177.701807
18782,177.700980
18783,177.700153
18784,177.699326
18785,177.698500
18786,177.697673
18787,177.696846
18788,177.696020
18789,177.695193
18790,177.694367
18791,177.693540
18792,177.692714
18793,177.691888
18794,177.691062
18795,177.690235
18796,177.689409
18797,177.688583
18798,177.687758
18799,177.686932
18800,177.686106
18801,177.685280
18802,177.684455
18803,177.683629
18804,177.682804
18805,177.681978
18806,177.681153
18807,177.680328
18808,177.679503
18809,177.678678
18810,177.677853
18811,177.677028
18812,177.676203
18813,177.675378
18814,177.674553
18815,177.673728
18816,177.672904
18817,177.672079
18818,177.671255
18819,177.670431
18820,177.669606
18821,177.668782
18822,177.667958
18823,177.667134
18824,177.666310
18825,177.665486
18826,177.664662
18827,177.663838
18828,177.663014
18829,177.662191
18830,177.661367
18831,177.660543
18832,177.659720
18833,177.658897
18834,177.658073
18835,177.657250
18836,177.656427
18837,177.655604
18838,177.654781
18839,177.653958
18840,177.653135
18841,177.652312
18842,177.651489
18843,177.650667
18844,177.649844
18845,177.649021
18846,177.648199
18847,177.647377
18848,177.646554
18849,177.645732
18850,177.644910
18851,177.644088
18852,177.643266
18853,177.642444
18854,177.641622
18855,177.640800
18856,177.639978
18857,177.639157
18858,177.638335
18859,177.637513
18860,177.636692
18861,177.635871
18862,177.635049
18863,177.634228
18864,177.633407
18865,177.632586
18866,177.631765
18867,177.630944
18868,177.630123
18869,177.629302
18870,177.628481
18871,177.627660
18872,177.626840
18873,177.626019
18874,177.625199
18875,177.624378
18876,177.623558
18877,177.622738
18878,177.621918
18879,177.621097
18880,177.620277
18881,177.619457
18882,177.618637
18883,177.617818
18884,177.616998
18885,177.616178
18886,177.615359
18887,177.614539
18888,177.613719
18889,177.612900
18890,177.612081
18891,177.611261
18892,177.610442
18893,177.609623
18894,177.608804
18895,177.607985
18896,177.607166
18897,177.606347
18898,177.605528
18899,177.604710
18900,177.603891
18901,177.603073
18902,177.602254
18903,177.601436
18904,177.600617
18905,177.599799
18906,177.598981
18907,177.598163
18908,177.597345
18909,177.596527
18910,177.595709
18911,177.594891
18912,177.594073
18913,177.593255
18914,177.592438
18915,177.591620
18916,177.590802
18917,177.589985
18918,177.589168
18919,177.588350
18920,177.587533
18921,177.586716
18922,177.585899
18923,177.585082
18924,177.584265
18925,177.583448
18926,177.582631
18927,177.581815
18928,177.580998
18929,177.580181
18930,177.579365
18931,177.578548
18932,177.577732
18933,177.576916
18934,177.576099
18935,177.575283
18936,177.574467
18937,177.573651
18938,177.572835
18939,177.572019
18940,177.571203
18941,177.570388
18942,177.569572
18943,177.568756
18944,177.567941
18945,177.567125
18946,177.566310
18947,177.565495
18948,177.564679
18949,177.563864
18950,177.563049
18951,177.562234
18952,177.561419
18953,177.560604
18954,177.559789
18955,177.558975
18956,177.558160
18957,177.557345
18958,177.556531
18959,177.555716
18960,177.554902
18961,177.554087
18962,177.553273
18963,177.552459
18964,177.551645
18965,177.550831
18966,177.550017
18967,177.549203
18968,177.548389
18969,177.547575
18970,177.546762
18971,177.545948
18972,177.545134
18973,177.544321
18974,177.543507
18975,177.542694
18976,177.541881
18977,177.541068
18978,177.540254
18979,177.539441
18980,177.538628
18981,177.537815
18982,177.537003
18983,177.536190
18984,177.535377
18985,177.534564
18986,177.533752
18987,177.532939
18988,177.532127
18989,177.531314
18990,177.530502
18991,177.529690
18992,177.528878
18993,177.528066
18994,177.527254
18995,177.526442
18996,177.525630
18997,177.524818
18998,177.524006
18999,177.523195
19000,177.522383
19001,177.521571
19002,177.520760
19003,177.519949
19004,177.519137
19005,177.518326
19006,177.517515
19007,177.516704
19008,177.515893
19009,177.515082
19010,177.514271
19011,177.513460
19012,177.512649
19013,177.511839
19014,177.511028
19015,177.510217
19016,177.509407
19017,177.508596
19018,177.507786
19019,177.506976
19020,177.506166
19021,177.505355
19022,177.504545
19023,177.503735
19024,177.502926
19025,177.502116
19026,177.501306
19027,177.500496
19028,177.499687
19029,177.498877
19030,177.498067
19031,177.497258
19032,177.496449
19033,177.495639
19034,177.494830
19035,177.494021
19036,177.493212
19037,177.492403
19038,177.491594
19039,177.490785
19040,177.489976
19041,177.489168
19042,177.488359
19043,177.487550
19044,177.486742
19045,177.485933
19046,177.485125
19047,177.484317
19048,177.483508
19049,177.482700
19050,177.481892
19051,177.481084
19052,177.480276
19053,177.479468
19054,177.478660
19055,177.477853
19056,177.477045
19057,177.476237
19058,177.475430
19059,177.474622
19060,177.473815
19061,177.473007
19062,177.472200
19063,177.471393
19064,177.470586
19065,177.469779
19066,177.468972
19067,177.468165
19068,177.467358
19069,177.466551
19070,177.465745
19071,177.464938
19072,177.464131
19073,177.463325
19074,177.462518
19075,177.461712
19076,177.460906
19077,177.460099
19078,177.459293
19079,177.458487
19080,177.457681
19081,177.456875
19082,177.456069
19083,177.455264
19084,177.454458
19085,177.453652
19086,177.452847
19087,177.452041
19088,177.451236
19089,177.450430
19090,177.449625
19091,177.448820
19092,177.448014
19093,177.447209
19094,177.446404
19095,177.445599
19096,177.444794
19097,177.443990
19098,177.443185
19099,177.442380
19100,177.441576
19101,177.440771
19102,177.439966
19103,177.439162
19104,177.438358
19105,177.437553
19106,177.436749
19107,177.435945
19108,177.435141
19109,177.434337
19110,177.433533
19111,177.432729
19112,177.431925
19113,177.431122
19114,177.430318
19115,177.429514
19116,177.428711
19117,177.427907
19118,177.427104
19119,177.426301
19120,177.425498
19121,177.424694
19122,177.423891
19123,177.423088
19124,177.422285
19125,177.421482
19126,177.420680
19127,177.419877
19128,177.419074
19129,177.418272
19130,177.417469
19131,177.416667
19132,177.415864
19133,177.415062
19134,177.414259
19135,177.413457
19136,177.412655
19137,177.411853
19138,177.411051
19139,177.410249
19140,177.409447
19141,177.408646
19142,177.407844
19143,177.407042
19144,177.406241
19145,177.405439
19146,177.404638
19147,177.403836
19148,177.403035
19149,177.402234
19150,177.401433
19151,177.400632
19152,177.399831
19153,177.399030
19154,177.398229
19155,177.397428
19156,177.396627
19157,177.395826
19158,177.395026
19159,177.394225
19160,177.393425
19161,177.392624
19162,177.391824
19163,177.391024
19164,177.390224
19165,177.389424
19166,177.388623
19167,177.387823
19168,177.387024
19169,177.386224
19170,177.385424
19171,177.384624
19172,177.383825
19173,177.383025
19174,177.382226
19175,177.381426
19176,177.380627
19177,177.379827
19178,177.379028
19179,177.378229
19180,177.377430
19181,177.376631
19182,177.375832
19183,177.375033
19184,177.374234
19185,177.373436
19186,177.372637
19187,177.371838
19188,177.371040
19189,177.370241
19190,177.369443
19191,177.368645
19192,177.367846
19193,177.367048
19194,177.366250
19195,177.365452
19196,177.364654
19197,177.363856
19198,177.363058
19199,177.362260
19200,177.361463
19201,177.360665
19202,177.359867
19203,177.359070
19204,177.358273
19205,177.357475
19206,177.356678
19207,177.355881
19208,177.355083
19209,177.354286
19210,177.353489
19211,177.352692
19212,177.351896
19213,177.351099
19214,177.350302
19215,177.349505
19216,177.348709
19217,177.347912
19218,177.347116
19219,177.346319
19220,177.345523
19221,177.344727
19222,177.343930
19223,177.343134
19224,177.342338
19225,177.341542
19226,177.340746
19227,177.339950
19228,177.339155
19229,177.338359
19230,177.337563
19231,177.336768
19232,177.335972
19233,177.335177
19234,177.334381
19235,177.333586
19236,177.332791
19237,177.331996
19238,177.331201
19239,177.330406
19240,177.329611
19241,177.328816
19242,177.328021
19243,177.327226
19244,177.326432
19245,177.325637
19246,177.324842
19247,177.324048
19248,177.323253
19249,177.322459
19250,177.321665
19251,177.320871
19252,177.320076
19253,177.319282
19254,177.318488
19255,177.317694
19256,177.316901
19257,177.316107
19258,177.315313
19259,177.314519
19260,177.313726
19261,177.312932
19262,177.312139
19263,177.311346
19264,177.310552
19265,177.309759
19266,177.308966
19267,177.308173
19268,177.307380
19269,177.306587
19270,177.305794
19271,177.305001
19272,177.304208
19273,177.303415
19274,177.302623
19275,177.301830
19276,177.301038
19277,177.300245
19278,177.299453
19279,177.298661
19280,177.297868
19281,177.297076
19282,177.296284
19283,177.295492
19284,177.294700
19285,177.293908
19286,177.293117
19287,177.292325
19288,177.291533
19289,177.290742
19290,177.289950
19291,177.289159
19292,177.288367
19293,177.287576
19294,177.286785
19295,177.285993
19296,177.285202
19297,177.284411
19298,177.283620
19299,177.282829
19300,177.282038
19301,177.281248
19302,177.280457
19303,177.279666
19304,177.278876
19305,177.278085
19306,177.277295
19307,177.276504
19308,177.275714
19309,177.274924
19310,177.274134
19311,177.273344
19312,177.272554
19313,177.271764
19314,177.270974
19315,177.270184
19316,177.269394
19317,177.268604
19318,177.267815
19319,177.267025
19320,177.266236
19321,177.265446
19322,177.264657
19323,177.263868
19324,177.263078
19325,177.262289
19326,177.261500
19327,177.260711
19328,177.259922
19329,177.259133
19330,177.258345
19331,177.257556
19332,177.256767
19333,177.255979
19334,177.255190
19335,177.254402
19336,177.253613
19337,177.252825
19338,177.252037
19339,177.251248
19340,177.250460
19341,177.249672
19342,177.248884
19343,177.248096
19344,177.247308
19345,177.246521
19346,177.245733
19347,177.244945
19348,177.244158
19349,177.243370
19350,177.242583
19351,177.241795
19352,177.241008
19353,177.240221
19354,177.239434
19355,177.238647
19356,177.237859
19357,177.237072
19358,177.236286
19359,177.235499
19360,177.234712
19361,177.233925
19362,177.233139
19363,177.232352
19364,177.231566
19365,177.230779
19366,177.229993
19367,177.229207
19368,177.228420
19369,177.227634
19370,177.226848
19371,177.226062
19372,177.225276
19373,177.224490
19374,177.223704
19375,177.222919
19376,177.222133
19377,177.221347
19378,177.220562
19379,177.219776
19380,177.218991
19381,177.218206
19382,177.217420
19383,177.216635
19384,177.215850
19385,177.215065
19386,177.214280
19387,177.213495
19388,177.212710
19389,177.211925
19390,177.211141
19391,177.210356
19392,177.209571
19393,177.208787
19394,177.208002
19395,177.207218
19396,177.206434
19397,177.205649
19398,177.204865
19399,177.204081
19400,177.203297
19401,177.202513
19402,177.201729
19403,177.200945
19404,177.200161
19405,177.199378
19406,177.198594
19407,177.197810
19408,177.197027
19409,177.196243
19410,177.195460
19411,177.194677
19412,177.193894
19413,177.193110
19414,177.192327
19415,177.191544
19416,177.190761
19417,177.189978
19418,177.189196
19419,177.188413
19420,177.187630
19421,177.186847
19422,177.186065
19423,177.185282
19424,177.184500
19425,177.183718
19426,177.182935
19427,177.182153
19428,177.181371
19429,177.180589
19430,177.179807
19431,177.179025
19432,177.178243
19433,177.177461
19434,177.176679
19435,177.175898
19436,177.175116
19437,177.174334
19438,177.173553
19439,177.172772
19440,177.171990
19441,177.171209
19442,177.170428
19443,177.169647
19444,177.168865
19445,177.168084
19446,177.167303
19447,177.166523
19448,177.165742
19449,177.164961
19450,177.164180
19451,177.163400
19452,177.162619
19453,177.161839
19454,177.161058
19455,177.160278
19456,177.159498
19457,177.158717
19458,177.157937
19459,177.157157
19460,177.156377
19461,177.155597
19462,177.154817
19463,177.154038
19464,177.153258
19465,177.152478
19466,177.151699
19467,177.150919
19468,177.150140
19469,177.149360
19470,177.148581
19471,177.147802
19472,177.147022
19473,177.146243
19474,177.145464
19475,177.144685
19476,177.143906
19477,177.143127
19478,177.142349
19479,177.141570
19480,177.140791
19481,177.140013
19482,177.139234
19483,177.138456
19484,177.137677
19485,177.136899
19486,177.136121
19487,177.135343
19488,177.134564
19489,177.133786
19490,177.133008
19491,177.132231
19492,177.131453
19493,177.130675
19494,177.129897
19495,177.129119
19496,177.128342
19497,177.127564
19498,177.126787
19499,177.126010
19500,177.125232
19501,177.124455
19502,177.123678
19503,177.122901
19504,177.122124
19505,177.121347
19506,177.120570
19507,177.119793
19508,177.119016
19509,177.118239
19510,177.117463
19511,177.116686
19512,177.115910
19513,177.115133
19514,177.114357
19515,177.113581
19516,177.112804
19517,177.112028
19518,177.111252
19519,177.110476
19520,177.109700
19521,177.108924
19522,177.108148
19523,177.107372
19524,177.106597
19525,177.105821
19526,177.105046
19527,177.104270
19528,177.103495
19529,177.102719
19530,177.101944
19531,177.101169
19532,177.100394
19533,177.099618
19534,177.098843
19535,177.098068
19536,177.097294
19537,177.096519
19538,177.095744
19539,177.094969
19540,177.094195
19541,177.093420
19542,177.092646
19543,177.091871
19544,177.091097
19545,177.090322
19546,177.089548
19547,177.088774
19548,177.088000
19549,177.087226
19550,177.086452
19551,177.085678
19552,177.084904
19553,177.084130
19554,177.083357
19555,177.082583
19556,177.081809
19557,177.081036
19558,177.080263
19559,177.079489
19560,177.078716
19561,177.077943
19562,177.077169
19563,177.076396
19564,177.075623
19565,177.074850
19566,177.074077
19567,177.073305
19568,177.072532
19569,177.071759
19570,177.070987
19571,177.070214
19572,177.069441
19573,177.068669
19574,177.067897
19575,177.067124
19576,177.066352
19577,177.065580
19578,177.064808
19579,177.064036
19580,177.063264
19581,177.062492
19582,177.061720
19583,177.060948
19584,177.060177
19585,177.059405
19586,177.058633
19587,177.057862
19588,177.057091
19589,177.056319
19590,177.055548
19591,177.054777
19592,177.054005
19593,177.053234
19594,177.052463
19595,177.051692
19596,177.050921
19597,177.050151
19598,177.049380
19599,177.048609
19600,177.047839
19601,177.047068
19602,177.046297
19603,177.045527
19604,177.044757
19605,177.043986
19606,177.043216
19607,177.042446
19608,177.041676
19609,177.040906
19610,177.040136
19611,177.039366
19612,177.038596
19613,177.037826
19614,177.037057
19615,177.036287
19616,177.035517
19617,177.034748
19618,177.033978
19619,177.033209
19620,177.032440
19621,177.031671
19622,177.030901
19623,177.030132
19624,177.029363
19625,177.028594
19626,177.027825
19627,177.027057
19628,177.026288
19629,177.025519
19630,177.024750
19631,177.023982
19632,177.023213
19633,177.022445
19634,177.021677
19635,177.020908
19636,177.020140
19637,177.019372
19638,177.018604
19639,177.017836
19640,177.017068
19641,177.016300
19642,177.015532
19643,177.014764
19644,177.013996
19645,177.013229
19646,177.012461
19647,177.011694
19648,177.010926
19649,177.010159
19650,177.009392
19651,177.008624
19652,177.007857
19653,177.007090
19654,177.006323
19655,177.005556
19656,177.004789
19657,177.004022
19658,177.003255
19659,177.002489
19660,177.001722
19661,177.000955
19662,177.000189
19663,176.999422
19664,176.998656
19665,176.997890
19666,176.997123
19667,176.996357
19668,176.995591
19669,176.994825
19670,176.994059
19671,176.993293
19672,176.992527
19673,176.991762
19674,176.990996
19675,176.990230
19676,176.989465
19677,176.988699
19678,176.987934
19679,176.987168
19680,176.986403
19681,176.985638
19682,176.984872
19683,176.984107
19684,176.983342
19685,176.982577
19686,176.981812
19687,176.981047
19688,176.980283
19689,176.979518
19690,176.978753
19691,176.977989
19692,176.977224
19693,176.976460
19694,176.975695
19695,176.974931
19696,176.974166
19697,176.973402
19698,176.972638
19699,176.971874
19700,176.971110
19701,176.970346
19702,176.969582
19703,176.968818
19704,176.968055
19705,176.967291
19706,176.966527
19707,176.965764
19708,176.965000
19709,176.964237
19710,176.963474
19711,176.962710
19712,176.961947
19713,176.961184
19714,176.960421
19715,176.959658
19716,176.958895
19717,176.958132
19718,176.957369
19719,176.956606
19720,176.955844
19721,176.955081
19722,176.954318
19723,176.953556
19724,176.952794
19725,176.952031
19726,176.951269
19727,176.950507
19728,176.949744
19729,176.948982
19730,176.948220
19731,176.947458
19732,176.946696
19733,176.945935
19734,176.945173
19735,176.944411
19736,176.943650
19737,176.942888
19738,176.942126
19739,176.941365
19740,176.940604
19741,176.939842
19742,176.939081
19743,176.938320
19744,176.937559
19745,176.936798
19746,176.936037
19747,176.935276
19748,176.934515
19749,176.933754
19750,176.932993
19751,176.932233
19752,176.931472
19753,176.930712
19754,176.929951
19755,176.929191
19756,176.928431
19757,176.927670
19758,176.926910
19759,176.926150
19760,176.925390
19761,176.924630
19762,176.923870
19763,176.923110
19764,176.922350
19765,176.921591
19766,176.920831
19767,176.920071
19768,176.919312
19769,176.918552
19770,176.917793
19771,176.917033
19772,176.916274
19773,176.915515
19774,176.914756
19775,176.913997
19776,176.913238
19777,176.912479
19778,176.911720
19779,176.910961
19780,176.910202
19781,176.909444
19782,176.908685
19783,176.907926
19784,176.907168
19785,176.906410
19786,176.905651
19787,176.904893
19788,176.904135
19789,176.903377
19790,176.902618
19791,176.901860
19792,176.901102
19793,176.900345
19794,176.899587
19795,176.898829
19796,176.898071
19797,176.897314
19798,176.896556
19799,176.895798
19800,176.895041
19801,176.894284
19802,176.893526
19803,176.892769
19804,176.892012
19805,176.891255
19806,176.890498
19807,176.889741
19808,176.888984
19809,176.888227
19810,176.887470
19811,176.886713
19812,176.885957
19813,176.885200
19814,176.884444
19815,176.883687
19816,176.882931
19817,176.882174
19818,176.881418
19819,176.880662
19820,176.879906
19821,176.879150
19822,176.878394
19823,176.877638
19824,176.876882
19825,176.876126
19826,176.875370
19827,176.874615
19828,176.873859
19829,176.873104
19830,176.872348
19831,176.871593
19832,176.870837
19833,176.870082
19834,176.869327
19835,176.868572
19836,176.867817
19837,176.867061
19838,176.866307
19839,176.865552
19840,176.864797
19841,176.864042
19842,176.863287
19843,176.862533
19844,176.861778
19845,176.861024
19846,176.860269
19847,176.859515
19848,176.858760
19849,176.858006
19850,176.857252
19851,176.856498
19852,176.855744
19853,176.854990
19854,176.854236
19855,176.853482
19856,176.852728
19857,176.851975
19858,176.851221
19859,176.850467
19860,176.849714
19861,176.848960
19862,176.848207
19863,176.847454
19864,176.846700
19865,176.845947
19866,176.845194
19867,176.844441
19868,176.843688
19869,176.842935
19870,176.842182
19871,176.841429
19872,176.840676
19873,176.839924
19874,176.839171
19875,176.838419
19876,176.837666
19877,176.836914
19878,176.836161
19879,176.835409
19880,176.834657
19881,176.833905
19882,176.833153
19883,176.832400
19884,176.831649
19885,176.830897
19886,176.830145
19887,176.829393
19888,176.828641
19889,176.827890
19890,176.827138
19891,176.826387
19892,176.825635
19893,176.824884
19894,176.824132
19895,176.823381
19896,176.822630
19897,176.821879
19898,176.821128
19899,176.820377
19900,176.819626
19901,176.818875
19902,176.818124
19903,176.817373
19904,176.816623
19905,176.815872
19906,176.815122
19907,176.814371
19908,176.813621
19909,176.812870
19910,176.812120
19911,176.811370
19912,176.810620
19913,176.809870
19914,176.809120
19915,176.808370
19916,176.807620
19917,176.806870
19918,176.806120
19919,176.805370
19920,176.804621
19921,176.803871
19922,176.803122
19923,176.802372
19924,176.801623
19925,176.800873
19926,176.800124
19927,176.799375
19928,176.798626
19929,176.797877
19930,176.797128
19931,176.796379
19932,176.795630
19933,176.794881
19934,176.794133
19935,176.793384
19936,176.792635
19937,176.791887
19938,176.791138
19939,176.790390
19940,176.789641
19941,176.788893
19942,176.788145
19943,176.787397
19944,176.786649
19945,176.785901
19946,176.785153
19947,176.784405
19948,176.783657
19949,176.782909
19950,176.782162
19951,176.781414
19952,176.780666
19953,176.779919
19954,176.779171
19955,176.778424
19956,176.777677
19957,176.776929
19958,176.776182
19959,176.775435
19960,176.774688
19961,176.773941
19962,176.773194
19963,176.772447
19964,176.771701
19965,176.770954
19966,176.770207
19967,176.769461
19968,176.768714
19969,176.767968
19970,176.767221
19971,176.766475
19972,176.765728
19973,176.764982
19974,176.764236
19975,176.763490
19976,176.762744
19977,176.761998
19978,176.761252
19979,176.760506
19980,176.759761
19981,176.759015
19982,176.758269
19983,176.757524
19984,176.756778
19985,176.756033
19986,176.755287
19987,176.754542
19988,176.753797
19989,176.753052
19990,176.752306
19991,176.751561
19992,176.750816
19993,176.750071
19994,176.749327
19995,176.748582
19996,176.747837
19997,176.747092
19998,176.746348
19999,176.745603
20000,176.744859
20001,176.744114
20002,176.743370
20003,176.742626
20004,176.741881
20005,176.741137
20006,176.740393
20007,176.739649
20008,176.738905
20009,176.738161
20010,176.737417
20011,176.736674
20012,176.735930
20013,176.735186
20014,176.734443
20015,176.733699
20016,176.732956
20017,176.732212
20018,176.731469
20019,176.730726
20020,176.729983
20021,176.729239
20022,176.728496
20023,176.727753
20024,176.727010
20025,176.726268
20026,176.725525
20027,176.724782
20028,176.724039
20029,176.723297
20030,176.722554
20031,176.721812
20032,176.721069
20033,176.720327
20034,176.719585
20035,176.718842
20036,176.718100
20037,176.717358
20038,176.716616
20039,176.715874
20040,176.715132
20041,176.714390
20042,176.713648
20043,176.712907
20044,176.712165
20045,176.711423
20046,176.710682
20047,176.709940
20048,176.709199
20049,176.708458
20050,176.707716
20051,176.706975
20052,176.706234
20053,176.705493
20054,176.704752
20055,176.704011
20056,176.703270
20057,176.702529
20058,176.701789
20059,176.701048
20060,176.700307
20061,176.699567
20062,176.698826
20063,176.698086
20064,176.697345
20065,176.696605
20066,176.695865
20067,176.695125
20068,176.694384
20069,176.693644
20070,176.692904
20071,176.692164
20072,176.691425
20073,176.690685
20074,176.689945
20075,176.689205
20076,176.688466
20077,176.687726
20078,176.686987
20079,176.686247
20080,176.685508
20081,176.684769
20082,176.684029
20083,176.683290
20084,176.682551
20085,176.681812
20086,176.681073
20087,176.680334
20088,176.679595
20089,176.678857
20090,176.678118
20091,176.677379
20092,176.676641
20093,176.675902
20094,176.675164
20095,176.674425
20096,176.673687
20097,176.672949
20098,176.672210
20099,176.671472
20100,176.670734
20101,176.669996
20102,176.669258
20103,176.668520
20104,176.667783
20105,176.667045
20106,176.666307
20107,176.665569
20108,176.664832
20109,176.664094
20110,176.663357
20111,176.662619
20112,176.661882
20113,176.661145
20114,176.660408
20115,176.659671
20116,176.658934
20117,176.658197
20118,176.657460
20119,176.656723
20120,176.655986
20121,176.655249
20122,176.654512
20123,176.653776
20124,176.653039
20125,176.652303
20126,176.651566
20127,176.650830
20128,176.650094
20129,176.649357
20130,176.648621
20131,176.647885
20132,176.647149
20133,176.646413
20134,176.645677
20135,176.644941
20136,176.644206
20137,176.643470
20138,176.642734
20139,176.641999
20140,176.641263
20141,176.640528
20142,176.639792
20143,176.639057
20144,176.638322
20145,176.637586
20146,176.636851
20147,176.636116
20148,176.635381
20149,176.634646
20150,176.633911
20151,176.633176
20152,176.632442
20153,176.631707
20154,176.630972
20155,176.630238
20156,176.629503
20157,176.628769
20158,176.628034
20159,176.627300
20160,176.626566
20161,176.625831
20162,176.625097
20163,176.624363
20164,176.623629
20165,176.622895
20166,176.622161
20167,176.621427
20168,176.620694
20169,176.619960
20170,176.619226
20171,176.618493
20172,176.617759
20173,176.617026
20174,176.616292
20175,176.615559
20176,176.614826
20177,176.614093
20178,176.613360
20179,176.612627
20180,176.611894
20181,176.611161
20182,176.610428
20183,176.609695
20184,176.608962
20185,176.608229
20186,176.607497
20187,176.606764
20188,176.606032
20189,176.605299
20190,176.604567
20191,176.603835
20192,176.603102
20193,176.602370
20194,176.601638
20195,176.600906
20196,176.600174
20197,176.599442
20198,176.598710
20199,176.597978
20200,176.597247
20201,176.596515
20202,176.595783
20203,176.595052
20204,176.594320
20205,176.593589
20206,176.592858
20207,176.592126
20208,176.591395
20209,176.590664
20210,176.589933
20211,176.589202
20212,176.588471
20213,176.587740
20214,176.587009
20215,176.586278
20216,176.585547
20217,176.584817
20218,176.584086
20219,176.583356
20220,176.582625
20221,176.581895
20222,176.581164
20223,176.580434
20224,176.579704
20225,176.578974
20226,176.578244
20227,176.577514
20228,176.576784
20229,176.576054
20230,176.575324
20231,176.574594
20232,176.573864
20233,176.573135
20234,176.572405
20235,176.571676
20236,176.570946
20237,176.570217
20238,176.569487
20239,176.568758
20240,176.568029
20241,176.567300
20242,176.566571
20243,176.565842
20244,176.565113
20245,176.564384
20246,176.563655
20247,176.562926
20248,176.562197
20249,176.561469
20250,176.560740
20251,176.560012
20252,176.559283
20253,176.558555
20254,176.557826
20255,176.557098
20256,176.556370
20257,176.555642
20258,176.554914
20259,176.554186
20260,176.553458
20261,176.552730
20262,176.552002
20263,176.551274
20264,176.550547
20265,176.549819
20266,176.549091
20267,176.548364
20268,176.547636
20269,176.546909
20270,176.546182
20271,176.545454
20272,176.544727
20273,176.544000
20274,176.543273
20275,176.542546
20276,176.541819
20277,176.541092
20278,176.540365
20279,176.539638
20280,176.538912
20281,176.538185
20282,176.537458
20283,176.536732
20284,176.536006
20285,176.535279
20286,176.534553
20287,176.533827
20288,176.533100
20289,176.532374
20290,176.531648
20291,176.530922
20292,176.530196
20293,176.529470
20294,176.528744
20295,176.528019
20296,176.527293
20297,176.526567
20298,176.525842
20299,176.525116
20300,176.524391
20301,176.523665
20302,176.522940
20303,176.522215
20304,176.521490
20305,176.520764
20306,176.520039
20307,176.519314
20308,176.518589
20309,176.517865
20310,176.517140
20311,176.516415
20312,176.515690
20313,176.514966
20314,176.514241
20315,176.513517
20316,176.512792
20317,176.512068
20318,176.511343
20319,176.510619
20320,176.509895
20321,176.509171
20322,176.508447
20323,176.507723
20324,176.506999
20325,176.506275
20326,176.505551
20327,176.504827
20328,176.504104
20329,176.503380
20330,176.502656
20331,176.501933
20332,176.501209
20333,176.500486
20334,176.499763
20335,176.499039
20336,176.498316
20337,176.497593
20338,176.496870
20339,176.496147
20340,176.495424
20341,176.494701
20342,176.493978
20343,176.493256
20344,176.492533
20345,176.491810
20346,176.491088
20347,176.490365
20348,176.489643
20349,176.488920
20350,176.488198
20351,176.487476
20352,176.486753
20353,176.486031
20354,176.485309
20355,176.484587
20356,176.483865
20357,176.483143
20358,176.482422
20359,176.481700
20360,176.480978
20361,176.480256
20362,176.479535
20363,176.478813
20364,176.478092
20365,176.477370
20366,176.476649
20367,176.475928
20368,176.475207
20369,176.474486
20370,176.473764
20371,176.473043
20372,176.472322
20373,176.471602
20374,176.470881
20375,176.470160
20376,176.469439
20377,176.468719
20378,176.467998
20379,176.467278
20380,176.466557
20381,176.465837
20382,176.465116
20383,176.464396
20384,176.463676
20385,176.462956
20386,176.462236
20387,176.461516
20388,176.460796
20389,176.460076
20390,176.459356
20391,176.458636
20392,176.457916
20393,176.457197
20394,176.456477
20395,176.455758
20396,176.455038
20397,176.454319
20398,176.453599
20399,176.452880
20400,176.452161
20401,176.451442
20402,176.450723
20403,176.450004
20404,176.449285
20405,176.448566
20406,176.447847
20407,176.447128
20408,176.446409
20409,176.445691
20410,176.444972
20411,176.444254
20412,176.443535
20413,176.442817
20414,176.442098
20415,176.441380
20416,176.440662
20417,176.439944
20418,176.439226
20419,176.438508
20420,176.437790
20421,176.437072
20422,176.436354
20423,176.435636
20424,176.434918
20425,176.434201
20426,176.433483
20427,176.432766
20428,176.432048
20429,176.431331
20430,176.430613
20431,176.429896
20432,176.429179
20433,176.428462
20434,176.427744
20435,176.427027
20436,176.426310
20437,176.425593
20438,176.424877
20439,176.424160
20440,176.423443
20441,176.422726
20442,176.422010
20443,176.421293
20444,176.420577
20445,176.419860
20446,176.419144
20447,176.418428
20448,176.417711
20449,176.416995
20450,176.416279
20451,176.415563
20452,176.414847
20453,176.414131
20454,176.413415
20455,176.412699
20456,176.411984
20457,176.411268
20458,176.410552
20459,176.409837
20460,176.409121
20461,176.408406
20462,176.407690
20463,176.406975
20464,176.406260
20465,176.405545
20466,176.404830
20467,176.404115
20468,176.403400
20469,176.402685
20470,176.401970
20471,176.401255
20472,176.400540
20473,176.399825
20474,176.399111
20475,176.398396
20476,176.397682
20477,176.396967
20478,176.396253
20479,176.395538
20480,176.394824
20481,176.394110
20482,176.393396
20483,176.392682
20484,176.391968
20485,176.391254
20486,176.390540
20487,176.389826
20488,176.389112
20489,176.388399
20490,176.387685
20491,176.386971
20492,176.386258
20493,176.385544
20494,176.384831
20495,176.384118
20496,176.383404
20497,176.382691
20498,176.381978
20499,176.381265
20500,176.380552
20501,176.379839
20502,176.379126
20503,176.378413
20504,176.377700
20505,176.376988
20506,176.376275
20507,176.375562
20508,176.374850
20509,176.374137
20510,176.373425
20511,176.372712
20512,176.372000
20513,176.371288
20514,176.370576
20515,176.369864
20516,176.369152
20517,176.368440
20518,176.367728
20519,176.367016
20520,176.366304
20521,176.365592
20522,176.364881
20523,176.364169
20524,176.363457
20525,176.362746
20526,176.362034
20527,176.361323
20528,176.360612
20529,176.359900
20530,176.359189
20531,176.358478
20532,176.357767
20533,176.357056
20534,176.356345
20535,176.355634
20536,176.354923
20537,176.354213
20538,176.353502
20539,176.352791
20540,176.352081
20541,176.351370
20542,176.350660
20543,176.349949
20544,176.349239
20545,176.348529
20546,176.347819
20547,176.347108
20548,176.346398
20549,176.345688
20550,176.344978
20551,176.344268
20552,176.343559
20553,176.342849
20554,176.342139
20555,176.341429
20556,176.340720
20557,176.340010
20558,176.339301
20559,176.338591
20560,176.337882
20561,176.337173
20562,176.336463
20563,176.335754
20564,176.335045
20565,176.334336
20566,176.333627
20567,176.332918
20568,176.332209
20569,176.331501
20570,176.330792
20571,176.330083
20572,176.329375
20573,176.328666
20574,176.327957
20575,176.327249
20576,176.326541
20577,176.325832
20578,176.325124
20579,176.324416
20580,176.323708
20581,176.323000
20582,176.322292
20583,176.321584
20584,176.320876
20585,176.320168
20586,176.319460
20587,176.318753
20588,176.318045
20589,176.317337
20590,176.316630
20591,176.315922
20592,176.315215
20593,176.314508
20594,176.313800
20595,176.313093
20596,176.312386
20597,176.311679
20598,176.310972
20599,176.310265
20600,176.309558
20601,176.308851
20602,176.308144
20603,176.307438
20604,176.306731
20605,176.306024
20606,176.305318
20607,176.304611
20608,176.303905
20609,176.303199
20610,176.302492
20611,176.301786
20612,176.301080
20613,176.300374
20614,176.299668
20615,176.298962
20616,176.298256
20617,176.297550
20618,176.296844
20619,176.296138
20620,176.295433
20621,176.294727
20622,176.294021
20623,176.293316
20624,176.292610
20625,176.291905
20626,176.291200
20627,176.290494
20628,176.289789
20629,176.289084
20630,176.288379
20631,176.287674
20632,176.286969
20633,176.286264
20634,176.285559
20635,176.284855
20636,176.284150
20637,176.283445
20638,176.282741
20639,176.282036
20640,176.281332
20641,176.280627
20642,176.279923
20643,176.279219
20644,176.278514
20645,176.277810
20646,176.277106
20647,176.276402
20648,176.275698
20649,176.274994
20650,176.274290
20651,176.273586
20652,176.272883
20653,176.272179
20654,176.271475
20655,176.270772
20656,176.270068
20657,176.269365
20658,176.268661
20659,176.267958
20660,176.267255
20661,176.266552
20662,176.265849
20663,176.265145
20664,176.264442
20665,176.263740
20666,176.263037
20667,176.262334
20668,176.261631
20669,176.260928
20670,176.260226
20671,176.259523
20672,176.258821
20673,176.258118
20674,176.257416
20675,176.256713
20676,176.256011
20677,176.255309
20678,176.254607
20679,176.253905
20680,176.253202
20681,176.252500
20682,176.251799
20683,176.251097
20684,176.250395
20685,176.249693
20686,176.248991
20687,176.248290
20688,176.247588
20689,176.246887
20690,176.246185
20691,176.245484
20692,176.244783
20693,176.244081
20694,176.243380
20695,176.242679
20696,176.241978
20697,176.241277
20698,176.240576
20699,176.239875
20700,176.239174
20701,176.238473
20702,176.237773
20703,176.237072
20704,176.236372
20705,176.235671
20706,176.234971
20707,176.234270
20708,176.233570
20709,176.232869
20710,176.232169
20711,176.231469
20712,176.230769
20713,176.230069
20714,176.229369
20715,176.228669
20716,176.227969
20717,176.227269
20718,176.226570
20719,176.225870
20720,176.225170
20721,176.224471
20722,176.223771
20723,176.223072
20724,176.222372
20725,176.221673
20726,176.220974
20727,176.220275
20728,176.219575
20729,176.218876
20730,176.218177
20731,176.217478
20732,176.216779
20733,176.216081
20734,176.215382
20735,176.214683
20736,176.213984
20737,176.213286
20738,176.212587
20739,176.211889
20740,176.211190
20741,176.210492
20742,176.209794
20743,176.209096
20744,176.208397
20745,176.207699
20746,176.207001
20747,176.206303
20748,176.205605
20749,176.204907
20750,176.204210
20751,176.203512
20752,176.202814
20753,176.202116
20754,176.201419
20755,176.200721
20756,176.200024
20757,176.199326
20758,176.198629
20759,176.197932
20760,176.197235
20761,176.196538
20762,176.195840
20763,176.195143
20764,176.194446
20765,176.193749
20766,176.193053
20767,176.192356
20768,176.191659
20769,176.190962
20770,176.190266
20771,176.189569
20772,176.188873
20773,176.188176
20774,176.187480
20775,176.186784
20776,176.186087
20777,176.185391
20778,176.184695
20779,176.183999
20780,176.183303
20781,176.182607
20782,176.181911
20783,176.181215
20784,176.180520
20785,176.179824
20786,176.179128
20787,176.178433
20788,176.177737
20789,176.177042
20790,176.176346
20791,176.175651
20792,176.174956
20793,176.174260
20794,176.173565
20795,176.172870
20796,176.172175
20797,176.171480
20798,176.170785
20799,176.170090
20800,176.169395
20801,176.168701
20802,176.168006
20803,176.167311
20804,176.166617
20805,176.165922
20806,176.165228
20807,176.164533
20808,176.163839
20809,176.163145
20810,176.162450
20811,176.161756
20812,176.161062
20813,176.160368
20814,176.159674
20815,176.158980
20816,176.158286
20817,176.157593
20818,176.156899
20819,176.156205
20820,176.155512
20821,176.154818
20822,176.154125
20823,176.153431
20824,176.152738
20825,176.152044
20826,176.151351
20827,176.150658
20828,176.149965
20829,176.149272
20830,176.148579
20831,176.147886
20832,176.147193
20833,176.146500
20834,176.145807
20835,176.145115
20836,176.144422
20837,176.143729
20838,176.143037
20839,176.142344
20840,176.141652
20841,176.140960
20842,176.140267
20843,176.139575
20844,176.138883
20845,176.138191
20846,176.137499
20847,176.136807
20848,176.136115
20849,176.135423
20850,176.134731
20851,176.134039
20852,176.133348
20853,176.132656
20854,176.131964
20855,176.131273
20856,176.130581
20857,176.129890
20858,176.129199
20859,176.128507
20860,176.127816
20861,176.127125
20862,176.126434
20863,176.125743
20864,176.125052
20865,176.124361
20866,176.123670
20867,176.122979
20868,176.122288
20869,176.121598
20870,176.120907
20871,176.120217
20872,176.119526
20873,176.118836
20874,176.118145
20875,176.117455
20876,176.116765
20877,176.116074
20878,176.115384
20879,176.114694
20880,176.114004
20881,176.113314
20882,176.112624
20883,176.111934
20884,176.111245
20885,176.110555
20886,176.109865
20887,176.109176
20888,176.108486
20889,176.107797
20890,176.107107
20891,176.106418
20892,176.105728
20893,176.105039
20894,176.104350
20895,176.103661
20896,176.102972
20897,176.102283
20898,176.101594
20899,176.100905
20900,176.100216
20901,176.099527
20902,176.098838
20903,176.098150
20904,176.097461
20905,176.096773
20906,176.096084
20907,176.095396
20908,176.094707
20909,176.094019
20910,176.093331
20911,176.092643
20912,176.091954
20913,176.091266
20914,176.090578
20915,176.089890
20916,176.089203
20917,176.088515
20918,176.087827
20919,176.087139
20920,176.086452
20921,176.085764
20922,176.085076
20923,176.084389
20924,176.083702
20925,176.083014
20926,176.082327
20927,176.081640
20928,176.080952
20929,176.080265
20930,176.079578
20931,176.078891
20932,176.078204
20933,176.077517
20934,176.076831
20935,176.076144
20936,176.075457
20937,176.074771
20938,176.074084
20939,176.073397
20940,176.072711
20941,176.072025
20942,176.071338
20943,176.070652
20944,176.069966
20945,176.069279
20946,176.068593
20947,176.067907
20948,176.067221
20949,176.066535
20950,176.065850
20951,176.065164
20952,176.064478
20953,176.063792
20954,176.063107
20955,176.062421
20956,176.061735
20957,176.061050
20958,176.060365
20959,176.059679
20960,176.058994
20961,176.058309
20962,176.057624
20963,176.056938
20964,176.056253
20965,176.055568
20966,176.054884
20967,176.054199
20968,176.053514
20969,176.052829
20970,176.052144
20971,176.051460
20972,176.050775
20973,176.050091
20974,176.049406
20975,176.048722
20976,176.048037
20977,176.047353
20978,176.046669
20979,176.045985
20980,176.045301
20981,176.044617
20982,176.043933
20983,176.043249
20984,176.042565
20985,176.041881
20986,176.041197
20987,176.040514
20988,176.039830
20989,176.039146
20990,176.038463
20991,176.037779
20992,176.037096
20993,176.036413
20994,176.035729
20995,176.035046
20996,176.034363
20997,176.033680
20998,176.032997
20999,176.032314
21000,176.031631
21001,176.030948
21002,176.030265
21003,176.029583
21004,176.028900
21005,176.028217
21006,176.027535
21007,176.026852
21008,176.026170
21009,176.025487
21010,176.024805
21011,176.024123
21012,176.023441
21013,176.022758
21014,176.022076
21015,176.021394
21016,176.020712
21017,176.020030
21018,176.019348
21019,176.018667
21020,176.017985
21021,176.017303
21022,176.016622
21023,176.015940
21024,176.015259
21025,176.014577
21026,176.013896
21027,176.013214
21028,176.012533
21029,176.011852
21030,176.011171
21031,176.010490
21032,176.009809
21033,176.009128
21034,176.008447
21035,176.007766
21036,176.007085
21037,176.006404
21038,176.005724
21039,176.005043
21040,176.004362
21041,176.003682
21042,176.003001
21043,176.002321
21044,176.001641
21045,176.000960
21046,176.000280
21047,175.999600
21048,175.998920
21049,175.998240
21050,175.997560
21051,175.996880
21052,175.996200
21053,175.995520
21054,175.994840
21055,175.994161
21056,175.993481
21057,175.992802
21058,175.992122
21059,175.991443
21060,175.990763
21061,175.990084
21062,175.989405
21063,175.988725
21064,175.988046
21065,175.987367
21066,175.986688
21067,175.986009
21068,175.985330
21069,175.984651
21070,175.983972
21071,175.983294
21072,175.982615
21073,175.981936
21074,175.981258
21075,175.980579
21076,175.979901
21077,175.979222
21078,175.978544
21079,175.977866
21080,175.977188
21081,175.976509
21082,175.975831
21083,175.975153
21084,175.974475
21085,175.973797
21086,175.973119
21087,175.972442
21088,175.971764
21089,175.971086
21090,175.970409
21091,175.969731
21092,175.969053
21093,175.968376
21094,175.967699
21095,175.967021
21096,175.966344
21097,175.965667
21098,175.964990
21099,175.964312
21100,175.963635
21101,175.962958
21102,175.962281
21103,175.961605
21104,175.960928
21105,175.960251
21106,175.959574
21107,175.958898
21108,175.958221
21109,175.957544
21110,175.956868
21111,175.956192
21112,175.955515
21113,175.954839
21114,175.954163
21115,175.953487
21116,175.952810
21117,175.952134
21118,175.951458
21119,175.950782
21120,175.950106
21121,175.949431
21122,175.948755
21123,175.948079
21124,175.947404
21125,175.946728
21126,175.946052
21127,175.945377
21128,175.944701
21129,175.944026
21130,175.943351
21131,175.942676
21132,175.942000
21133,175.941325
21134,175.940650
21135,175.939975
21136,175.939300
21137,175.938625
21138,175.937950
21139,175.937276
21140,175.936601
21141,175.935926
21142,175.935252
21143,175.934577
21144,175.933903
21145,175.933228
21146,175.932554
21147,175.931880
21148,175.931205
21149,175.930531
21150,175.929857
21151,175.929183
21152,175.928509
21153,175.927835
21154,175.927161
21155,175.926487
21156,175.925813
21157,175.925140
21158,175.924466
21159,175.923792
21160,175.923119
21161,175.922445
21162,175.921772
21163,175.921098
21164,175.920425
21165,175.919752
21166,175.919079
21167,175.918405
21168,175.917732
21169,175.917059
21170,175.916386
21171,175.915713
21172,175.915041
21173,175.914368
21174,175.913695
21175,175.913022
21176,175.912350
21177,175.911677
21178,175.911005
21179,175.910332
21180,175.909660
21181,175.908987
21182,175.908315
21183,175.907643
21184,175.906971
21185,175.906299
21186,175.905627
21187,175.904955
21188,175.904283
21189,175.903611
21190,175.902939
21191,175.902267
21192,175.901595
21193,175.900924
21194,175.900252
21195,175.899581
21196,175.898909
21197,175.898238
21198,175.897566
21199,175.896895
21200,175.896224
21201,175.895553
21202,175.894882
21203,175.894211
21204,175.893540
21205,175.892869
21206,175.892198
21207,175.891527
21208,175.890856
21209,175.890185
21210,175.889515
21211,175.888844
21212,175.888174
21213,175.887503
21214,175.886833
21215,175.886162
21216,175.885492
21217,175.884822
21218,175.884152
21219,175.883481
21220,175.882811
21221,175.882141
21222,175.881471
21223,175.880801
21224,175.880132
21225,175.879462
21226,175.878792
21227,175.878122
21228,175.877453
21229,175.876783
21230,175.876114
21231,175.875444
21232,175.874775
21233,175.874105
21234,175.873436
21235,175.872767
21236,175.872098
21237,175.871429
21238,175.870760
21239,175.870091
21240,175.869422
21241,175.868753
21242,175.868084
21243,175.867415
21244,175.866747
21245,175.866078
21246,175.865409
21247,175.864741
21248,175.864072
21249,175.863404
21250,175.862736
21251,175.862067
21252,175.861399
21253,175.860731
21254,175.860063
21255,175.859395
21256,175.858727
21257,175.858059
21258,175.857391
21259,175.856723
21260,175.856055
21261,175.855388
21262,175.854720
21263,175.854052
21264,175.853385
21265,175.852717
21266,175.852050
21267,175.851383
21268,175.850715
21269,175.850048
21270,175.849381
21271,175.848714
21272,175.848047
21273,175.847380
21274,175.846713
21275,175.846046
21276,175.845379
21277,175.844712
21278,175.844045
21279,175.843379
21280,175.842712
21281,175.842045
21282,175.841379
21283,175.840712
21284,175.840046
21285,175.839380
21286,175.838713
21287,175.838047
21288,175.837381
21289,175.836715
21290,175.836049
21291,175.835383
21292,175.834717
21293,175.834051
21294,175.833385
21295,175.832720
21296,175.832054
21297,175.831388
21298,175.830723
21299,175.830057
21300,175.829392
21301,175.828726
21302,175.828061
21303,175.827396
21304,175.826730
21305,175.826065
21306,175.825400
21307,175.824735
21308,175.824070
21309,175.823405
21310,175.822740
21311,175.822075
21312,175.821410
21313,175.820746
21314,175.820081
21315,175.819416
21316,175.818752
21317,175.818087
21318,175.817423
21319,175.816759
21320,175.816094
21321,175.815430
21322,175.814766
21323,175.814102
21324,175.813438
21325,175.812773
21326,175.812110
21327,175.811446
21328,175.810782
21329,175.810118
21330,175.809454
21331,175.808790
21332,175.808127
21333,175.807463
21334,175.806800
21335,175.806136
21336,175.805473
21337,175.804809
21338,175.804146
21339,175.803483
21340,175.802820
21341,175.802157
21342,175.801494
21343,175.800831
21344,175.800168
21345,175.799505
21346,175.798842
21347,175.798179
21348,175.797516
21349,175.796854
21350,175.796191
21351,175.795529
21352,175.794866
21353,175.794204
21354,175.793541
21355,175.792879
21356,175.792217
21357,175.791554
21358,175.790892
21359,175.790230
21360,175.789568
21361,175.788906
21362,175.788244
21363,175.787582
21364,175.786921
21365,175.786259
21366,175.785597
21367,175.784936
21368,175.784274
21369,175.783612
21370,175.782951
21371,175.782290
21372,175.781628
21373,175.780967
21374,175.780306
21375,175.779645
21376,175.778983
21377,175.778322
21378,175.777661
21379,175.777000
21380,175.776339
21381,175.775679
21382,175.775018
21383,175.774357
21384,175.773696
21385,175.773036
21386,175.772375
21387,175.771715
21388,175.771054
21389,175.770394
21390,175.769734
21391,175.769073
21392,175.768413
21393,175.767753
21394,175.767093
21395,175.766433
21396,175.765773
21397,175.765113
21398,175.764453
21399,175.763793
21400,175.763134
21401,175.762474
21402,175.761814
21403,175.761155
21404,175.760495
21405,175.759836
21406,175.759176
21407,175.758517
21408,175.757858
21409,175.757198
21410,175.756539
21411,175.755880
21412,175.755221
21413,175.754562
21414,175.753903
21415,175.753244
21416,175.752585
21417,175.751926
21418,175.751268
21419,175.750609
21420,175.749950
21421,175.749292
21422,175.748633
21423,175.747975
21424,175.747317
21425,175.746658
21426,175.746000
21427,175.745342
21428,175.744684
21429,175.744025
21430,175.743367
21431,175.742709
21432,175.742051
21433,175.741394
21434,175.740736
21435,175.740078
21436,175.739420
21437,175.738763
21438,175.738105
21439,175.737447
21440,175.736790
21441,175.736133
21442,175.735475
21443,175.734818
21444,175.734161
21445,175.733503
21446,175.732846
21447,175.732189
21448,175.731532
21449,175.730875
21450,175.730218
21451,175.729561
21452,175.728905
21453,175.728248
21454,175.727591
21455,175.726935
21456,175.726278
21457,175.725621
21458,175.724965
21459,175.724309
21460,175.723652
21461,175.722996
21462,175.722340
21463,175.721684
21464,175.721027
21465,175.720371
21466,175.719715
21467,175.719059
21468,175.718404
21469,175.717748
21470,175.717092
21471,175.716436
21472,175.715781
21473,175.715125
21474,175.714469
21475,175.713814
21476,175.713158
21477,175.712503
21478,175.711848
21479,175.711192
21480,175.710537
21481,175.709882
21482,175.709227
21483,175.708572
21484,175.707917
21485,175.707262
21486,175.706607
21487,175.705952
21488,175.705297
21489,175.704643
21490,175.703988
21491,175.703334
21492,175.702679
21493,175.702025
21494,175.701370
21495,175.700716
21496,175.700061
21497,175.699407
21498,175.698753
21499,175.698099
21500,175.697445
21501,175.696791
21502,175.696137
21503,175.695483
21504,175.694829
21505,175.694175
21506,175.693521
21507,175.692868
21508,175.692214
21509,175.691560
21510,175.690907
21511,175.690253
21512,175.689600
21513,175.688947
21514,175.688293
21515,175.687640
21516,175.686987
21517,175.686334
21518,175.685681
21519,175.685028
21520,175.684375
21521,175.683722
21522,175.683069
21523,175.682416
21524,175.681764
21525,175.681111
21526,175.680458
21527,175.679806
21528,175.679153
21529,175.678501
21530,175.677848
21531,175.677196
21532,175.676544
21533,175.675891
21534,175.675239
21535,175.674587
21536,175.673935
21537,175.673283
21538,175.672631
21539,175.671979
21540,175.671327
21541,175.670676
21542,175.670024
21543,175.669372
21544,175.668721
21545,175.668069
21546,175.667418
21547,175.666766
21548,175.666115
21549,175.665464
21550,175.664812
21551,175.664161
21552,175.663510
21553,175.662859
21554,175.662208
21555,175.661557
21556,175.660906
21557,175.660255
21558,175.659604
21559,175.658953
21560,175.658303
21561,175.657652
21562,175.657001
21563,175.656351
21564,175.655700
21565,175.655050
21566,175.654400
21567,175.653749
21568,175.653099
21569,175.652449
21570,175.651799
21571,175.651149
21572,175.650498
21573,175.649848
21574,175.649199
21575,175.648549
21576,175.647899
21577,175.647249
21578,175.646599
21579,175.645950
21580,175.645300
21581,175.644651
21582,175.644001
21583,175.643352
21584,175.642702
21585,175.642053
21586,175.641404
21587,175.640755
21588,175.640106
21589,175.639456
21590,175.638807
21591,175.638158
21592,175.637510
21593,175.636861
21594,175.636212
21595,175.635563
21596,175.634914
21597,175.634266
21598,175.633617
21599,175.632969
21600,175.632320
21601,175.631672
21602,175.631023
21603,175.630375
21604,175.629727
21605,175.629079
21606,175.628431
21607,175.627783
21608,175.627134
21609,175.626487
21610,175.625839
21611,175.625191
21612,175.624543
21613,175.623895
21614,175.623248
21615,175.622600
21616,175.621952
21617,175.621305
21618,175.620657
21619,175.620010
21620,175.619363
21621,175.618715
21622,175.618068
21623,175.617421
21624,175.616774
21625,175.616127
21626,175.615480
21627,175.614833
21628,175.614186
21629,175.613539
21630,175.612892
21631,175.612245
21632,175.611599
21633,175.610952
21634,175.610306
21635,175.609659
21636,175.609013
21637,175.608366
21638,175.607720
21639,175.607074
21640,175.606427
21641,175.605781
21642,175.605135
21643,175.604489
21644,175.603843
21645,175.603197
21646,175.602551
21647,175.601905
21648,175.601259
21649,175.600614
21650,175.599968
21651,175.599322
21652,175.598677
21653,175.598031
21654,175.597386
21655,175.596741
21656,175.596095
21657,175.595450
21658,175.594805
21659,175.594159
21660,175.593514
21661,175.592869
21662,175.592224
21663,175.591579
21664,175.590934
21665,175.590290
21666,175.589645
21667,175.589000
21668,175.588355
21669,175.587711
21670,175.587066
21671,175.586422
21672,175.585777
21673,175.585133
21674,175.584489
21675,175.583844
21676,175.583200
21677,175.582556
21678,175.581912
21679,175.581268
21680,175.580624
21681,175.579980
21682,175.579336
21683,175.578692
21684,175.578048
21685,175.577404
21686,175.576761
21687,175.576117
21688,175.575474
21689,175.574830
21690,175.574187
21691,175.573543
21692,175.572900
21693,175.572257
21694,175.571613
21695,175.570970
21696,175.570327
21697,175.569684
21698,175.569041
21699,175.568398
21700,175.567755
21701,175.567112
21702,175.566470
21703,175.565827
21704,175.565184
21705,175.564542
21706,175.563899
21707,175.563256
21708,175.562614
21709,175.561972
21710,175.561329
21711,175.560687
21712,175.560045
21713,175.559403
21714,175.558760
21715,175.558118
21716,175.557476
21717,175.556834
21718,175.556193
21719,175.555551
21720,175.554909
21721,175.554267
21722,175.553625
21723,175.552984
21724,175.552342
21725,175.551701
21726,175.551059
21727,175.550418
21728,175.549777
21729,175.549135
21730,175.548494
21731,175.547853
21732,175.547212
21733,175.546571
21734,175.545930
21735,175.545289
21736,175.544648
21737,175.544007
21738,175.543366
21739,175.542725
21740,175.542085
21741,175.541444
21742,175.540804
21743,175.540163
21744,175.539523
21745,175.538882
21746,175.538242
21747,175.537601
21748,175.536961
21749,175.536321
21750,175.535681
21751,175.535041
21752,175.534401
21753,175.533761
21754,175.533121
21755,175.532481
21756,175.531841
21757,175.531202
21758,175.530562
21759,175.529922
21760,175.529283
21761,175.528643
21762,175.528004
21763,175.527364
21764,175.526725
21765,175.526086
21766,175.525446
21767,175.524807
21768,175.524168
21769,175.523529
21770,175.522890
21771,175.522251
21772,175.521612
21773,175.520973
21774,175.520334
21775,175.519696
21776,175.519057
21777,175.518418
21778,175.517780
21779,175.517141
21780,175.516503
21781,175.515864
21782,175.515226
21783,175.514588
21784,175.513949
21785,175.513311
21786,175.512673
21787,175.512035
21788,175.511397
21789,175.510759
21790,175.510121
21791,175.509483
21792,175.508845
21793,175.508208
21794,175.507570
21795,175.506932
21796,175.506295
21797,175.505657
21798,175.505020
21799,175.504382
21800,175.503745
21801,175.503107
21802,175.502470
21803,175.501833
21804,175.501196
21805,175.500559
21806,175.499922
21807,175.499285
21808,175.498648
21809,175.498011
21810,175.497374
21811,175.496737
21812,175.496101
21813,175.495464
21814,175.494827
21815,175.494191
21816,175.493554
21817,175.492918
21818,175.492281
21819,175.491645
21820,175.491009
21821,175.490373
21822,175.489736
21823,175.489100
21824,175.488464
21825,175.487828
21826,175.487192
21827,175.486556
21828,175.485921
21829,175.485285
21830,175.484649
21831,175.484013
21832,175.483378
21833,175.482742
21834,175.482107
21835,175.481471
21836,175.480836
21837,175.480201
21838,175.479565
21839,175.478930
21840,175.478295
21841,175.477660
21842,175.477025
21843,175.476390
21844,175.475755
21845,175.475120
21846,175.474485
21847,175.473850
21848,175.473215
21849,175.472581
21850,175.471946
21851,175.471312
21852,175.470677
21853,175.470043
21854,175.469408
21855,175.468774
21856,175.468139
21857,175.467505
21858,175.466871
21859,175.466237
21860,175.465603
21861,175.464969
21862,175.464335
21863,175.463701
21864,175.463067
21865,175.462433
21866,175.461799
21867,175.461166
21868,175.460532
21869,175.459898
21870,175.459265
21871,175.458631
21872,175.457998
21873,175.457365
21874,175.456731
21875,175.456098
21876,175.455465
21877,175.454832
21878,175.454199
21879,175.453566
21880,175.452933
21881,175.452300
21882,175.451667
21883,175.451034
21884,175.450401
21885,175.449768
21886,175.449136
21887,175.448503
21888,175.447871
21889,175.447238
21890,175.446606
21891,175.445973
21892,175.445341
21893,175.444709
21894,175.444076
21895,175.443444
21896,175.442812
21897,175.442180
21898,175.441548
21899,175.440916
21900,175.440284
21901,175.439652
21902,175.439021
21903,175.438389
21904,175.437757
21905,175.437126
21906,175.436494
21907,175.435862
21908,175.435231
21909,175.434600
21910,175.433968
21911,175.433337
21912,175.432706
21913,175.432075
21914,175.431443
21915,175.430812
21916,175.430181
21917,175.429550
21918,175.428919
21919,175.428289
21920,175.427658
21921,175.427027
21922,175.426396
21923,175.425766
21924,175.425135
21925,175.424504
21926,175.423874
21927,175.423244
21928,175.422613
21929,175.421983
21930,175.421353
21931,175.420722
21932,175.420092
21933,175.419462
21934,175.418832
21935,175.418202
21936,175.417572
21937,175.416942
21938,175.416312
21939,175.415683
21940,175.415053
21941,175.414423
21942,175.413794
21943,175.413164
21944,175.412535
21945,175.411905
21946,175.411276
21947,175.410646
21948,175.410017
21949,175.409388
21950,175.408759
21951,175.408130
21952,175.407501
21953,175.406871
21954,175.406243
21955,175.405614
21956,175.404985
21957,175.404356
21958,175.403727
21959,175.403099
21960,175.402470
21961,175.401841
21962,175.401213
21963,175.400584
21964,175.399956
21965,175.399328
21966,175.398699
21967,175.398071
21968,175.397443
21969,175.396815
21970,175.396187
21971,175.395558
21972,175.394930
21973,175.394303
21974,175.393675
21975,175.393047
21976,175.392419
21977,175.391791
21978,175.391164
21979,175.390536
21980,175.389909
21981,175.389281
21982,175.388654
21983,175.388026
21984,175.387399
21985,175.386772
21986,175.386144
21987,175.385517
21988,175.384890
21989,175.384263
21990,175.383636
21991,175.383009
21992,175.382382
21993,175.381755
21994,175.381128
21995,175.380502
21996,175.379875
21997,175.379248
21998,175.378622
21999,175.377995
22000,175.377369
22001,175.376742
22002,175.376116
22003,175.375490
22004,175.374864
22005,175.374237
22006,175.373611
22007,175.372985
22008,175.372359
22009,175.371733
22010,175.371107
22011,175.370481
22012,175.369855
22013,175.369230
22014,175.368604
22015,175.367978
22016,175.367353
22017,175.366727
22018,175.366102
22019,175.365476
22020,175.364851
22021,175.364225
22022,175.363600
22023,175.362975
22024,175.362350
22025,175.361725
22026,175.361100
22027,175.360475
22028,175.359850
22029,175.359225
22030,175.358600
22031,175.357975
22032,175.357350
22033,175.356726
22034,175.356101
22035,175.355476
22036,175.354852
22037,175.354227
22038,175.353603
22039,175.352979
22040,175.352354
22041,175.351730
22042,175.351106
22043,175.350482
22044,175.349858
22045,175.349234
22046,175.348610
22047,175.347986
22048,175.347362
22049,175.346738
22050,175.346114
22051,175.345490
22052,175.344867
22053,175.344243
22054,175.343620
22055,175.342996
22056,175.342373
22057,175.341749
22058,175.341126
22059,175.340503
22060,175.339879
22061,175.339256
22062,175.338633
22063,175.338010
22064,175.337387
22065,175.336764
22066,175.336141
22067,175.335518
22068,175.334895
22069,175.334273
22070,175.333650
22071,175.333027
22072,175.332405
22073,175.331782
22074,175.331160
22075,175.330537
22076,175.329915
22077,175.329293
22078,175.328670
22079,175.328048
22080,175.327426
22081,175.326804
22082,175.326182
22083,175.325560
22084,175.324938
22085,175.324316
22086,175.323694
22087,175.323072
22088,175.322451
22089,175.321829
22090,175.321207
22091,175.320586
22092,175.319964
22093,175.319343
22094,175.318721
22095,175.318100
22096,175.317479
22097,175.316857
22098,175.316236
22099,175.315615
22100,175.314994
22101,175.314373
22102,175.313752
22103,175.313131
22104,175.312510
22105,175.311889
22106,175.311268
22107,175.310648
22108,175.310027
22109,175.309406
22110,175.308786
22111,175.308165
22112,175.307545
22113,175.306925
22114,175.306304
22115,175.305684
22116,175.305064
22117,175.304444
22118,175.303823
22119,175.303203
22120,175.302583
22121,175.301963
22122,175.301343
22123,175.300724
22124,175.300104
22125,175.299484
22126,175.298864
22127,175.298245
22128,175.297625
22129,175.297006
22130,175.296386
22131,175.295767
22132,175.295147
22133,175.294528
22134,175.293909
22135,175.293289
22136,175.292670
22137,175.292051
22138,175.291432
22139,175.290813
22140,175.290194
22141,175.289575
22142,175.288956
22143,175.288338
22144,175.287719
22145,175.287100
22146,175.286482
22147,175.285863
22148,175.285244
22149,175.284626
22150,175.284008
22151,175.283389
22152,175.282771
22153,175.282153
22154,175.281534
22155,175.280916
22156,175.280298
22157,175.279680
22158,175.279062
22159,175.278444
22160,175.277826
22161,175.277209
22162,175.276591
22163,175.275973
22164,175.275355
22165,175.274738
22166,175.274120
22167,175.273503
22168,175.272885
22169,175.272268
22170,175.271650
22171,175.271033
22172,175.270416
22173,175.269799
22174,175.269182
22175,175.268565
22176,175.267947
22177,175.267331
22178,175.266714
22179,175.266097
22180,175.265480
22181,175.264863
22182,175.264246
22183,175.263630
22184,175.263013
22185,175.262397
22186,175.261780
22187,175.261164
22188,175.260547
22189,175.259931
22190,175.259315
22191,175.258698
22192,175.258082
22193,175.257466
22194,175.256850
22195,175.256234
22196,175.255618
22197,175.255002
22198,175.254386
22199,175.253770
22200,175.253155
22201,175.252539
22202,175.251923
22203,175.251308
22204,175.250692
22205,175.250077
22206,175.249461
22207,175.248846
22208,175.248231
22209,175.247615
22210,175.247000
22211,175.246385
22212,175.245770
22213,175.245155
22214,175.244540
22215,175.243925
22216,175.243310
22217,175.242695
22218,175.242080
22219,175.241465
22220,175.240851
22221,175.240236
22222,175.239622
22223,175.239007
22224,175.238393
22225,175.237778
22226,175.237164
22227,175.236549
22228,175.235935
22229,175.235321
22230,175.234707
22231,175.234093
22232,175.233479
22233,175.232865
22234,175.232251
22235,175.231637
22236,175.231023
22237,175.230409
22238,175.229795
22239,175.229182
22240,175.228568
22241,175.227954
22242,175.227341
22243,175.226727
22244,175.226114
22245,175.225501
22246,175.224887
22247,175.224274
22248,175.223661
22249,175.223048
22250,175.222435
22251,175.221822
22252,175.221209
22253,175.220596
22254,175.219983
22255,175.219370
22256,175.218757
22257,175.218144
22258,175.217532
22259,175.216919
22260,175.216306
22261,175.215694
22262,175.215081
22263,175.214469
22264,175.213857
22265,175.213244
22266,175.212632
22267,175.212020
22268,175.211408
22269,175.210796
22270,175.210184
22271,175.209572
22272,175.208960
22273,175.208348
22274,175.207736
22275,175.207124
22276,175.206512
22277,175.205901
22278,175.205289
22279,175.204678
22280,175.204066
22281,175.203455
22282,175.202843
22283,175.202232
22284,175.201620
22285,175.201009
22286,175.200398
22287,175.199787
22288,175.199176
22289,175.198565
22290,175.197954
22291,175.197343
22292,175.196732
22293,175.196121
22294,175.195510
22295,175.194900
22296,175.194289
22297,175.193678
22298,175.193068
22299,175.192457
22300,175.191847
22301,175.191236
22302,175.190626
22303,175.190016
22304,175.189405
22305,175.188795
22306,175.188185
22307,175.187575
22308,175.186965
22309,175.186355
22310,175.185745
22311,175.185135
22312,175.184525
22313,175.183915
22314,175.183306
22315,175.182696
22316,175.182086
22317,175.181477
22318,175.180867
22319,175.180258
22320,175.179648
22321,175.179039
22322,175.178430
22323,175.177820
22324,175.177211
22325,175.176602
22326,175.175993
22327,175.175384
22328,175.174775
22329,175.174166
22330,175.173557
22331,175.172948
22332,175.172340
22333,175.171731
22334,175.171122
22335,175.170513
22336,175.169905
22337,175.169296
22338,175.168688
22339,175.168080
22340,175.167471
22341,175.166863
22342,175.166255
22343,175.165646
22344,175.165038
22345,175.164430
22346,175.163822
22347,175.163214
22348,175.162606
22349,175.161998
22350,175.161390
22351,175.160783
22352,175.160175
22353,175.159567
22354,175.158960
22355,175.158352
22356,175.157744
22357,175.157137
22358,175.156530
22359,175.155922
22360,175.155315
22361,175.154708
22362,175.154100
22363,175.153493
22364,175.152886
22365,175.152279
22366,175.151672
22367,175.151065
22368,175.150458
22369,175.149851
22370,175.149245
22371,175.148638
22372,175.148031
22373,175.147425
22374,175.146818
22375,175.146211
22376,175.145605
22377,175.144999
22378,175.144392
22379,175.143786
22380,175.143180
22381,175.142573
22382,175.141967
22383,175.141361
22384,175.140755
22385,175.140149
22386,175.139543
22387,175.138937
22388,175.138331
22389,175.137726
22390,175.137120
22391,175.136514
22392,175.135908
22393,175.135303
22394,175.134697
22395,175.134092
22396,175.133486
22397,175.132881
22398,175.132276
22399,175.131670
22400,175.131065
22401,175.130460
22402,175.129855
22403,175.129250
22404,175.128645
22405,175.128040
22406,175.127435
22407,175.126830
22408,175.126225
22409,175.125621
22410,175.125016
22411,175.124411
22412,175.123807
22413,175.123202
22414,175.122598
22415,175.121993
22416,175.121389
22417,175.120784
22418,175.120180
22419,175.119576
22420,175.118972
22421,175.118368
22422,175.117764
22423,175.117159
22424,175.116556
22425,175.115952
22426,175.115348
22427,175.114744
22428,175.114140
22429,175.113536
22430,175.112933
22431,175.112329
22432,175.111726
22433,175.111122
22434,175.110519
22435,175.109915
22436,175.109312
22437,175.108709
22438,175.108105
22439,175.107502
22440,175.106899
22441,175.106296
22442,175.105693
22443,175.105090
22444,175.104487
22445,175.103884
22446,175.103281
22447,175.102679
22448,175.102076
22449,175.101473
22450,175.100871
22451,175.100268
22452,175.099665
22453,175.099063
22454,175.098461
22455,175.097858
22456,175.097256
22457,175.096654
22458,175.096051
22459,175.095449
22460,175.094847
22461,175.094245
22462,175.093643
22463,175.093041
22464,175.092439
22465,175.091837
22466,175.091236
22467,175.090634
22468,175.090032
22469,175.089431
22470,175.088829
22471,175.088228
22472,175.087626
22473,175.087025
22474,175.086423
22475,175.085822
22476,175.085221
22477,175.084619
22478,175.084018
22479,175.083417
22480,175.082816
22481,175.082215
22482,175.081614
22483,175.081013
22484,175.080412
22485,175.079812
22486,175.079211
22487,175.078610
22488,175.078010
22489,175.077409
22490,175.076808
22491,175.076208
22492,175.075607
22493,175.075007
22494,175.074407
22495,175.073806
22496,175.073206
22497,175.072606
22498,175.072006
22499,175.071406
22500,175.070806
22501,175.070206
22502,175.069606
22503,175.069006
22504,175.068406
22505,175.067806
22506,175.067207
22507,175.066607
22508,175.066007
22509,175.065408
22510,175.064808
22511,175.064209
22512,175.063610
22513,175.063010
22514,175.062411
22515,175.061812
22516,175.061212
22517,175.060613
22518,175.060014
22519,175.059415
22520,175.058816
22521,175.058217
22522,175.057618
22523,175.057019
22524,175.056421
22525,175.055822
22526,175.055223
22527,175.054625
22528,175.054026
22529,175.053428
22530,175.052829
22531,175.052231
22532,175.051632
22533,175.051034
22534,175.050436
22535,175.049837
22536,175.049239
22537,175.048641
22538,175.048043
22539,175.047445
22540,175.046847
22541,175.046249
22542,175.045651
22543,175.045054
22544,175.044456
22545,175.043858
22546,175.043261
22547,175.042663
22548,175.042065
22549,175.041468
22550,175.040870
22551,175.040273
22552,175.039676
22553,175.039078
22554,175.038481
22555,175.037884
22556,175.037287
22557,175.036690
22558,175.036093
22559,175.035496
22560,175.034899
22561,175.034302
22562,175.033705
22563,175.033108
22564,175.032512
22565,175.031915
22566,175.031318
22567,175.030722
22568,175.030125
22569,175.029529
22570,175.028932
22571,175.028336
22572,175.027740
22573,175.027143
22574,175.026547
22575,175.025951
22576,175.025355
22577,175.024759
22578,175.024163
22579,175.023567
22580,175.022971
22581,175.022375
22582,175.021779
22583,175.021184
22584,175.020588
22585,175.019992
22586,175.019397
22587,175.018801
22588,175.018206
22589,175.017610
22590,175.017015
22591,175.016420
22592,175.015824
22593,175.015229
22594,175.014634
22595,175.014039
22596,175.013444
22597,175.012849
22598,175.012254
22599,175.011659
22600,175.011064
22601,175.010469
22602,175.009874
22603,175.009280
22604,175.008685
22605,175.008090
22606,175.007496
22607,175.006901
22608,175.006307
22609,175.005712
22610,175.005118
22611,175.004524
22612,175.003929
22613,175.003335
22614,175.002741
22615,175.002147
22616,175.001553
22617,175.000959
22618,175.000365
22619,174.999771
22620,174.999177
22621,174.998583
22622,174.997990
22623,174.997396
22624,174.996802
22625,174.996209
22626,174.995615
22627,174.995022
22628,174.994428
22629,174.993835
22630,174.993242
22631,174.992648
22632,174.992055
22633,174.991462
22634,174.990869
22635,174.990276
22636,174.989683
22637,174.989090
22638,174.988497
22639,174.987904
22640,174.987311
22641,174.986718
22642,174.986126
22643,174.985533
22644,174.984940
22645,174.984348
22646,174.983755
22647,174.983163
22648,174.982570
22649,174.981978
22650,174.981386
22651,174.980793
22652,174.980201
22653,174.979609
22654,174.979017
22655,174.978425
22656,174.977833
22657,174.977241
22658,174.976649
22659,174.976057
22660,174.975465
22661,174.974874
22662,174.974282
22663,174.973690
22664,174.973099
22665,174.972507
22666,174.971916
22667,174.971324
22668,174.970733
22669,174.970141
22670,174.969550
22671,174.968959
22672,174.968368
22673,174.967777
22674,174.967185
22675,174.966594
22676,174.966003
22677,174.965413
22678,174.964822
22679,174.964231
22680,174.963640
22681,174.963049
22682,174.962459
22683,174.961868
22684,174.961277
22685,174.960687
22686,174.960096
22687,174.959506
22688,174.958916
22689,174.958325
22690,174.957735
22691,174.957145
22692,174.956555
22693,174.955965
22694,174.955374
22695,174.954784
22696,174.954194
22697,174.953605
22698,174.953015
22699,174.952425
22700,174.951835
22701,174.951245
22702,174.950656
22703,174.950066
22704,174.949477
22705,174.948887
22706,174.948298
22707,174.947708
22708,174.947119
22709,174.946530
22710,174.945940
22711,174.945351
22712,174.944762
22713,174.944173
22714,174.943584
22715,174.942995
22716,174.942406
22717,174.941817
22718,174.941228
22719,174.940639
22720,174.940051
22721,174.939462
22722,174.938873
22723,174.938285
22724,174.937696
22725,174.937108
22726,174.936519
22727,174.935931
22728,174.935342
22729,174.934754
22730,174.934166
22731,174.933578
22732,174.932990
22733,174.932401
22734,174.931813
22735,174.931225
22736,174.930638
22737,174.930050
22738,174.929462
22739,174.928874
22740,174.928286
22741,174.927699
22742,174.927111
22743,174.926523
22744,174.925936
22745,174.925348
22746,174.924761
22747,174.924174
22748,174.923586
22749,174.922999
22750,174.922412
22751,174.921825
22752,174.921237
22753,174.920650
22754,174.920063
22755,174.919476
22756,174.918889
22757,174.918303
22758,174.917716
22759,174.917129
22760,174.916542
22761,174.915956
22762,174.915369
22763,174.914782
22764,174.914196
22765,174.913609
22766,174.913023
22767,174.912437
22768,174.911850
22769,174.911264
22770,174.910678
22771,174.910092
22772,174.909506
22773,174.908920
22774,174.908334
22775,174.907748
22776,174.907162
22777,174.906576
22778,174.905990
22779,174.905404
22780,174.904819
22781,174.904233
22782,174.903647
22783,174.903062
22784,174.902476
22785,174.901891
22786,174.901305
22787,174.900720
22788,174.900135
22789,174.899549
22790,174.898964
22791,174.898379
22792,174.897794
22793,174.897209
22794,174.896624
22795,174.896039
22796,174.895454
22797,174.894869
22798,174.894284
22799,174.893700
22800,174.893115
22801,174.892530
22802,174.891946
22803,174.891361
22804,174.890777
22805,174.890192
22806,174.889608
22807,174.889024
22808,174.888439
22809,174.887855
22810,174.887271
22811,174.886687
22812,174.886103
22813,174.885519
22814,174.884935
22815,174.884351
22816,174.883767
22817,174.883183
22818,174.882599
22819,174.882015
22820,174.881432
22821,174.880848
22822,174.880264
22823,174.879681
22824,174.879097
22825,174.878514
22826,174.877931
22827,174.877347
22828,174.876764
22829,174.876181
22830,174.875597
22831,174.875014
22832,174.874431
22833,174.873848
22834,174.873265
22835,174.872682
22836,174.872099
22837,174.871517
22838,174.870934
22839,174.870351
22840,174.869768
22841,174.869186
22842,174.868603
22843,174.868021
22844,174.867438
22845,174.866856
22846,174.866273
22847,174.865691
22848,174.865109
22849,174.864526
22850,174.863944
22851,174.863362
22852,174.862780
22853,174.862198
22854,174.861616
22855,174.861034
22856,174.860452
22857,174.859870
22858,174.859289
22859,174.858707
22860,174.858125
22861,174.857544
22862,174.856962
22863,174.856381
22864,174.855799
22865,174.855218
22866,174.854636
22867,174.854055
22868,174.853474
22869,174.852892
22870,174.852311
22871,174.851730
22872,174.851149
22873,174.850568
22874,174.849987
22875,174.849406
22876,174.848825
22877,174.848244
22878,174.847664
22879,174.847083
22880,174.846502
22881,174.845922
22882,174.845341
22883,174.844760
22884,174.844180
22885,174.843600
22886,174.843019
22887,174.842439
22888,174.841859
22889,174.841278
22890,174.840698
22891,174.840118
22892,174.839538
22893,174.838958
22894,174.838378
22895,174.837798
22896,174.837218
22897,174.836638
22898,174.836059
22899,174.835479
22900,174.834899
22901,174.834320
22902,174.833740
22903,174.833160
22904,174.832581
22905,174.832002
22906,174.831422
22907,174.830843
22908,174.830264
22909,174.829684
22910,174.829105
22911,174.828526
22912,174.827947
22913,174.827368
22914,174.826789
22915,174.826210
22916,174.825631
22917,174.825052
22918,174.824473
22919,174.823895
22920,174.823316
22921,174.822737
22922,174.822159
22923,174.821580
22924,174.821002
22925,174.820423
22926,174.819845
22927,174.819267
22928,174.818688
22929,174.818110
22930,174.817532
22931,174.816954
22932,174.816376
22933,174.815798
22934,174.815220
22935,174.814642
22936,174.814064
22937,174.813486
22938,174.812908
22939,174.812331
22940,174.811753
22941,174.811175
22942,174.810598
22943,174.810020
22944,174.809443
22945,174.808865
22946,174.808288
22947,174.807711
22948,174.807133
22949,174.806556
22950,174.805979
22951,174.805402
22952,174.804825
22953,174.804248
22954,174.803671
22955,174.803094
22956,174.802517
22957,174.801940
22958,174.801363
22959,174.800787
22960,174.800210
22961,174.799633
22962,174.799057
22963,174.798480
22964,174.797904
22965,174.797327
22966,174.796751
22967,174.796174
22968,174.795598
22969,174.795022
22970,174.794446
22971,174.793870
22972,174.793294
22973,174.792717
22974,174.792141
22975,174.791566
22976,174.790990
22977,174.790414
22978,174.789838
22979,174.789262
22980,174.788687
22981,174.788111
22982,174.787535
22983,174.786960
22984,174.786384
22985,174.785809
22986,174.785234
22987,174.784658
22988,174.784083
22989,174.783508
22990,174.782932
22991,174.782357
22992,174.781782
22993,174.781207
22994,174.780632
22995,174.780057
22996,174.779482
22997,174.778907
22998,174.778333
22999,174.777758
23000,174.777183
23001,174.776609
23002,174.776034
23003,174.775459
23004,174.774885
23005,174.774310
23006,174.773736
23007,174.773162
23008,174.772587
23009,174.772013
23010,174.771439
23011,174.770865
23012,174.770291
23013,174.769717
23014,174.769143
23015,174.768569
23016,174.767995
23017,174.767421
23018,174.766847
23019,174.766273
23020,174.765700
23021,174.765126
23022,174.764552
23023,174.763979
23024,174.763405
23025,174.762832
23026,174.762258
23027,174.761685
23028,174.761112
23029,174.760538
23030,174.759965
23031,174.759392
23032,174.758819
23033,174.758246
23034,174.757673
23035,174.757100
23036,174.756527
23037,174.755954
23038,174.755381
23039,174.754809
23040,174.754236
23041,174.753663
23042,174.753091
23043,174.752518
23044,174.751945
23045,174.751373
23046,174.750801
23047,174.750228
23048,174.749656
23049,174.749084
23050,174.748511
23051,174.747939
23052,174.747367
23053,174.746795
23054,174.746223
23055,174.745651
23056,174.745079
23057,174.744507
23058,174.743935
23059,174.743364
23060,174.742792
23061,174.742220
23062,174.741649
23063,174.741077
23064,174.740505
23065,174.739934
23066,174.739362
23067,174.738791
23068,174.738220
23069,174.737648
23070,174.737077
23071,174.736506
23072,174.735935
23073,174.735364
23074,174.734793
23075,174.734222
23076,174.733651
23077,174.733080
23078,174.732509
23079,174.731938
23080,174.731368
23081,174.730797
23082,174.730226
23083,174.729656
23084,174.729085
23085,174.728515
23086,174.727944
23087,174.727374
23088,174.726803
23089,174.726233
23090,174.725663
23091,174.725093
23092,174.724522
23093,174.723952
23094,174.723382
23095,174.722812
23096,174.722242
23097,174.721672
23098,174.721102
23099,174.720533
23100,174.719963
23101,174.719393
23102,174.718824
23103,174.718254
23104,174.717684
23105,174.717115
23106,174.716545
23107,174.715976
23108,174.715407
23109,174.714837
23110,174.714268
23111,174.713699
23112,174.713130
23113,174.712560
23114,174.711991
23115,174.711422
23116,174.710853
23117,174.710284
23118,174.709716
23119,174.709147
23120,174.708578
23121,174.708009
23122,174.707441
23123,174.706872
23124,174.706303
23125,174.705735
23126,174.705166
23127,174.704598
23128,174.704029
23129,174.703461
23130,174.702893
23131,174.702325
23132,174.701756
23133,174.701188
23134,174.700620
23135,174.700052
23136,174.699484
23137,174.698916
23138,174.698348
23139,174.697780
23140,174.697213
23141,174.696645
23142,174.696077
23143,174.695509
23144,174.694942
23145,174.694374
23146,174.693807
23147,174.693239
23148,174.692672
23149,174.692105
23150,174.691537
23151,174.690970
23152,174.690403
23153,174.689836
23154,174.689269
23155,174.688701
23156,174.688134
23157,174.687567
23158,174.687001
23159,174.686434
23160,174.685867
23161,174.685300
23162,174.684733
23163,174.684167
23164,174.683600
23165,174.683033
23166,174.682467
23167,174.681900
23168,174.681334
23169,174.680768
23170,174.680201
23171,174.679635
23172,174.679069
23173,174.678503
23174,174.677936
23175,174.677370
23176,174.676804
23177,174.676238
23178,174.675672
23179,174.675106
23180,174.674541
23181,174.673975
23182,174.673409
23183,174.672843
23184,174.672278
23185,174.671712
23186,174.671147
23187,174.670581
23188,174.670016
23189,174.669450
23190,174.668885
23191,174.668320
23192,174.667754
23193,174.667189
23194,174.666624
23195,174.666059
23196,174.665494
23197,174.664929
23198,174.664364
23199,174.663799
23200,174.663234
23201,174.662669
23202,174.662104
23203,174.661540
23204,174.660975
23205,174.660410
23206,174.659846
23207,174.659281
23208,174.658717
23209,174.658152
23210,174.657588
23211,174.657024
23212,174.656459
23213,174.655895
23214,174.655331
23215,174.654767
23216,174.654203
23217,174.653639
23218,174.653075
23219,174.652511
23220,174.651947
23221,174.651383
23222,174.650819
23223,174.650255
23224,174.649692
23225,174.649128
23226,174.648564
23227,174.648001
23228,174.647437
23229,174.646874
23230,174.646310
23231,174.645747
23232,174.645184
23233,174.644621
23234,174.644057
23235,174.643494
23236,174.642931
23237,174.642368
23238,174.641805
23239,174.641242
23240,174.640679
23241,174.640116
23242,174.639553
23243,174.638991
23244,174.638428
23245,174.637865
23246,174.637302
23247,174.636740
23248,174.636177
23249,174.635615
23250,174.635052
23251,174.634490
23252,174.633928
23253,174.633365
23254,174.632803
23255,174.632241
23256,174.631679
23257,174.631117
23258,174.630555
23259,174.629993
23260,174.629431
23261,174.628869
23262,174.628307
23263,174.627745
23264,174.627183
23265,174.626622
23266,174.626060
23267,174.625498
23268,174.624937
23269,174.624375
23270,174.623814
23271,174.623252
23272,174.622691
23273,174.622130
23274,174.621568
23275,174.621007
23276,174.620446
23277,174.619885
23278,174.619324
23279,174.618763
23280,174.618202
23281,174.617641
23282,174.617080
23283,174.616519
23284,174.615958
23285,174.615398
23286,174.614837
23287,174.614276
23288,174.613716
23289,174.613155
23290,174.612594
23291,174.612034
23292,174.611474
23293,174.610913
23294,174.610353
23295,174.609793
23296,174.609232
23297,174.608672
23298,174.608112
23299,174.607552
23300,174.606992
23301,174.606432
23302,174.605872
23303,174.605312
23304,174.604753
23305,174.604193
23306,174.603633
23307,174.603073
23308,174.602514
23309,174.601954
23310,174.601395
23311,174.600835
23312,174.600276
23313,174.599716
23314,174.599157
23315,174.598598
23316,174.598038
23317,174.597479
23318,174.596920
23319,174.596361
23320,174.595802
23321,174.595243
23322,174.594684
23323,174.594125
23324,174.593566
23325,174.593007
23326,174.592449
23327,174.591890
23328,174.591331
23329,174.590772
23330,174.590214
23331,174.589655
23332,174.589097
23333,174.588538
23334,174.587980
23335,174.587422
23336,174.586863
23337,174.586305
23338,174.585747
23339,174.585189
23340,174.584631
23341,174.584073
23342,174.583515
23343,174.582957
23344,174.582399
23345,174.581841
23346,174.581283
23347,174.580726
23348,174.580168
23349,174.579610
23350,174.579053
23351,174.578495
23352,174.577937
23353,174.577380
23354,174.576823
23355,174.576265
23356,174.575708
23357,174.575151
23358,174.574593
23359,174.574036
23360,174.573479
23361,174.572922
23362,174.572365
23363,174.571808
23364,174.571251
23365,174.570694
23366,174.570137
23367,174.569581
23368,174.569024
23369,174.568467
23370,174.567910
23371,174.567354
23372,174.566797
23373,174.566241
23374,174.565684
23375,174.565128
23376,174.564572
23377,174.564015
23378,174.563459
23379,174.562903
23380,174.562347
23381,174.561790
23382,174.561234
23383,174.560678
23384,174.560122
23385,174.559566
23386,174.559011
23387,174.558455
23388,174.557899
23389,174.557343
23390,174.556787
23391,174.556232
23392,174.555676
23393,174.555121
23394,174.554565
23395,174.554010
23396,174.553454
23397,174.552899
23398,174.552344
23399,174.551788
23400,174.551233
23401,174.550678
23402,174.550123
23403,174.549568
23404,174.549013
23405,174.548458
23406,174.547903
23407,174.547348
23408,174.546793
23409,174.546238
23410,174.545684
23411,174.545129
23412,174.544574
23413,174.544020
23414,174.543465
23415,174.542911
23416,174.542356
23417,174.541802
23418,174.541248
23419,174.540693
23420,174.540139
23421,174.539585
23422,174.539031
23423,174.538477
23424,174.537922
23425,174.537368
23426,174.536814
23427,174.536261
23428,174.535707
23429,174.535153
23430,174.534599
23431,174.534045
23432,174.533492
23433,174.532938
23434,174.532384
23435,174.531831
23436,174.531277
23437,174.530724
23438,174.530171
23439,174.529617
23440,174.529064
23441,174.528511
23442,174.527957
23443,174.527404
23444,174.526851
23445,174.526298
23446,174.525745
23447,174.525192
23448,174.524639
23449,174.524086
23450,174.523534
23451,174.522981
23452,174.522428
23453,174.521875
23454,174.521323
23455,174.520770
23456,174.520218
23457,174.519665
23458,174.519113
23459,174.518560
23460,174.518008
23461,174.517456
23462,174.516903
23463,174.516351
23464,174.515799
23465,174.515247
23466,174.514695
23467,174.514143
23468,174.513591
23469,174.513039
23470,174.512487
23471,174.511935
23472,174.511383
23473,174.510832
23474,174.510280
23475,174.509728
23476,174.509177
23477,174.508625
23478,174.508074
23479,174.507522
23480,174.506971
23481,174.506420
23482,174.505868
23483,174.505317
23484,174.504766
23485,174.504215
23486,174.503664
23487,174.503113
23488,174.502562
23489,174.502011
23490,174.501460
23491,174.500909
23492,174.500358
23493,174.499807
23494,174.499256
23495,174.498706
23496,174.498155
23497,174.497605
23498,174.497054
23499,174.496503
23500,174.495953
23501,174.495403
23502,174.494852
23503,174.494302
23504,174.493752
23505,174.493202
23506,174.492651
23507,174.492101
23508,174.491551
23509,174.491001
23510,174.490451
23511,174.489901
23512,174.489351
23513,174.488802
23514,174.488252
23515,174.487702
23516,174.487152
23517,174.486603
23518,174.486053
23519,174.485504
23520,174.484954
23521,174.484405
23522,174.483855
23523,174.483306
23524,174.482757
23525,174.482207
23526,174.481658
23527,174.481109
23528,174.480560
23529,174.480011
23530,174.479462
23531,174.478913
23532,174.478364
23533,174.477815
23534,174.477266
23535,174.476717
23536,174.476169
23537,174.475620
23538,174.475071
23539,174.474523
23540,174.473974
23541,174.473426
23542,174.472877
23543,174.472329
23544,174.471780
23545,174.471232
23546,174.470684
23547,174.470136
23548,174.469587
23549,174.469039
23550,174.468491
23551,174.467943
23552,174.467395
23553,174.466847
23554,174.466299
23555,174.465752
23556,174.465204
23557,174.464656
23558,174.464108
23559,174.463561
23560,174.463013
23561,174.462465
23562,174.461918
23563,174.461370
23564,174.460823
23565,174.460276
23566,174.459728
23567,174.459181
23568,174.458634
23569,174.458087
23570,174.457540
23571,174.456992
23572,174.456445
23573,174.455898
23574,174.455352
23575,174.454805
23576,174.454258
23577,174.453711
23578,174.453164
23579,174.452618
23580,174.452071
23581,174.451524
23582,174.450978
23583,174.450431
23584,174.449885
23585,174.449338
23586,174.448792
23587,174.448246
23588,174.447699
23589,174.447153
23590,174.446607
23591,174.446061
23592,174.445515
23593,174.444969
23594,174.444423
23595,174.443877
23596,174.443331
23597,174.442785
23598,174.442239
23599,174.441693
23600,174.441148
23601,174.440602
23602,174.440056
23603,174.439511
23604,174.438965
23605,174.438420
23606,174.437874
23607,174.437329
23608,174.436783
23609,174.436238
23610,174.435693
23611,174.435148
23612,174.434603
23613,174.434057
23614,174.433512
23615,174.432967
23616,174.432422
23617,174.431877
23618,174.431333
23619,174.430788
23620,174.430243
23621,174.429698
23622,174.429154
23623,174.428609
23624,174.428064
23625,174.427520
23626,174.426975
23627,174.426431
23628,174.425886
23629,174.425342
23630,174.424798
23631,174.424254
23632,174.423709
23633,174.423165
23634,174.422621
23635,174.422077
23636,174.421533
23637,174.420989
23638,174.420445
23639,174.419901
23640,174.419357
23641,174.418813
23642,174.418270
23643,174.417726
23644,174.417182
23645,174.416639
23646,174.416095
23647,174.415552
23648,174.415008
23649,174.414465
23650,174.413921
23651,174.413378
23652,174.412835
23653,174.412292
23654,174.411748
23655,174.411205
23656,174.410662
23657,174.410119
23658,174.409576
23659,174.409033
23660,174.408490
23661,174.407947
23662,174.407405
23663,174.406862
23664,174.406319
23665,174.405776
23666,174.405234
23667,174.404691
23668,174.404149
23669,174.403606
23670,174.403064
23671,174.402521
23672,174.401979
23673,174.401437
23674,174.400895
23675,174.400352
23676,174.399810
23677,174.399268
23678,174.398726
23679,174.398184
23680,174.397642
23681,174.397100
23682,174.396558
23683,174.396016
23684,174.395475
23685,174.394933
23686,174.394391
23687,174.393850
23688,174.393308
23689,174.392766
23690,174.392225
23691,174.391684
23692,174.391142
23693,174.390601
23694,174.390059
23695,174.389518
23696,174.388977
23697,174.388436
23698,174.387895
23699,174.387354
23700,174.386813
23701,174.386272
23702,174.385731
23703,174.385190
23704,174.384649
23705,174.384108
23706,174.383567
23707,174.383027
23708,174.382486
23709,174.381945
23710,174.381405
23711,174.380864
23712,174.380324
23713,174.379783
23714,174.379243
23715,174.378703
23716,174.378162
23717,174.377622
23718,174.377082
23719,174.376542
23720,174.376002
23721,174.375462
23722,174.374922
23723,174.374382
23724,174.373842
23725,174.373302
23726,174.372762
23727,174.372222
23728,174.371682
23729,174.371143
23730,174.370603
23731,174.370064
23732,174.369524
23733,174.368985
23734,174.368445
23735,174.367906
23736,174.367366
23737,174.366827
23738,174.366288
23739,174.365749
23740,174.365209
23741,174.364670
23742,174.364131
23743,174.363592
23744,174.363053
23745,174.362514
23746,174.361975
23747,174.361436
23748,174.360898
23749,174.360359
23750,174.359820
23751,174.359282
23752,174.358743
23753,174.358204
23754,174.357666
23755,174.357127
23756,174.356589
23757,174.356051
23758,174.355512
23759,174.354974
23760,174.354436
23761,174.353898
23762,174.353359
23763,174.352821
23764,174.352283
23765,174.351745
23766,174.351207
23767,174.350669
23768,174.350131
23769,174.349594
23770,174.349056
23771,174.348518
23772,174.347980
23773,174.347443
23774,174.346905
23775,174.346368
23776,174.345830
23777,174.345293
23778,174.344755
23779,174.344218
23780,174.343681
23781,174.343143
23782,174.342606
23783,174.342069
23784,174.341532
23785,174.340995
23786,174.340458
23787,174.339921
23788,174.339384
23789,174.338847
23790,174.338310
23791,174.337773
23792,174.337236
23793,174.336700
23794,174.336163
23795,174.335626
23796,174.335090
23797,174.334553
23798,174.334017
23799,174.333480
23800,174.332944
23801,174.332408
23802,174.331871
23803,174.331335
23804,174.330799
23805,174.330263
23806,174.329727
23807,174.329191
23808,174.328655
23809,174.328119
23810,174.327583
23811,174.327047
23812,174.326511
23813,174.325975
23814,174.325439
23815,174.324904
23816,174.324368
23817,174.323832
23818,174.323297
23819,174.322761
23820,174.322226
23821,174.321691
23822,174.321155
23823,174.320620
23824,174.320085
23825,174.319549
23826,174.319014
23827,174.318479
23828,174.317944
23829,174.317409
23830,174.316874
23831,174.316339
23832,174.315804
23833,174.315269
23834,174.314734
23835,174.314200
23836,174.313665
23837,174.313130
23838,174.312595
23839,174.312061
23840,174.311526
23841,174.310992
23842,174.310457
23843,174.309923
23844,174.309389
23845,174.308854
23846,174.308320
23847,174.307786
23848,174.307252
23849,174.306718
23850,174.306183
23851,174.305649
23852,174.305115
23853,174.304581
23854,174.304048
23855,174.303514
23856,174.302980
23857,174.302446
23858,174.301912
23859,174.301379
23860,174.300845
23861,174.300312
23862,174.299778
23863,174.299245
23864,174.298711
23865,174.298178
23866,174.297644
23867,174.297111
23868,174.296578
23869,174.296045
23870,174.295511
23871,174.294978
23872,174.294445
23873,174.293912
23874,174.293379
23875,174.292846
23876,174.292313
23877,174.291781
23878,174.291248
23879,174.290715
23880,174.290182
23881,174.289650
23882,174.289117
23883,174.288585
23884,174.288052
23885,174.287520
23886,174.286987
23887,174.286455
23888,174.285922
23889,174.285390
23890,174.284858
23891,174.284326
23892,174.283794
23893,174.283261
23894,174.282729
23895,174.282197
23896,174.281665
23897,174.281133
23898,174.280602
23899,174.280070
23900,174.279538
23901,174.279006
23902,174.278475
23903,174.277943
23904,174.277411
23905,174.276880
23906,174.276348
23907,174.275817
23908,174.275285
23909,174.274754
23910,174.274223
23911,174.273691
23912,174.273160
23913,174.272629
23914,174.272098
23915,174.271567
23916,174.271036
23917,174.270505
23918,174.269974
23919,174.269443
23920,174.268912
23921,174.268381
23922,174.267850
23923,174.267320
23924,174.266789
23925,174.266258
23926,174.265728
23927,174.265197
23928,174.264667
23929,174.264136
23930,174.263606
23931,174.263075
23932,174.262545
23933,174.262015
23934,174.261485
23935,174.260954
23936,174.260424
23937,174.259894
23938,174.259364
23939,174.258834
23940,174.258304
23941,174.257774
23942,174.257244
23943,174.256715
23944,174.256185
23945,174.255655
23946,174.255125
23947,174.254596
23948,174.254066
23949,174.253537
23950,174.253007
23951,174.252478
23952,174.251948
23953,174.251419
23954,174.250890
23955,174.250360
23956,174.249831
23957,174.249302
23958,174.248773
23959,174.248244
23960,174.247715
23961,174.247186
23962,174.246657
23963,174.246128
23964,174.245599
23965,174.245070
23966,174.244541
23967,174.244013
23968,174.243484
23969,174.242955
23970,174.242427
23971,174.241898
23972,174.241370
23973,174.240841
23974,174.240313
23975,174.239785
23976,174.239256
23977,174.238728
23978,174.238200
23979,174.237672
23980,174.237143
23981,174.236615
23982,174.236087
23983,174.235559
23984,174.235031
23985,174.234503
23986,174.233976
23987,174.233448
23988,174.232920
23989,174.232392
23990,174.231865
23991,174.231337
23992,174.230809
23993,174.230282
23994,174.229754
23995,174.229227
23996,174.228700
23997,174.228172
23998,174.227645
23999,174.227118
24000,174.226590
24001,174.226063
24002,174.225536
24003,174.225009
24004,174.224482
24005,174.223955
24006,174.223428
24007,174.222901
24008,174.222374
24009,174.221847
24010,174.221321
24011,174.220794
24012,174.220267
24013,174.219741
24014,174.219214
24015,174.218688
24016,174.218161
24017,174.217635
24018,174.217108
24019,174.216582
24020,174.216056
24021,174.215529
24022,174.215003
24023,174.214477
24024,174.213951
24025,174.213425
24026,174.212899
24027,174.212373
24028,174.211847
24029,174.211321
24030,174.210795
24031,174.210269
24032,174.209743
24033,174.209218
24034,174.208692
24035,174.208166
24036,174.207641
24037,174.207115
24038,174.206590
24039,174.206064
24040,174.205539
24041,174.205014
24042,174.204488
24043,174.203963
24044,174.203438
24045,174.202913
24046,174.202387
24047,174.201862
24048,174.201337
24049,174.200812
24050,174.200287
24051,174.199762
24052,174.199238
24053,174.198713
24054,174.198188
24055,174.197663
24056,174.197139
24057,174.196614
24058,174.196089
24059,174.195565
24060,174.195040
24061,174.194516
24062,174.193991
24063,174.193467
24064,174.192943
24065,174.192418
24066,174.191894
24067,174.191370
24068,174.190846
24069,174.190322
24070,174.189798
24071,174.189274
24072,174.188750
24073,174.188226
24074,174.187702
24075,174.187178
24076,174.186654
24077,174.186131
24078,174.185607
24079,174.185083
24080,174.184560
24081,174.184036
24082,174.183513
24083,174.182989
24084,174.182466
24085,174.181943
24086,174.181419
24087,174.180896
24088,174.180373
24089,174.179849
24090,174.179326
24091,174.178803
24092,174.178280
24093,174.177757
24094,174.177234
24095,174.176711
24096,174.176188
24097,174.175666
24098,174.175143
24099,174.174620
24100,174.174097
24101,174.173575
24102,174.173052
24103,174.172530
24104,174.172007
24105,174.171485
24106,174.170962
24107,174.170440
24108,174.169917
24109,174.169395
24110,174.168873
24111,174.168351
24112,174.167829
24113,174.167306
24114,174.166784
24115,174.166262
24116,174.165740
24117,174.165218
24118,174.164697
24119,174.164175
24120,174.163653
24121,174.163131
24122,174.162610
24123,174.162088
24124,174.161566
24125,174.161045
24126,174.160523
24127,174.160002
24128,174.159480
24129,174.158959
24130,174.158438
24131,174.157916
24132,174.157395
24133,174.156874
24134,174.156353
24135,174.155831
24136,174.155310
24137,174.154789
24138,174.154268
24139,174.153747
24140,174.153227
24141,174.152706
24142,174.152185
24143,174.151664
24144,174.151143
24145,174.150623
24146,174.150102
24147,174.149582
24148,174.149061
24149,174.148541
24150,174.148020
24151,174.147500
24152,174.146979
24153,174.146459
24154,174.145939
24155,174.145419
24156,174.144898
24157,174.144378
24158,174.143858
24159,174.143338
24160,174.142818
24161,174.142298
24162,174.141778
24163,174.141258
24164,174.140739
24165,174.140219
24166,174.139699
24167,174.139179
24168,174.138660
24169,174.138140
24170,174.137621
24171,174.137101
24172,174.136582
24173,174.136062
24174,174.135543
24175,174.135024
24176,174.134504
24177,174.133985
24178,174.133466
24179,174.132947
24180,174.132428
24181,174.131909
24182,174.131390
24183,174.130871
24184,174.130352
24185,174.129833
24186,174.129314
24187,174.128795
24188,174.128276
24189,174.127758
24190,174.127239
24191,174.126720
24192,174.126202
24193,174.125683
24194,174.125165
24195,174.124646
24196,174.124128
24197,174.123610
24198,174.123091
24199,174.122573
24200,174.122055
24201,174.121537
24202,174.121019
24203,174.120501
24204,174.119983
24205,174.119465
24206,174.118947
24207,174.118429
24208,174.117911
24209,174.117393
24210,174.116875
24211,174.116358
24212,174.115840
24213,174.115322
24214,174.114805
24215,174.114287
24216,174.113770
24217,174.113252
24218,174.112735
24219,174.112218
24220,174.111700
24221,174.111183
24222,174.110666
24223,174.110149
24224,174.109631
24225,174.109114
24226,174.108597
24227,174.108080
24228,174.107563
24229,174.107046
24230,174.106530
24231,174.106013
24232,174.105496
24233,174.104979
24234,174.104463
24235,174.103946
24236,174.103429
24237,174.102913
24238,174.102396
24239,174.101880
24240,174.101363
24241,174.100847
24242,174.100331
24243,174.099814
24244,174.099298
24245,174.098782
24246,174.098266
24247,174.097750
24248,174.097234
24249,174.096718
24250,174.096202
24251,174.095686
24252,174.095170
24253,174.094654
24254,174.094138
24255,174.093622
24256,174.093107
24257,174.092591
24258,174.092075
24259,174.091560
24260,174.091044
24261,174.090529
24262,174.090013
24263,174.089498
24264,174.088983
24265,174.088467
24266,174.087952
24267,174.087437
24268,174.086922
24269,174.086406
24270,174.085891
24271,174.085376
24272,174.084861
24273,174.084346
24274,174.083831
24275,174.083317
24276,174.082802
24277,174.082287
24278,174.081772
24279,174.081258
24280,174.080743
24281,174.080228
24282,174.079714
24283,174.079199
24284,174.078685
24285,174.078170
24286,174.077656
24287,174.077142
24288,174.076627
24289,174.076113
24290,174.075599
24291,174.075085
24292,174.074571
24293,174.074057
24294,174.073542
24295,174.073029
24296,174.072515
24297,174.072001
24298,174.071487
24299,174.070973
24300,174.070459
24301,174.069946
24302,174.069432
24303,174.068918
24304,174.068405
24305,174.067891
24306,174.067378
24307,174.066864
24308,174.066351
24309,174.065837
24310,174.065324
24311,174.064811
24312,174.064298
24313,174.063784
24314,174.063271
24315,174.062758
24316,174.062245
24317,174.061732
24318,174.061219
24319,174.060706
24320,174.060193
24321,174.059681
24322,174.059168
24323,174.058655
24324,174.058142
24325,174.057630
24326,174.057117
24327,174.056605
24328,174.056092
24329,174.055580
24330,174.055067
24331,174.054555
24332,174.054042
24333,174.053530
24334,174.053018
24335,174.052506
24336,174.051993
24337,174.051481
24338,174.050969
24339,174.050457
24340,174.049945
24341,174.049433
24342,174.048921
24343,174.048410
24344,174.047898
24345,174.047386
24346,174.046874
24347,174.046363
24348,174.045851
24349,174.045339
24350,174.044828
24351,174.044316
24352,174.043805
24353,174.043293
24354,174.042782
24355,174.042271
24356,174.041759
24357,174.041248
24358,174.040737
24359,174.040226
24360,174.039715
24361,174.039204
24362,174.038693
24363,174.038182
24364,174.037671
24365,174.037160
24366,174.036649
24367,174.036138
24368,174.035627
24369,174.035117
24370,174.034606
24371,174.034095
24372,174.033585
24373,174.033074
24374,174.032564
24375,174.032053
24376,174.031543
24377,174.031033
24378,174.030522
24379,174.030012
24380,174.029502
24381,174.028992
24382,174.028481
24383,174.027971
24384,174.027461
24385,174.026951
24386,174.026441
24387,174.025931
24388,174.025422
24389,174.024912
24390,174.024402
24391,174.023892
24392,174.023382
24393,174.022873
24394,174.022363
24395,174.021854
24396,174.021344
24397,174.020835
24398,174.020325
24399,174.019816
24400,174.019306
24401,174.018797
24402,174.018288
24403,174.017779
24404,174.017270
24405,174.016760
24406,174.016251
24407,174.015742
24408,174.015233
24409,174.014724
24410,174.014215
24411,174.013707
24412,174.013198
24413,174.012689
24414,174.012180
24415,174.011672
24416,174.011163
24417,174.010654
24418,174.010146
24419,174.009637
24420,174.009129
24421,174.008620
24422,174.008112
24423,174.007604
24424,174.007095
24425,174.006587
24426,174.006079
24427,174.005571
24428,174.005063
24429,174.004554
24430,174.004046
24431,174.003538
24432,174.003030
24433,174.002523
24434,174.002015
24435,174.001507
24436,174.000999
24437,174.000491
24438,173.999984
24439,173.999476
24440,173.998968
24441,173.998461
24442,173.997953
24443,173.997446
24444,173.996939
24445,173.996431
24446,173.995924
24447,173.995417
24448,173.994909
24449,173.994402
24450,173.993895
24451,173.993388
24452,173.992881
24453,173.992374
24454,173.991867
24455,173.991360
24456,173.990853
24457,173.990346
24458,173.989839
24459,173.989332
24460,173.988826
24461,173.988319
24462,173.987812
24463,173.987306
24464,173.986799
24465,173.986293
24466,173.985786
24467,173.985280
24468,173.984774
24469,173.984267
24470,173.983761
24471,173.983255
24472,173.982749
24473,173.982242
24474,173.981736
24475,173.981230
24476,173.980724
24477,173.980218
24478,173.979712
24479,173.979206
24480,173.978701
24481,173.978195
24482,173.977689
24483,173.977183
24484,173.976678
24485,173.976172
24486,173.975666
24487,173.975161
24488,173.974655
24489,173.974150
24490,173.973644
24491,173.973139
24492,173.972634
24493,173.972128
24494,173.971623
24495,173.971118
24496,173.970613
24497,173.970108
24498,173.969603
24499,173.969098
24500,173.968593
24501,173.968088
24502,173.967583
24503,173.967078
24504,173.966573
24505,173.966068
24506,173.965564
24507,173.965059
24508,173.964554
24509,173.964050
24510,173.963545
24511,173.963041
24512,173.962536
24513,173.962032
24514,173.961528
24515,173.961023
24516,173.960519
24517,173.960015
24518,173.959511
24519,173.959006
24520,173.958502
24521,173.957998
24522,173.957494
24523,173.956990
24524,173.956486
24525,173.955982
24526,173.955479
24527,173.954975
24528,173.954471
24529,173.953967
24530,173.953464
24531,173.952960
24532,173.952456
24533,173.951953
24534,173.951449
24535,173.950946
24536,173.950443
24537,173.949939
24538,173.949436
24539,173.948933
24540,173.948429
24541,173.947926
24542,173.947423
24543,173.946920
24544,173.946417
24545,173.945914
24546,173.945411
24547,173.944908
24548,173.944405
24549,173.943902
24550,173.943399
24551,173.942897
24552,173.942394
24553,173.941891
24554,173.941389
24555,173.940886
24556,173.940383
24557,173.939881
24558,173.939378
24559,173.938876
24560,173.938374
24561,173.937871
24562,173.937369
24563,173.936867
24564,173.936365
24565,173.935862
24566,173.935360
24567,173.934858
24568,173.934356
24569,173.933854
24570,173.933352
24571,173.932850
24572,173.932349
24573,173.931847
24574,173.931345
24575,173.930843
24576,173.930342
24577,173.929840
24578,173.929338
24579,173.928837
24580,173.928335
24581,173.927834
24582,173.927332
24583,173.926831
24584,173.926330
24585,173.925828
24586,173.925327
24587,173.924826
24588,173.924325
24589,173.923824
24590,173.923323
24591,173.922822
24592,173.922321
24593,173.921820
24594,173.921319
24595,173.920818
24596,173.920317
24597,173.919816
24598,173.919316
24599,173.918815
24600,173.918314
24601,173.917814
24602,173.917313
24603,173.916813
24604,173.916312
24605,173.915812
24606,173.915311
24607,173.914811
24608,173.914311
24609,173.913810
24610,173.913310
24611,173.912810
24612,173.912310
24613,173.911810
24614,173.911310
24615,173.910810
24616,173.910310
24617,173.909810
24618,173.909310
24619,173.908810
24620,173.908310
24621,173.907811
24622,173.907311
24623,173.906811
24624,173.906312
24625,173.905812
24626,173.905313
24627,173.904813
24628,173.904314
24629,173.903814
24630,173.903315
24631,173.902816
24632,173.902316
24633,173.901817
24634,173.901318
24635,173.900819
24636,173.900320
24637,173.899821
24638,173.899322
24639,173.898823
24640,173.898324
24641,173.897825
24642,173.897326
24643,173.896827
24644,173.896329
24645,173.895830
24646,173.895331
24647,173.894833
24648,173.894334
24649,173.893836
24650,173.893337
24651,173.892839
24652,173.892340
24653,173.891842
24654,173.891344
24655,173.890845
24656,173.890347
24657,173.889849
24658,173.889351
24659,173.888853
24660,173.888355
24661,173.887857
24662,173.887359
24663,173.886861
24664,173.886363
24665,173.885865
24666,173.885367
24667,173.884869
24668,173.884372
24669,173.883874
24670,173.883376
24671,173.882879
24672,173.882381
24673,173.881884
24674,173.881386
24675,173.880889
24676,173.880391
24677,173.879894
24678,173.879397
24679,173.878900
24680,173.878402
24681,173.877905
24682,173.877408
24683,173.876911
24684,173.876414
24685,173.875917
24686,173.875420
24687,173.874923
24688,173.874426
24689,173.873929
24690,173.873433
24691,173.872936
24692,173.872439
24693,173.871943
24694,173.871446
24695,173.870949
24696,173.870453
24697,173.869956
24698,173.869460
24699,173.868964
24700,173.868467
24701,173.867971
24702,173.867475
24703,173.866979
24704,173.866482
24705,173.865986
24706,173.865490
24707,173.864994
24708,173.864498
24709,173.864002
24710,173.863506
24711,173.863010
24712,173.862514
24713,173.862019
24714,173.861523
24715,173.861027
24716,173.860532
24717,173.860036
24718,173.859540
24719,173.859045
24720,173.858549
24721,173.858054
24722,173.857559
24723,173.857063
24724,173.856568
24725,173.856073
24726,173.855577
24727,173.855082
24728,173.854587
24729,173.854092
24730,173.853597
24731,173.853102
24732,173.852607
24733,173.852112
24734,173.851617
24735,173.851122
24736,173.850627
24737,173.850133
24738,173.849638
24739,173.849143
24740,173.848649
24741,173.848154
24742,173.847659
24743,173.847165
24744,173.846670
24745,173.846176
24746,173.845682
24747,173.845187
24748,173.844693
24749,173.844199
24750,173.843704
24751,173.843210
24752,173.842716
24753,173.842222
24754,173.841728
24755,173.841234
24756,173.840740
24757,173.840246
24758,173.839752
24759,173.839259
24760,173.838765
24761,173.838271
24762,173.837777
24763,173.837284
24764,173.836790
24765,173.836296
24766,173.835803
24767,173.835309
24768,173.834816
24769,173.834323
24770,173.833829
24771,173.833336
24772,173.832843
24773,173.832349
24774,173.831856
24775,173.831363
24776,173.830870
24777,173.830377
24778,173.829884
24779,173.829391
24780,173.828898
24781,173.828405
24782,173.827912
24783,173.827419
24784,173.826927
24785,173.826434
24786,173.825941
24787,173.825449
24788,173.824956
24789,173.824463
24790,173.823971
24791,173.823478
24792,173.822986
24793,173.822494
24794,173.822001
24795,173.821509
24796,173.821017
24797,173.820525
24798,173.820032
24799,173.819540
24800,173.819048
24801,173.818556
24802,173.818064
24803,173.817572
24804,173.817080
24805,173.816588
24806,173.816097
24807,173.815605
24808,173.815113
24809,173.814621
24810,173.814130
24811,173.813638
24812,173.813146
24813,173.812655
24814,173.812163
24815,173.811672
24816,173.811181
24817,173.810689
24818,173.810198
24819,173.809707
24820,173.809215
24821,173.808724
24822,173.808233
24823,173.807742
24824,173.807251
24825,173.806760
24826,173.806269
24827,173.805778
24828,173.805287
24829,173.804796
24830,173.804305
24831,173.803815
24832,173.803324
24833,173.802833
24834,173.802342
24835,173.801852
24836,173.801361
24837,173.800871
24838,173.800380
24839,173.799890
24840,173.799399
24841,173.798909
24842,173.798419
24843,173.797929
24844,173.797438
24845,173.796948
24846,173.796458
24847,173.795968
24848,173.795478
24849,173.794988
24850,173.794498
24851,173.794008
24852,173.793518
24853,173.793028
24854,173.792538
24855,173.792049
24856,173.791559
24857,173.791069
24858,173.790580
24859,173.790090
24860,173.789600
24861,173.789111
24862,173.788622
24863,173.788132
24864,173.787643
24865,173.787153
24866,173.786664
24867,173.786175
24868,173.785686
24869,173.785196
24870,173.784707
24871,173.784218
24872,173.783729
24873,173.783240
24874,173.782751
24875,173.782262
24876,173.781773
24877,173.781285
24878,173.780796
24879,173.780307
24880,173.779818
24881,173.779330
24882,173.778841
24883,173.778353
24884,173.777864
24885,173.777376
24886,173.776887
24887,173.776399
24888,173.775910
24889,173.775422
24890,173.774934
24891,173.774445
24892,173.773957
24893,173.773469
24894,173.772981
24895,173.772493
24896,173.772005
24897,173.771517
24898,173.771029
24899,173.770541
24900,173.770053
24901,173.769565
24902,173.769078
24903,173.768590
24904,173.768102
24905,173.767614
24906,173.767127
24907,173.766639
24908,173.766152
24909,173.765664
24910,173.765177
24911,173.764689
24912,173.764202
24913,173.763715
24914,173.763227
24915,173.762740
24916,173.762253
24917,173.761766
24918,173.761279
24919,173.760792
24920,173.760305
24921,173.759818
24922,173.759331
24923,173.758844
24924,173.758357
24925,173.757870
24926,173.757383
24927,173.756897
24928,173.756410
24929,173.755923
24930,173.755437
24931,173.754950
24932,173.754464
24933,173.753977
24934,173.753491
24935,173.753004
24936,173.752518
24937,173.752032
24938,173.751545
24939,173.751059
24940,173.750573
24941,173.750087
24942,173.749601
24943,173.749115
24944,173.748629
24945,173.748143
24946,173.747657
24947,173.747171
24948,173.746685
24949,173.746199
24950,173.745714
24951,173.745228
24952,173.744742
24953,173.744256
24954,173.743771
24955,173.743285
24956,173.742800
24957,173.742314
24958,173.741829
24959,173.741344
24960,173.740858
24961,173.740373
24962,173.739888
24963,173.739402
24964,173.738917
24965,173.738432
24966,173.737947
24967,173.737462
24968,173.736977
24969,173.736492
24970,173.736007
24971,173.735522
24972,173.735037
24973,173.734552
24974,173.734068
24975,173.733583
24976,173.733098
24977,173.732614
24978,173.732129
24979,173.731645
24980,173.731160
24981,173.730676
24982,173.730191
24983,173.729707
24984,173.729222
24985,173.728738
24986,173.728254
24987,173.727770
24988,173.727285
24989,173.726801
24990,173.726317
24991,173.725833
24992,173.725349
24993,173.724865
24994,173.724381
24995,173.723897
24996,173.723414
24997,173.722930
24998,173.722446
24999,173.721962
25000,173.721479
25001,173.720995
25002,173.720511
25003,173.720028
25004,173.719544
25005,173.719061
25006,173.718577
25007,173.718094
25008,173.717611
25009,173.717127
25010,173.716644
25011,173.716161
25012,173.715678
25013,173.715195
25014,173.714712
25015,173.714228
25016,173.713745
25017,173.713262
25018,173.712780
25019,173.712297
25020,173.711814
25021,173.711331
25022,173.710848
25023,173.710366
25024,173.709883
25025,173.709400
25026,173.708918
25027,173.708435
25028,173.707953
25029,173.707470
25030,173.706988
25031,173.706505
25032,173.706023
25033,173.705541
25034,173.705058
25035,173.704576
25036,173.704094
25037,173.703612
25038,173.703130
25039,173.702648
25040,173.702166
25041,173.701684
25042,173.701202
25043,173.700720
25044,173.700238
25045,173.699756
25046,173.699274
25047,173.698793
25048,173.698311
25049,173.697829
25050,173.697348
25051,173.696866
25052,173.696385
25053,173.695903
25054,173.695422
25055,173.694940
25056,173.694459
25057,173.693978
25058,173.693497
25059,173.693015
25060,173.692534
25061,173.692053
25062,173.691572
25063,173.691091
25064,173.690610
25065,173.690129
25066,173.689648
25067,173.689167
25068,173.688686
25069,173.688205
25070,173.687725
25071,173.687244
25072,173.686763
25073,173.686283
25074,173.685802
25075,173.685321
25076,173.684841
25077,173.684360
25078,173.683880
25079,173.683400
25080,173.682919
25081,173.682439
25082,173.681959
25083,173.681478
25084,173.680998
25085,173.680518
25086,173.680038
25087,173.679558
25088,173.679078
25089,173.678598
25090,173.678118
25091,173.677638
25092,173.677158
25093,173.676678
25094,173.676199
25095,173.675719
25096,173.675239
25097,173.674760
25098,173.674280
25099,173.673800
25100,173.673321
25101,173.672841
25102,173.672362
25103,173.671883
25104,173.671403
25105,173.670924
25106,173.670445
25107,173.669965
25108,173.669486
25109,173.669007
25110,173.668528
25111,173.668049
25112,173.667570
25113,173.667091
25114,173.666612
25115,173.666133
25116,173.665654
25117,173.665175
25118,173.664696
25119,173.664218
25120,173.663739
25121,173.663260
25122,173.662782
25123,173.662303
25124,173.661825
25125,173.661346
25126,173.660868
25127,173.660389
25128,173.659911
25129,173.659433
25130,173.658954
25131,173.658476
25132,173.657998
25133,173.657520
25134,173.657042
25135,173.656563
25136,173.656085
25137,173.655607
25138,173.655130
25139,173.654652
25140,173.654174
25141,173.653696
25142,173.653218
25143,173.652740
25144,173.652263
25145,173.651785
25146,173.651307
25147,173.650830
25148,173.650352
25149,173.649875
25150,173.649397
25151,173.648920
25152,173.648442
25153,173.647965
25154,173.647488
25155,173.647011
25156,173.646533
25157,173.646056
25158,173.645579
25159,173.645102
25160,173.644625
25161,173.644148
25162,173.643671
25163,173.643194
25164,173.642717
25165,173.642240
25166,173.641763
25167,173.641287
25168,173.640810
25169,173.640333
25170,173.639857
25171,173.639380
25172,173.638903
25173,173.638427
25174,173.637950
25175,173.637474
25176,173.636998
25177,173.636521
25178,173.636045
25179,173.635569
25180,173.635092
25181,173.634616
25182,173.634140
25183,173.633664
25184,173.633188
25185,173.632712
25186,173.632236
25187,173.631760
25188,173.631284
25189,173.630808
25190,173.630332
25191,173.629857
25192,173.629381
25193,173.628905
25194,173.628430
25195,173.627954
25196,173.627478
25197,173.627003
25198,173.626527
25199,173.626052
25200,173.625576
25201,173.625101
25202,173.624626
25203,173.624150
25204,173.623675
25205,173.623200
25206,173.622725
25207,173.622250
25208,173.621775
25209,173.621300
25210,173.620825
25211,173.620350
25212,173.619875
25213,173.619400
25214,173.618925
25215,173.618450
25216,173.617975
25217,173.617501
25218,173.617026
25219,173.616551
25220,173.616077
25221,173.615602
25222,173.615128
25223,173.614653
25224,173.614179
25225,173.613704
25226,173.613230
25227,173.612756
25228,173.612282
25229,173.611807
25230,173.611333
25231,173.610859
25232,173.610385
25233,173.609911
25234,173.609437
25235,173.608963
25236,173.608489
25237,173.608015
25238,173.607541
25239,173.607067
25240,173.606594
25241,173.606120
25242,173.605646
25243,173.605172
25244,173.604699
25245,173.604225
25246,173.603752
25247,173.603278
25248,173.602805
25249,173.602331
25250,173.601858
25251,173.601385
25252,173.600911
25253,173.600438
25254,173.599965
25255,173.599492
25256,173.599019
25257,173.598546
25258,173.598073
25259,173.597600
25260,173.597127
25261,173.596654
25262,173.596181
25263,173.595708
25264,173.595235
25265,173.594762
25266,173.594290
25267,173.593817
25268,173.593344
25269,173.592872
25270,173.592399
25271,173.591927
25272,173.591454
25273,173.590982
25274,173.590509
25275,173.590037
25276,173.589565
25277,173.589093
25278,173.588620
25279,173.588148
25280,173.587676
25281,173.587204
25282,173.586732
25283,173.586260
25284,173.585788
25285,173.585316
25286,173.584844
25287,173.584372
25288,173.583900
25289,173.583429
25290,173.582957
25291,173.582485
25292,173.582013
25293,173.581542
25294,173.581070
25295,173.580599
25296,173.580127
25297,173.579656
25298,173.579184
25299,173.578713
25300,173.578242
25301,173.577770
25302,173.577299
25303,173.576828
25304,173.576357
25305,173.575886
25306,173.575415
25307,173.574943
25308,173.574472
25309,173.574002
25310,173.573531
25311,173.573060
25312,173.572589
25313,173.572118
25314,173.571647
25315,173.571177
25316,173.570706
25317,173.570235
25318,173.569765
25319,173.569294
25320,173.568824
25321,173.568353
25322,173.567883
25323,173.567412
25324,173.566942
25325,173.566472
25326,173.566001
25327,173.565531
25328,173.565061
25329,173.564591
25330,173.564121
25331,173.563651
25332,173.563180
25333,173.562710
25334,173.562241
25335,173.561771
25336,173.561301
25337,173.560831
25338,173.560361
25339,173.559891
25340,173.559422
25341,173.558952
25342,173.558482
25343,173.558013
25344,173.557543
25345,173.557074
25346,173.556604
25347,173.556135
25348,173.555665
25349,173.555196
25350,173.554727
25351,173.554258
25352,173.553788
25353,173.553319
25354,173.552850
25355,173.552381
25356,173.551912
25357,173.551443
25358,173.550974
25359,173.550505
25360,173.550036
25361,173.549567
25362,173.549098
25363,173.548630
25364,173.548161
25365,173.547692
25366,173.547223
25367,173.546755
25368,173.546286
25369,173.545818
25370,173.545349
25371,173.544881
25372,173.544412
25373,173.543944
25374,173.543476
25375,173.543007
25376,173.542539
25377,173.542071
25378,173.541603
25379,173.541135
25380,173.540666
25381,173.540198
25382,173.539730
25383,173.539262
25384,173.538794
25385,173.538327
25386,173.537859
25387,173.537391
25388,173.536923
25389,173.536455
25390,173.535988
25391,173.535520
25392,173.535052
25393,173.534585
25394,173.534117
25395,173.533650
25396,173.533182
25397,173.532715
25398,173.532248
25399,173.531780
25400,173.531313
25401,173.530846
25402,173.530379
25403,173.529911
25404,173.529444
25405,173.528977
25406,173.528510
25407,173.528043
25408,173.527576
25409,173.527109
25410,173.526642
25411,173.526176
25412,173.525709
25413,173.525242
25414,173.524775
25415,173.524309
25416,173.523842
25417,173.523375
25418,173.522909
25419,173.522442
25420,173.521976
25421,173.521509
25422,173.521043
25423,173.520577
25424,173.520110
25425,173.519644
25426,173.519178
25427,173.518711
25428,173.518245
25429,173.517779
25430,173.517313
25431,173.516847
25432,173.516381
25433,173.515915
25434,173.515449
25435,173.514983
25436,173.514517
25437,173.514052
25438,173.513586
25439,173.513120
25440,173.512655
25441,173.512189
25442,173.511723
25443,173.511258
25444,173.510792
25445,173.510327
25446,173.509861
25447,173.509396
25448,173.508931
25449,173.508465
25450,173.508000
25451,173.507535
25452,173.507070
25453,173.506604
25454,173.506139
25455,173.505674
25456,173.505209
25457,173.504744
25458,173.504279
25459,173.503814
25460,173.503349
25461,173.502885
25462,173.502420
25463,173.501955
25464,173.501490
25465,173.501026
25466,173.500561
25467,173.500096
25468,173.499632
25469,173.499167
25470,173.498703
25471,173.498238
25472,173.497774
25473,173.497310
25474,173.496845
25475,173.496381
25476,173.495917
25477,173.495453
25478,173.494988
25479,173.494524
25480,173.494060
25481,173.493596
25482,173.493132
25483,173.492668
25484,173.492204
25485,173.491740
25486,173.491277
25487,173.490813
25488,173.490349
25489,173.489885
25490,173.489422
25491,173.488958
25492,173.488494
25493,173.488031
25494,173.487567
25495,173.487104
25496,173.486640
25497,173.486177
25498,173.485714
25499,173.485250
25500,173.484787
25501,173.484324
25502,173.483861
25503,173.483397
25504,173.482934
25505,173.482471
25506,173.482008
25507,173.481545
25508,173.481082
25509,173.480619
25510,173.480157
25511,173.479694
25512,173.479231
25513,173.478768
25514,173.478305
25515,173.477843
25516,173.477380
25517,173.476917
25518,173.476455
25519,173.475992
25520,173.475530
25521,173.475067
25522,173.474605
25523,173.474143
25524,173.473680
25525,173.473218
25526,173.472756
25527,173.472294
25528,173.471832
25529,173.471369
25530,173.470907
25531,173.470445
25532,173.469983
25533,173.469521
25534,173.469059
25535,173.468597
25536,173.468136
25537,173.467674
25538,173.467212
25539,173.466750
25540,173.466289
25541,173.465827
25542,173.465365
25543,173.464904
25544,173.464442
25545,173.463981
25546,173.463519
25547,173.463058
25548,173.462597
25549,173.462135
25550,173.461674
25551,173.461213
25552,173.460752
25553,173.460290
25554,173.459829
25555,173.459368
25556,173.458907
25557,173.458446
25558,173.457985
25559,173.457524
25560,173.457063
25561,173.456602
25562,173.456142
25563,173.455681
25564,173.455220
25565,173.454759
25566,173.454299
25567,173.453838
25568,173.453378
25569,173.452917
25570,173.452457
25571,173.451996
25572,173.451536
25573,173.451075
25574,173.450615
25575,173.450155
25576,173.449695
25577,173.449234
25578,173.448774
25579,173.448314
25580,173.447854
25581,173.447394
25582,173.446934
25583,173.446474
25584,173.446014
25585,173.445554
25586,173.445094
25587,173.444634
25588,173.444175
25589,173.443715
25590,173.443255
25591,173.442795
25592,173.442336
25593,173.441876
25594,173.441417
25595,173.440957
25596,173.440498
25597,173.440038
25598,173.439579
25599,173.439120
25600,173.438660
25601,173.438201
25602,173.437742
25603,173.437283
25604,173.436824
25605,173.436364
25606,173.435905
25607,173.435446
25608,173.434987
25609,173.434528
25610,173.434069
25611,173.433611
25612,173.433152
25613,173.432693
25614,173.432234
25615,173.431776
25616,173.431317
25617,173.430858
25618,173.430400
25619,173.429941
25620,173.429483
25621,173.429024
25622,173.428566
25623,173.428107
25624,173.427649
25625,173.427191
25626,173.426732
25627,173.426274
25628,173.425816
25629,173.425358
25630,173.424900
25631,173.424442
25632,173.423984
25633,173.423526
25634,173.423068
25635,173.422610
25636,173.422152
25637,173.421694
25638,173.421236
25639,173.420778
25640,173.420321
25641,173.419863
25642,173.419405
25643,173.418948
25644,173.418490
25645,173.418033
25646,173.417575
25647,173.417118
25648,173.416660
25649,173.416203
25650,173.415746
25651,173.415288
25652,173.414831
25653,173.414374
25654,173.413917
25655,173.413460
25656,173.413002
25657,173.412545
25658,173.412088
25659,173.411631
25660,173.411174
25661,173.410718
25662,173.410261
25663,173.409804
25664,173.409347
25665,173.408890
25666,173.408434
25667,173.407977
25668,173.407520
25669,173.407064
25670,173.406607
25671,173.406151
25672,173.405694
25673,173.405238
25674,173.404781
25675,173.404325
25676,173.403869
25677,173.403413
25678,173.402956
25679,173.402500
25680,173.402044
25681,173.401588
25682,173.401132
25683,173.400676
25684,173.400220
25685,173.399764
25686,173.399308
25687,173.398852
25688,173.398396
25689,173.397940
25690,173.397485
25691,173.397029
25692,173.396573
25693,173.396118
25694,173.395662
25695,173.395207
25696,173.394751
25697,173.394296
25698,173.393840
25699,173.393385
25700,173.392929
25701,173.392474
25702,173.392019
25703,173.391563
25704,173.391108
25705,173.390653
25706,173.390198
25707,173.389743
25708,173.389288
25709,173.388833
25710,173.388378
25711,173.387923
25712,173.387468
25713,173.387013
25714,173.386558
25715,173.386104
25716,173.385649
25717,173.385194
25718,173.384739
25719,173.384285
25720,173.383830
25721,173.383376
25722,173.382921
25723,173.382467
25724,173.382012
25725,173.381558
25726,173.381104
25727,173.380649
25728,173.380195
25729,173.379741
25730,173.379287
25731,173.378833
25732,173.378378
25733,173.377924
25734,173.377470
25735,173.377016
25736,173.376562
25737,173.376108
25738,173.375655
25739,173.375201
25740,173.374747
25741,173.374293
25742,173.373839
25743,173.373386
25744,173.372932
25745,173.372479
25746,173.372025
25747,173.371571
25748,173.371118
25749,173.370665
25750,173.370211
25751,173.369758
25752,173.369304
25753,173.368851
25754,173.368398
25755,173.367945
25756,173.367492
25757,173.367038
25758,173.366585
25759,173.366132
25760,173.365679
25761,173.365226
25762,173.364773
25763,173.364320
25764,173.363868
25765,173.363415
25766,173.362962
25767,173.362509
25768,173.362057
25769,173.361604
25770,173.361151
25771,173.360699
25772,173.360246
25773,173.359794
25774,173.359341
25775,173.358889
25776,173.358436
25777,173.357984
25778,173.357532
25779,173.357079
25780,173.356627
25781,173.356175
25782,173.355723
25783,173.355271
25784,173.354819
25785,173.354367
25786,173.353915
25787,173.353463
25788,173.353011
25789,173.352559
25790,173.352107
25791,173.351655
25792,173.351203
25793,173.350752
25794,173.350300
25795,173.349848
25796,173.349397
25797,173.348945
25798,173.348494
25799,173.348042
25800,173.347591
25801,173.347139
25802,173.346688
25803,173.346236
25804,173.345785
25805,173.345334
25806,173.344883
25807,173.344432
25808,173.343980
25809,173.343529
25810,173.343078
25811,173.342627
25812,173.342176
25813,173.341725
25814,173.341274
25815,173.340823
25816,173.340373
25817,173.339922
25818,173.339471
25819,173.339020
25820,173.338570
25821,173.338119
25822,173.337668
25823,173.337218
25824,173.336767
25825,173.336317
25826,173.335866
25827,173.335416
25828,173.334966
25829,173.334515
25830,173.334065
25831,173.333615
25832,173.333165
25833,173.332714
25834,173.332264
25835,173.331814
25836,173.331364
25837,173.330914
25838,173.330464
25839,173.330014
25840,173.329564
25841,173.329114
25842,173.328665
25843,173.328215
25844,173.327765
25845,173.327315
25846,173.326866
25847,173.326416
25848,173.325966
25849,173.325517
25850,173.325067
25851,173.324618
25852,173.324168
25853,173.323719
25854,173.323270
25855,173.322820
25856,173.322371
25857,173.321922
25858,173.321473
25859,173.321023
25860,173.320574
25861,173.320125
25862,173.319676
25863,173.319227
25864,173.318778
25865,173.318329
25866,173.317880
25867,173.317432
25868,173.316983
25869,173.316534
25870,173.316085
25871,173.315636
25872,173.315188
25873,173.314739
25874,173.314291
25875,173.313842
25876,173.313394
25877,173.312945
25878,173.312497
25879,173.312048
25880,173.311600
25881,173.311152
25882,173.310703
25883,173.310255
25884,173.309807
25885,173.309359
25886,173.308911
25887,173.308462
25888,173.308014
25889,173.307566
25890,173.307118
25891,173.306671
25892,173.306223
25893,173.305775
25894,173.305327
25895,173.304879
25896,173.304431
25897,173.303984
25898,173.303536
25899,173.303088
25900,173.302641
25901,173.302193
25902,173.301746
25903,173.301298
25904,173.300851
25905,173.300404
25906,173.299956
25907,173.299509
25908,173.299062
25909,173.298614
25910,173.298167
25911,173.297720
25912,173.297273
25913,173.296826
25914,173.296379
25915,173.295932
25916,173.295485
25917,173.295038
25918,173.294591
25919,173.294144
25920,173.293697
25921,173.293251
25922,173.292804
25923,173.292357
25924,173.291910
25925,173.291464
25926,173.291017
25927,173.290571
25928,173.290124
25929,173.289678
25930,173.289231
25931,173.288785
25932,173.288339
25933,173.287892
25934,173.287446
25935,173.287000
25936,173.286554
25937,173.286107
25938,173.285661
25939,173.285215
25940,173.284769
25941,173.284323
25942,173.283877
25943,173.283431
25944,173.282985
25945,173.282540
25946,173.282094
25947,173.281648
25948,173.281202
25949,173.280757
25950,173.280311
25951,173.279865
25952,173.279420
25953,173.278974
25954,173.278529
25955,173.278083
25956,173.277638
25957,173.277192
25958,173.276747
25959,173.276302
25960,173.275856
25961,173.275411
25962,173.274966
25963,173.274521
25964,173.274076
25965,173.273631
25966,173.273186
25967,173.272741
25968,173.272296
25969,173.271851
25970,173.271406
25971,173.270961
25972,173.270516
25973,173.270071
25974,173.269627
25975,173.269182
25976,173.268737
25977,173.268293
25978,173.267848
25979,173.267403
25980,173.266959
25981,173.266514
25982,173.266070
25983,173.265626
25984,173.265181
25985,173.264737
25986,173.264293
25987,173.263848
25988,173.263404
25989,173.262960
25990,173.262516
25991,173.262072
25992,173.261628
25993,173.261184
25994,173.260740
25995,173.260296
25996,173.259852
25997,173.259408
25998,173.258964
25999,173.258521
26000,173.258077
26001,173.257633
26002,173.257189
26003,173.256746
26004,173.256302
26005,173.255859
26006,173.255415
26007,173.254972
26008,173.254528
26009,173.254085
26010,173.253641
26011,173.253198
26012,173.252755
26013,173.252312
26014,173.251868
26015,173.251425
26016,173.250982
26017,173.250539
26018,173.250096
26019,173.249653
26020,173.249210
26021,173.248767
26022,173.248324
26023,173.247881
26024,173.247438
26025,173.246996
26026,173.246553
26027,173.246110
26028,173.245667
26029,173.245225
26030,173.244782
26031,173.244340
26032,173.243897
26033,173.243455
26034,173.243012
26035,173.242570
26036,173.242127
26037,173.241685
26038,173.241243
26039,173.240801
26040,173.240358
26041,173.239916
26042,173.239474
26043,173.239032
26044,173.238590
26045,173.238148
26046,173.237706
26047,173.237264
26048,173.236822
26049,173.236380
26050,173.235938
26051,173.235496
26052,173.235055
26053,173.234613
26054,173.234171
26055,173.233730
26056,173.233288
26057,173.232846
26058,173.232405
26059,173.231963
26060,173.231522
26061,173.231081
26062,173.230639
26063,173.230198
26064,173.229757
26065,173.229315
26066,173.228874
26067,173.228433
26068,173.227992
26069,173.227551
26070,173.227110
26071,173.226669
26072,173.226228
26073,173.225787
26074,173.225346
26075,173.224905
26076,173.224464
26077,173.224023
26078,173.223582
26079,173.223142
26080,173.222701
26081,173.222260
26082,173.221820
26083,173.221379
26084,173.220938
26085,173.220498
26086,173.220057
26087,173.219617
26088,173.219177
26089,173.218736
26090,173.218296
26091,173.217856
26092,173.217415
26093,173.216975
26094,173.216535
26095,173.216095
26096,173.215655
26097,173.215215
26098,173.214775
26099,173.214335
26100,173.213895
26101,173.213455
26102,173.213015
26103,173.212575
26104,173.212136
26105,173.211696
26106,173.211256
26107,173.210816
26108,173.210377
26109,173.209937
26110,173.209498
26111,173.209058
26112,173.208619
26113,173.208179
26114,173.207740
26115,173.207300
26116,173.206861
26117,173.206422
26118,173.205983
26119,173.205543
26120,173.205104
26121,173.204665
26122,173.204226
26123,173.203787
26124,173.203348
26125,173.202909
26126,173.202470
26127,173.202031
26128,173.201592
26129,173.201153
26130,173.200714
26131,173.200276
26132,173.199837
26133,173.199398
26134,173.198960
26135,173.198521
26136,173.198082
26137,173.197644
26138,173.197205
26139,173.196767
26140,173.196328
26141,173.195890
26142,173.195452
26143,173.195013
26144,173.194575
26145,173.194137
26146,173.193699
26147,173.193261
26148,173.192822
26149,173.192384
26150,173.191946
26151,173.191508
26152,173.191070
26153,173.190632
26154,173.190195
26155,173.189757
26156,173.189319
26157,173.188881
26158,173.188443
26159,173.188006
26160,173.187568
26161,173.187130
26162,173.186693
26163,173.186255
26164,173.185818
26165,173.185380
26166,173.184943
26167,173.184505
26168,173.184068
26169,173.183631
26170,173.183193
26171,173.182756
26172,173.182319
26173,173.181882
26174,173.181445
26175,173.181007
26176,173.180570
26177,173.180133
26178,173.179696
26179,173.179259
26180,173.178822
26181,173.178386
26182,173.177949
26183,173.177512
26184,173.177075
26185,173.176638
26186,173.176202
26187,173.175765
26188,173.175329
26189,173.174892
26190,173.174455
26191,173.174019
26192,173.173582
26193,173.173146
26194,173.172710
26195,173.172273
26196,173.171837
26197,173.171401
26198,173.170964
26199,173.170528
26200,173.170092
26201,173.169656
26202,173.169220
26203,173.168784
26204,173.168348
26205,173.167912
26206,173.167476
26207,173.167040
26208,173.166604
26209,173.166168
26210,173.165733
26211,173.165297
26212,173.164861
26213,173.164425
26214,173.163990
26215,173.163554
26216,173.163119
26217,173.162683
26218,173.162248
26219,173.161812
26220,173.161377
26221,173.160941
26222,173.160506
26223,173.160071
26224,173.159635
26225,173.159200
26226,173.158765
26227,173.158330
26228,173.157895
26229,173.157460
26230,173.157025
26231,173.156590
26232,173.156155
26233,173.155720
26234,173.155285
26235,173.154850
26236,173.154415
26237,173.153980
26238,173.153546
26239,173.153111
26240,173.152676
26241,173.152242
26242,173.151807
26243,173.151373
26244,173.150938
26245,173.150504
26246,173.150069
26247,173.149635
26248,173.149200
26249,173.148766
26250,173.148332
26251,173.147897
26252,173.147463
26253,173.147029
26254,173.146595
26255,173.146161
26256,173.145727
26257,173.145293
26258,173.144859
26259,173.144425
26260,173.143991
26261,173.143557
26262,173.143123
26263,173.142689
26264,173.142256
26265,173.141822
26266,173.141388
26267,173.140955
26268,173.140521
26269,173.140087
26270,173.139654
26271,173.139220
26272,173.138787
26273,173.138353
26274,173.137920
26275,173.137487
26276,173.137053
26277,173.136620
26278,173.136187
26279,173.135754
26280,173.135320
26281,173.134887
26282,173.134454
26283,173.134021
26284,173.133588
26285,173.133155
26286,173.132722
26287,173.132289
26288,173.131856
26289,173.131424
26290,173.130991
26291,173.130558
26292,173.130125
26293,173.129693
26294,173.129260
26295,173.128827
26296,173.128395
26297,173.127962
26298,173.127530
26299,173.127097
26300,173.126665
26301,173.126233
26302,173.125800
26303,173.125368
26304,173.124936
26305,173.124503
26306,173.124071
26307,173.123639
26308,173.123207
26309,173.122775
26310,173.122343
26311,173.121911
26312,173.121479
26313,173.121047
26314,173.120615
26315,173.120183
26316,173.119751
26317,173.119319
26318,173.118888
26319,173.118456
26320,173.118024
26321,173.117593
26322,173.117161
26323,173.116730
26324,173.116298
26325,173.115866
26326,173.115435
26327,173.115004
26328,173.114572
26329,173.114141
26330,173.113710
26331,173.113278
26332,173.112847
26333,173.112416
26334,173.111985
26335,173.111554
26336,173.111123
26337,173.110691
26338,173.110260
26339,173.109829
26340,173.109399
26341,173.108968
26342,173.108537
26343,173.108106
26344,173.107675
26345,173.107244
26346,173.106814
26347,173.106383
26348,173.105952
26349,173.105522
26350,173.105091
26351,173.104661
26352,173.104230
26353,173.103800
26354,173.103369
26355,173.102939
26356,173.102509
26357,173.102078
26358,173.101648
26359,173.101218
26360,173.100788
26361,173.100358
26362,173.099927
26363,173.099497
26364,173.099067
26365,173.098637
26366,173.098207
26367,173.097777
26368,173.097347
26369,173.096918
26370,173.096488
26371,173.096058
26372,173.095628
26373,173.095199
26374,173.094769
26375,173.094339
26376,173.093910
26377,173.093480
26378,173.093051
26379,173.092621
26380,173.092192
26381,173.091762
26382,173.091333
26383,173.090903
26384,173.090474
26385,173.090045
26386,173.089616
26387,173.089186
26388,173.088757
26389,173.088328
26390,173.087899
26391,173.087470
26392,173.087041
26393,173.086612
26394,173.086183
26395,173.085754
26396,173.085325
26397,173.084897
26398,173.084468
26399,173.084039
26400,173.083610
26401,173.083182
26402,173.082753
26403,173.082324
26404,173.081896
26405,173.081467
26406,173.081039
26407,173.080610
26408,173.080182
26409,173.079754
26410,173.079325
26411,173.078897
26412,173.078469
26413,173.078040
26414,173.077612
26415,173.077184
26416,173.076756
26417,173.076328
26418,173.075900
26419,173.075472
26420,173.075044
26421,173.074616
26422,173.074188
26423,173.073760
26424,173.073332
26425,173.072904
26426,173.072477
26427,173.072049
26428,173.071621
26429,173.071194
26430,173.070766
26431,173.070338
26432,173.069911
26433,173.069483
26434,173.069056
26435,173.068629
26436,173.068201
26437,173.067774
26438,173.067347
26439,173.066919
26440,173.066492
26441,173.066065
26442,173.065638
26443,173.065211
26444,173.064783
26445,173.064356
26446,173.063929
26447,173.063502
26448,173.063075
26449,173.062649
26450,173.062222
26451,173.061795
26452,173.061368
26453,173.060941
26454,173.060515
26455,173.060088
26456,173.059661
26457,173.059235
26458,173.058808
26459,173.058381
26460,173.057955
26461,173.057528
26462,173.057102
26463,173.056676
26464,173.056249
26465,173.055823
26466,173.055397
26467,173.054970
26468,173.054544
26469,173.054118
26470,173.053692
26471,173.053266
26472,173.052840
26473,173.052414
26474,173.051988
26475,173.051562
26476,173.051136
26477,173.050710
26478,173.050284
26479,173.049858
26480,173.049433
26481,173.049007
26482,173.048581
26483,173.048156
26484,173.047730
26485,173.047304
26486,173.046879
26487,173.046453
26488,173.046028
26489,173.045602
26490,173.045177
26491,173.044752
26492,173.044326
26493,173.043901
26494,173.043476
26495,173.043050
26496,173.042625
26497,173.042200
26498,173.041775
26499,173.041350
26500,173.040925
26501,173.040500
26502,173.040075
26503,173.039650
26504,173.039225
26505,173.038800
26506,173.038375
26507,173.037951
26508,173.037526
26509,173.037101
26510,173.036677
26511,173.036252
26512,173.035827
26513,173.035403
26514,173.034978
26515,173.034554
26516,173.034129
26517,173.033705
26518,173.033281
26519,173.032856
26520,173.032432
26521,173.032008
26522,173.031583
26523,173.031159
26524,173.030735
26525,173.030311
26526,173.029887
26527,173.029463
26528,173.029039
26529,173.028615
26530,173.028191
26531,173.027767
26532,173.027343
26533,173.026919
26534,173.026495
26535,173.026072
26536,173.025648
26537,173.025224
26538,173.024801
26539,173.024377
26540,173.023953
26541,173.023530
26542,173.023106
26543,173.022683
26544,173.022260
26545,173.021836
26546,173.021413
26547,173.020989
26548,173.020566
26549,173.020143
26550,173.019720
26551,173.019297
26552,173.018873
26553,173.018450
26554,173.018027
26555,173.017604
26556,173.017181
26557,173.016758
26558,173.016335
26559,173.015912
26560,173.015490
26561,173.015067
26562,173.014644
26563,173.014221
26564,173.013799
26565,173.013376
26566,173.012953
26567,173.012531
26568,173.012108
26569,173.011686
26570,173.011263
26571,173.010841
26572,173.010418
26573,173.009996
26574,173.009574
26575,173.009151
26576,173.008729
26577,173.008307
26578,173.007885
26579,173.007462
26580,173.007040
26581,173.006618
26582,173.006196
26583,173.005774
26584,173.005352
26585,173.004930
26586,173.004508
26587,173.004087
26588,173.003665
26589,173.003243
26590,173.002821
26591,173.002399
26592,173.001978
26593,173.001556
26594,173.001135
26595,173.000713
26596,173.000291
26597,172.999870
26598,172.999448
26599,172.999027
26600,172.998606
26601,172.998184
26602,172.997763
26603,172.997342
26604,172.996920
26605,172.996499
26606,172.996078
26607,172.995657
26608,172.995236
26609,172.994815
26610,172.994394
26611,172.993973
26612,172.993552
26613,172.993131
26614,172.992710
26615,172.992289
26616,172.991868
26617,172.991448
26618,172.991027
26619,172.990606
26620,172.990185
26621,172.989765
26622,172.989344
26623,172.988924
26624,172.988503
26625,172.988083
26626,172.987662
26627,172.987242
26628,172.986821
26629,172.986401
26630,172.985981
26631,172.985560
26632,172.985140
26633,172.984720
26634,172.984300
26635,172.983880
26636,172.983460
26637,172.983040
26638,172.982620
26639,172.982200
26640,172.981780
26641,172.981360
26642,172.980940
26643,172.980520
26644,172.980100
26645,172.979681
26646,172.979261
26647,172.978841
26648,172.978421
26649,172.978002
26650,172.977582
26651,172.977163
26652,172.976743
26653,172.976324
26654,172.975904
26655,172.975485
26656,172.975066
26657,172.974646
26658,172.974227
26659,172.973808
26660,172.973388
26661,172.972969
26662,172.972550
26663,172.972131
26664,172.971712
26665,172.971293
26666,172.970874
26667,172.970455
26668,172.970036
26669,172.969617
26670,172.969198
26671,172.968779
26672,172.968361
26673,172.967942
26674,172.967523
26675,172.967104
26676,172.966686
26677,172.966267
26678,172.965849
26679,172.965430
26680,172.965012
26681,172.964593
26682,172.964175
26683,172.963756
26684,172.963338
26685,172.962920
26686,172.962501
26687,172.962083
26688,172.961665
26689,172.961247
26690,172.960829
26691,172.960411
26692,172.959992
26693,172.959574
26694,172.959156
26695,172.958739
26696,172.958321
26697,172.957903
26698,172.957485
26699,172.957067
26700,172.956649
26701,172.956232
26702,172.955814
26703,172.955396
26704,172.954979
26705,172.954561
26706,172.954143
26707,172.953726
26708,172.953308
26709,172.952891
26710,172.952473
26711,172.952056
26712,172.951639
26713,172.951221
26714,172.950804
26715,172.950387
26716,172.949970
26717,172.949553
26718,172.949135
26719,172.948718
26720,172.948301
26721,172.947884
26722,172.947467
26723,172.947050
26724,172.946633
26725,172.946217
26726,172.945800
26727,172.945383
26728,172.944966
26729,172.944549
26730,172.944133
26731,172.943716
26732,172.943299
26733,172.942883
26734,172.942466
26735,172.942050
26736,172.941633
26737,172.941217
26738,172.940800
26739,172.940384
26740,172.939968
26741,172.939551
26742,172.939135
26743,172.938719
26744,172.938303
26745,172.937886
26746,172.937470
26747,172.937054
26748,172.936638
26749,172.936222
26750,172.935806
26751,172.935390
26752,172.934974
26753,172.934558
26754,172.934143
26755,172.933727
26756,172.933311
26757,172.932895
26758,172.932480
26759,172.932064
26760,172.931648
26761,172.931233
26762,172.930817
26763,172.930402
26764,172.929986
26765,172.929571
26766,172.929155
26767,172.928740
26768,172.928325
26769,172.927909
26770,172.927494
26771,172.927079
26772,172.926664
26773,172.926249
26774,172.925833
26775,172.925418
26776,172.925003
26777,172.924588
26778,172.924173
26779,172.923758
26780,172.923343
26781,172.922929
26782,172.922514
26783,172.922099
26784,172.921684
26785,172.921269
26786,172.920855
26787,172.920440
26788,172.920025
26789,172.919611
26790,172.919196
26791,172.918782
26792,172.918367
26793,172.917953
26794,172.917538
26795,172.917124
26796,172.916710
26797,172.916295
26798,172.915881
26799,172.915467
26800,172.915053
26801,172.914639
26802,172.914224
26803,172.913810
26804,172.913396
26805,172.912982
26806,172.912568
26807,172.912154
26808,172.911740
26809,172.911327
26810,172.910913
26811,172.910499
26812,172.910085
26813,172.909671
26814,172.909258
26815,172.908844
26816,172.908430
26817,172.908017
26818,172.907603
26819,172.907190
26820,172.906776
26821,172.906363
26822,172.905949
26823,172.905536
26824,172.905123
26825,172.904709
26826,172.904296
26827,172.903883
26828,172.903470
26829,172.903057
26830,172.902643
26831,172.902230
26832,172.901817
26833,172.901404
26834,172.900991
26835,172.900578
26836,172.900165
26837,172.899753
26838,172.899340
26839,172.898927
26840,172.898514
26841,172.898101
26842,172.897689
26843,172.897276
26844,172.896863
26845,172.896451
26846,172.896038
26847,172.895626
26848,172.895213
26849,172.894801
26850,172.894388
26851,172.893976
26852,172.893564
26853,172.893151
26854,172.892739
26855,172.892327
26856,172.891915
26857,172.891502
26858,172.891090
26859,172.890678
26860,172.890266
26861,172.889854
26862,172.889442
26863,172.889030
26864,172.888618
26865,172.888206
26866,172.887795
26867,172.887383
26868,172.886971
26869,172.886559
26870,172.886148
26871,172.885736
26872,172.885324
26873,172.884913
26874,172.884501
26875,172.884090
26876,172.883678
26877,172.883267
26878,172.882855
26879,172.882444
26880,172.882032
26881,172.881621
26882,172.881210
26883,172.880799
26884,172.880387
26885,172.879976
26886,172.879565
26887,172.879154
26888,172.878743
26889,172.878332
26890,172.877921
26891,172.877510
26892,172.877099
26893,172.876688
26894,172.876277
26895,172.875866
26896,172.875456
26897,172.875045
26898,172.874634
26899,172.874224
26900,172.873813
26901,172.873402
26902,172.872992
26903,172.872581
26904,172.872171
26905,172.871760
26906,172.871350
26907,172.870939
26908,172.870529
26909,172.870119
26910,172.869708
26911,172.869298
26912,172.868888
26913,172.868478
26914,172.868068
26915,172.867657
26916,172.867247
26917,172.866837
26918,172.866427
26919,172.866017
26920,172.865607
26921,172.865198
26922,172.864788
26923,172.864378
26924,172.863968
26925,172.863558
26926,172.863149
26927,172.862739
26928,172.862329
26929,172.861920
26930,172.861510
26931,172.861100
26932,172.860691
26933,172.860281
26934,172.859872
26935,172.859463
26936,172.859053
26937,172.858644
26938,172.858235
26939,172.857825
26940,172.857416
26941,172.857007
26942,172.856598
26943,172.856189
26944,172.855780
26945,172.855370
26946,172.854961
26947,172.854552
26948,172.854144
26949,172.853735
26950,172.853326
26951,172.852917
26952,172.852508
26953,172.852099
26954,172.851691
26955,172.851282
26956,172.850873
26957,172.850465
26958,172.850056
26959,172.849647
26960,172.849239
26961,172.848830
26962,172.848422
26963,172.848014
26964,172.847605
26965,172.847197
26966,172.846788
26967,172.846380
26968,172.845972
26969,172.845564
26970,172.845156
26971,172.844747
26972,172.844339
26973,172.843931
26974,172.843523
26975,172.843115
26976,172.842707
26977,172.842299
26978,172.841891
26979,172.841484
26980,172.841076
26981,172.840668
26982,172.840260
26983,172.839853
26984,172.839445
26985,172.839037
26986,172.838630
26987,172.838222
26988,172.837814
26989,172.837407
26990,172.836999
26991,172.836592
26992,172.836185
26993,172.835777
26994,172.835370
26995,172.834963
26996,172.834555
26997,172.834148
26998,172.833741
26999,172.833334
27000,172.832927
27001,172.832520
27002,172.832113
27003,172.831706
27004,172.831299
27005,172.830892
27006,172.830485
27007,172.830078
27008,172.829671
27009,172.829264
27010,172.828857
27011,172.828451
27012,172.828044
27013,172.827637
27014,172.827231
27015,172.826824
27016,172.826417
27017,172.826011
27018,172.825604
27019,172.825198
27020,172.824792
27021,172.824385
27022,172.823979
27023,172.823573
27024,172.823166
27025,172.822760
27026,172.822354
27027,172.821948
27028,172.821541
27029,172.821135
27030,172.820729
27031,172.820323
27032,172.819917
27033,172.819511
27034,172.819105
27035,172.818699
27036,172.818294
27037,172.817888
27038,172.817482
27039,172.817076
27040,172.816671
27041,172.816265
27042,172.815859
27043,172.815454
27044,172.815048
27045,172.814642
27046,172.814237
27047,172.813831
27048,172.813426
27049,172.813021
27050,172.812615
27051,172.812210
27052,172.811805
27053,172.811399
27054,172.810994
27055,172.810589
27056,172.810184
27057,172.809779
27058,172.809373
27059,172.808968
27060,172.808563
27061,172.808158
27062,172.807753
27063,172.807349
27064,172.806944
27065,172.806539
27066,172.806134
27067,172.805729
27068,172.805324
27069,172.804920
27070,172.804515
27071,172.804110
27072,172.803706
27073,172.803301
27074,172.802897
27075,172.802492
27076,172.802088
27077,172.801683
27078,172.801279
27079,172.800875
27080,172.800470
27081,172.800066
27082,172.799662
27083,172.799257
27084,172.798853
27085,172.798449
27086,172.798045
27087,172.797641
27088,172.797237
27089,172.796833
27090,172.796429
27091,172.796025
27092,172.795621
27093,172.795217
27094,172.794813
27095,172.794410
27096,172.794006
27097,172.793602
27098,172.793198
27099,172.792795
27100,172.792391
27101,172.791987
27102,172.791584
27103,172.791180
27104,172.790777
27105,172.790373
27106,172.789970
27107,172.789567
27108,172.789163
27109,172.788760
27110,172.788357
27111,172.787953
27112,172.787550
27113,172.787147
27114,172.786744
27115,172.786341
27116,172.785938
27117,172.785535
27118,172.785132
27119,172.784729
27120,172.784326
27121,172.783923
27122,172.783520
27123,172.783117
27124,172.782714
27125,172.782312
27126,172.781909
27127,172.781506
27128,172.781103
27129,172.780701
27130,172.780298
27131,172.779896
27132,172.779493
27133,172.779091
27134,172.778688
27135,172.778286
27136,172.777883
27137,172.777481
27138,172.777079
27139,172.776677
27140,172.776274
27141,172.775872
27142,172.775470
27143,172.775068
27144,172.774666
27145,172.774264
27146,172.773862
27147,172.773460
27148,172.773058
27149,172.772656
27150,172.772254
27151,172.771852
27152,172.771450
27153,172.771048
27154,172.770647
27155,172.770245
27156,172.769843
27157,172.769441
27158,172.769040
27159,172.768638
27160,172.768237
27161,172.767835
27162,172.767434
27163,172.767032
27164,172.766631
27165,172.766229
27166,172.765828
27167,172.765427
27168,172.765026
27169,172.764624
27170,172.764223
27171,172.763822
27172,172.763421
27173,172.763020
27174,172.762619
27175,172.762218
27176,172.761817
27177,172.761416
27178,172.761015
27179,172.760614
27180,172.760213
27181,172.759812
27182,172.759411
27183,172.759011
27184,172.758610
27185,172.758209
27186,172.757808
27187,172.757408
27188,172.757007
27189,172.756607
27190,172.756206
27191,172.755806
27192,172.755405
27193,172.755005
27194,172.754605
27195,172.754204
27196,172.753804
27197,172.753404
27198,172.753003
27199,172.752603
27200,172.752203
27201,172.751803
27202,172.751403
27203,172.751003
27204,172.750603
27205,172.750203
27206,172.749803
27207,172.749403
27208,172.749003
27209,172.748603
27210,172.748203
27211,172.747803
27212,172.747404
27213,172.747004
27214,172.746604
27215,172.746205
27216,172.745805
27217,172.745405
27218,172.745006
27219,172.744606
27220,172.744207
27221,172.743807
27222,172.743408
27223,172.743009
27224,172.742609
27225,172.742210
27226,172.741811
27227,172.741411
27228,172.741012
27229,172.740613
27230,172.740214
27231,172.739815
27232,172.739416
27233,172.739017
27234,172.738618
27235,172.738219
27236,172.737820
27237,172.737421
27238,172.737022
27239,172.736623
27240,172.736224
27241,172.735826
27242,172.735427
27243,172.735028
27244,172.734630
27245,172.734231
27246,172.733832
27247,172.733434
27248,172.733035
27249,172.732637
27250,172.732238
27251,172.731840
27252,172.731442
27253,172.731043
27254,172.730645
27255,172.730247
27256,172.729848
27257,172.729450
27258,172.729052
27259,172.728654
27260,172.728256
27261,172.727858
27262,172.727460
27263,172.727062
27264,172.726664
27265,172.726266
27266,172.725868
27267,172.725470
27268,172.725072
27269,172.724674
27270,172.724277
27271,172.723879
27272,172.723481
27273,172.723083
27274,172.722686
27275,172.722288
27276,172.721891
27277,172.721493
27278,172.721096
27279,172.720698
27280,172.720301
27281,172.719903
27282,172.719506
27283,172.719109
27284,172.718711
27285,172.718314
27286,172.717917
27287,172.717520
27288,172.717123
27289,172.716725
27290,172.716328
27291,172.715931
27292,172.715534
27293,172.715137
27294,172.714740
27295,172.714344
27296,172.713947
27297,172.713550
27298,172.713153
27299,172.712756
27300,172.712359
27301,172.711963
27302,172.711566
27303,172.711169
27304,172.710773
27305,172.710376
27306,172.709980
27307,172.709583
27308,172.709187
27309,172.708790
27310,172.708394
27311,172.707998
27312,172.707601
27313,172.707205
27314,172.706809
27315,172.706412
27316,172.706016
27317,172.705620
27318,172.705224
27319,172.704828
27320,172.704432
27321,172.704036
27322,172.703640
27323,172.703244
27324,172.702848
27325,172.702452
27326,172.702056
27327,172.701660
27328,172.701265
27329,172.700869
27330,172.700473
27331,172.700078
27332,172.699682
27333,172.699286
27334,172.698891
27335,172.698495
27336,172.698100
27337,172.697704
27338,172.697309
27339,172.696913
27340,172.696518
27341,172.696123
27342,172.695727
27343,172.695332
27344,172.694937
27345,172.694542
27346,172.694146
27347,172.693751
27348,172.693356
27349,172.692961
27350,172.692566
27351,172.692171
27352,172.691776
27353,172.691381
27354,172.690986
27355,172.690591
27356,172.690197
27357,172.689802
27358,172.689407
27359,172.689012
27360,172.688618
27361,172.688223
27362,172.687828
27363,172.687434
27364,172.687039
27365,172.686645
27366,172.686250
27367,172.685856
27368,172.685461
27369,172.685067
27370,172.684672
27371,172.684278
27372,172.683884
27373,172.683490
27374,172.683095
27375,172.682701
27376,172.682307
27377,172.681913
27378,172.681519
27379,172.681125
27380,172.680731
27381,172.680337
27382,172.679943
27383,172.679549
27384,172.679155
27385,172.678761
27386,172.678367
27387,172.677974
27388,172.677580
27389,172.677186
27390,172.676792
27391,172.676399
27392,172.676005
27393,172.675612
27394,172.675218
27395,172.674825
27396,172.674431
27397,172.674038
27398,172.673644
27399,172.673251
27400,172.672858
27401,172.672464
27402,172.672071
27403,172.671678
27404,172.671285
27405,172.670891
27406,172.670498
27407,172.670105
27408,172.669712
27409,172.669319
27410,172.668926
27411,172.668533
27412,172.668140
27413,172.667747
27414,172.667354
27415,172.666962
27416,172.666569
27417,172.666176
27418,172.665783
27419,172.665391
27420,172.664998
27421,172.664605
27422,172.664213
27423,172.663820
27424,172.663428
27425,172.663035
27426,172.662643
27427,172.662250
27428,172.661858
27429,172.661466
27430,172.661073
27431,172.660681
27432,172.660289
27433,172.659896
27434,172.659504
27435,172.659112
27436,172.658720
27437,172.658328
27438,172.657936
27439,172.657544
27440,172.657152
27441,172.656760
27442,172.656368
27443,172.655976
27444,172.655584
27445,172.655192
27446,172.654801
27447,172.654409
27448,172.654017
27449,172.653625
27450,172.653234
27451,172.652842
27452,172.652451
27453,172.652059
27454,172.651668
27455,172.651276
27456,172.650885
27457,172.650493
27458,172.650102
27459,172.649711
27460,172.649319
27461,172.648928
27462,172.648537
27463,172.648145
27464,172.647754
27465,172.647363
27466,172.646972
27467,172.646581
27468,172.646190
27469,172.645799
27470,172.645408
27471,172.645017
27472,172.644626
27473,172.644235
27474,172.643844
27475,172.643454
27476,172.643063
27477,172.642672
27478,172.642281
27479,172.641891
27480,172.641500
27481,172.641109
27482,172.640719
27483,172.640328
27484,172.639938
27485,172.639547
27486,172.639157
27487,172.638767
27488,172.638376
27489,172.637986
27490,172.637596
27491,172.637205
27492,172.636815
27493,172.636425
27494,172.636035
27495,172.635645
27496,172.635254
27497,172.634864
27498,172.634474
27499,172.634084
27500,172.633694
27501,172.633304
27502,172.632915
27503,172.632525
27504,172.632135
27505,172.631745
27506,172.631355
27507,172.630966
27508,172.630576
27509,172.630186
27510,172.629797
27511,172.629407
27512,172.629017
27513,172.628628
27514,172.628238
27515,172.627849
27516,172.627459
27517,172.627070
27518,172.626681
27519,172.626291
27520,172.625902
27521,172.625513
27522,172.625124
27523,172.624734
27524,172.624345
27525,172.623956
27526,172.623567
27527,172.623178
27528,172.622789
27529,172.622400
27530,172.622011
27531,172.621622
27532,172.621233
27533,172.620844
27534,172.620455
27535,172.620067
27536,172.619678
27537,172.619289
27538,172.618901
27539,172.618512
27540,172.618123
27541,172.617735
27542,172.617346
27543,172.616958
27544,172.616569
27545,172.616181
27546,172.615792
27547,172.615404
27548,172.615015
27549,172.614627
27550,172.614239
27551,172.613851
27552,172.613462
27553,172.613074
27554,172.612686
27555,172.612298
27556,172.611910
27557,172.611522
27558,172.611134
27559,172.610746
27560,172.610358
27561,172.609970
27562,172.609582
27563,172.609194
27564,172.608806
27565,172.608418
27566,172.608031
27567,172.607643
27568,172.607255
27569,172.606868
27570,172.606480
27571,172.606092
27572,172.605705
27573,172.605317
27574,172.604930
27575,172.604542
27576,172.604155
27577,172.603768
27578,172.603380
27579,172.602993
27580,172.602606
27581,172.602218
27582,172.601831
27583,172.601444
27584,172.601057
27585,172.600670
27586,172.600283
27587,172.599896
27588,172.599509
27589,172.599122
27590,172.598735
27591,172.598348
27592,172.597961
27593,172.597574
27594,172.597187
27595,172.596800
27596,172.596414
27597,172.596027
27598,172.595640
27599,172.595253
27600,172.594867
27601,172.594480
27602,172.594094
27603,172.593707
27604,172.593321
27605,172.592934
27606,172.592548
27607,172.592161
27608,172.591775
27609,172.591389
27610,172.591002
27611,172.590616
27612,172.590230
27613,172.589844
27614,172.589458
27615,172.589072
27616,172.588685
27617,172.588299
27618,172.587913
27619,172.587527
27620,172.587141
27621,172.586755
27622,172.586370
27623,172.585984
27624,172.585598
27625,172.585212
27626,172.584826
27627,172.584441
27628,172.584055
27629,172.583669
27630,172.583284
27631,172.582898
27632,172.582512
27633,172.582127
27634,172.581741
27635,172.581356
27636,172.580971
27637,172.580585
27638,172.580200
27639,172.579815
27640,172.579429
27641,172.579044
27642,172.578659
27643,172.578274
27644,172.577888
27645,172.577503
27646,172.577118
27647,172.576733
27648,172.576348
27649,172.575963
27650,172.575578
27651,172.575193
27652,172.574808
27653,172.574423
27654,172.574039
27655,172.573654
27656,172.573269
27657,172.572884
27658,172.572500
27659,172.572115
27660,172.571730
27661,172.571346
27662,172.570961
27663,172.570577
27664,172.570192
27665,172.569808
27666,172.569423
27667,172.569039
27668,172.568654
27669,172.568270
27670,172.567886
27671,172.567502
27672,172.567117
27673,172.566733
27674,172.566349
27675,172.565965
27676,172.565581
27677,172.565197
27678,172.564813
27679,172.564429
27680,172.564045
27681,172.563661
27682,172.563277
27683,172.562893
27684,172.562509
27685,172.562125
27686,172.561742
27687,172.561358
27688,172.560974
27689,172.560590
27690,172.560207
27691,172.559823
27692,172.559440
27693,172.559056
27694,172.558673
27695,172.558289
27696,172.557906
27697,172.557522
27698,172.557139
27699,172.556756
27700,172.556372
27701,172.555989
27702,172.555606
27703,172.555222
27704,172.554839
27705,172.554456
27706,172.554073
27707,172.553690
27708,172.553307
27709,172.552924
27710,172.552541
27711,172.552158
27712,172.551775
27713,172.551392
27714,172.551009
27715,172.550627
27716,172.550244
27717,172.549861
27718,172.549478
27719,172.549096
27720,172.548713
27721,172.548330
27722,172.547948
27723,172.547565
27724,172.547183
27725,172.546800
27726,172.546418
27727,172.546035
27728,172.545653
27729,172.545271
27730,172.544888
27731,172.544506
27732,172.544124
27733,172.543742
27734,172.543359
27735,172.542977
27736,172.542595
27737,172.542213
27738,172.541831
27739,172.541449
27740,172.541067
27741,172.540685
27742,172.540303
27743,172.539921
27744,172.539539
27745,172.539157
27746,172.538776
27747,172.538394
27748,172.538012
27749,172.537630
27750,172.537249
27751,172.536867
27752,172.536486
27753,172.536104
27754,172.535722
27755,172.535341
27756,172.534960
27757,172.534578
27758,172.534197
27759,172.533815
27760,172.533434
27761,172.533053
27762,172.532671
27763,172.532290
27764,172.531909
27765,172.531528
27766,172.531147
27767,172.530766
27768,172.530384
27769,172.530003
27770,172.529622
27771,172.529241
27772,172.528861
27773,172.528480
27774,172.528099
27775,172.527718
27776,172.527337
27777,172.526956
27778,172.526576
27779,172.526195
27780,172.525814
27781,172.525434
27782,172.525053
27783,172.524672
27784,172.524292
27785,172.523911
27786,172.523531
27787,172.523150
27788,172.522770
27789,172.522390
27790,172.522009
27791,172.521629
27792,172.521249
27793,172.520868
27794,172.520488
27795,172.520108
27796,172.519728
27797,172.519348
27798,172.518968
27799,172.518588
27800,172.518208
27801,172.517828
27802,172.517448
27803,172.517068
27804,172.516688
27805,172.516308
27806,172.515928
27807,172.515548
27808,172.515169
27809,172.514789
27810,172.514409
27811,172.514029
27812,172.513650
27813,172.513270
27814,172.512891
27815,172.512511
27816,172.512132
27817,172.511752
27818,172.511373
27819,172.510993
27820,172.510614
27821,172.510235
27822,172.509855
27823,172.509476
27824,172.509097
27825,172.508718
27826,172.508338
27827,172.507959
27828,172.507580
27829,172.507201
27830,172.506822
27831,172.506443
27832,172.506064
27833,172.505685
27834,172.505306
27835,172.504927
27836,172.504548
27837,172.504170
27838,172.503791
27839,172.503412
27840,172.503033
27841,172.502655
27842,172.502276
27843,172.501897
27844,172.501519
27845,172.501140
27846,172.500762
27847,172.500383
27848,172.500005
27849,172.499626
27850,172.499248
27851,172.498870
27852,172.498491
27853,172.498113
27854,172.497735
27855,172.497357
27856,172.496978
27857,172.496600
27858,172.496222
27859,172.495844
27860,172.495466
27861,172.495088
27862,172.494710
27863,172.494332
27864,172.493954
27865,172.493576
27866,172.493198
27867,172.492820
27868,172.492443
27869,172.492065
27870,172.491687
27871,172.491309
27872,172.490932
27873,172.490554
27874,172.490176
27875,172.489799
27876,172.489421
27877,172.489044
27878,172.488666
27879,172.488289
27880,172.487911
27881,172.487534
27882,172.487157
27883,172.486779
27884,172.486402
27885,172.486025
27886,172.485648
27887,172.485270
27888,172.484893
27889,172.484516
27890,172.484139
27891,172.483762
27892,172.483385
27893,172.483008
27894,172.482631
27895,172.482254
27896,172.481877
27897,172.481500
27898,172.481124
27899,172.480747
27900,172.480370
27901,172.479993
27902,172.479617
27903,172.479240
27904,172.478863
27905,172.478487
27906,172.478110
27907,172.477734
27908,172.477357
27909,172.476981
27910,172.476604
27911,172.476228
27912,172.475851
27913,172.475475
27914,172.475099
27915,172.474722
27916,172.474346
27917,172.473970
27918,172.473594
27919,172.473218
27920,172.472841
27921,172.472465
27922,172.472089
27923,172.471713
27924,172.471337
27925,172.470961
27926,172.470585
27927,172.470210
27928,172.469834
27929,172.469458
27930,172.469082
27931,172.468706
27932,172.468331
27933,172.467955
27934,172.467579
27935,172.467204
27936,172.466828
27937,172.466452
27938,172.466077
27939,172.465701
27940,172.465326
27941,172.464950
27942,172.464575
27943,172.464200
27944,172.463824
27945,172.463449
27946,172.463074
27947,172.462699
27948,172.462323
27949,172.461948
27950,172.461573
27951,172.461198
27952,172.460823
27953,172.460448
27954,172.460073
27955,172.459698
27956,172.459323
27957,172.458948
27958,172.458573
27959,172.458198
27960,172.457823
27961,172.457448
27962,172.457074
27963,172.456699
27964,172.456324
27965,172.455950
27966,172.455575
27967,172.455200
27968,172.454826
27969,172.454451
27970,172.454077
27971,172.453702
27972,172.453328
27973,172.452953
27974,172.452579
27975,172.452205
27976,172.451830
27977,172.451456
27978,172.451082
27979,172.450708
27980,172.450334
27981,172.449959
27982,172.449585
27983,172.449211
27984,172.448837
27985,172.448463
27986,172.448089
27987,172.447715
27988,172.447341
27989,172.446967
27990,172.446594
27991,172.446220
27992,172.445846
27993,172.445472
27994,172.445098
27995,172.444725
27996,172.444351
27997,172.443977
27998,172.443604
27999,172.443230
28000,172.442857
28001,172.442483
28002,172.442110
28003,172.441736
28004,172.441363
28005,172.440990
28006,172.440616
28007,172.440243
28008,172.439870
28009,172.439496
28010,172.439123
28011,172.438750
28012,172.438377
28013,172.438004
28014,172.437631
28015,172.437258
28016,172.436885
28017,172.436512
28018,172.436139
28019,172.435766
28020,172.435393
28021,172.435020
28022,172.434647
28023,172.434274
28024,172.433901
28025,172.433529
28026,172.433156
28027,172.432783
28028,172.432411
28029,172.432038
28030,172.431666
28031,172.431293
28032,172.430921
28033,172.430548
28034,172.430176
28035,172.429803
28036,172.429431
28037,172.429058
28038,172.428686
28039,172.428314
28040,172.427942
28041,172.427569
28042,172.427197
28043,172.426825
28044,172.426453
28045,172.426081
28046,172.425709
28047,172.425337
28048,172.424965
28049,172.424593
28050,172.424221
28051,172.423849
28052,172.423477
28053,172.423105
28054,172.422733
28055,172.422362
28056,172.421990
28057,172.421618
28058,172.421247
28059,172.420875
28060,172.420503
28061,172.420132
28062,172.419760
28063,172.419389
28064,172.419017
28065,172.418646
28066,172.418274
28067,172.417903
28068,172.417532
28069,172.417160
28070,172.416789
28071,172.416418
28072,172.416046
28073,172.415675
28074,172.415304
28075,172.414933
28076,172.414562
28077,172.414191
28078,172.413820
28079,172.413449
28080,172.413078
28081,172.412707
28082,172.412336
28083,172.411965
28084,172.411594
28085,172.411223
28086,172.410853
28087,172.410482
28088,172.410111
28089,172.409740
28090,172.409370
28091,172.408999
28092,172.408629
28093,172.408258
28094,172.407887
28095,172.407517
28096,172.407147
28097,172.406776
28098,172.406406
28099,172.406035
28100,172.405665
28101,172.405295
28102,172.404924
28103,172.404554
28104,172.404184
28105,172.403814
28106,172.403444
28107,172.403074
28108,172.402703
28109,172.402333
28110,172.401963
28111,172.401593
28112,172.401223
28113,172.400854
28114,172.400484
28115,172.400114
28116,172.399744
28117,172.399374
28118,172.399004
28119,172.398635
28120,172.398265
28121,172.397895
28122,172.397526
28123,172.397156
28124,172.396787
28125,172.396417
28126,172.396047
28127,172.395678
28128,172.395309
28129,172.394939
28130,172.394570
28131,172.394200
28132,172.393831
28133,172.393462
28134,172.393093
28135,172.392723
28136,172.392354
28137,172.391985
28138,172.391616
28139,172.391247
28140,172.390878
28141,172.390509
28142,172.390140
28143,172.389771
28144,172.389402
28145,172.389033
28146,172.388664
28147,172.388295
28148,172.387926
28149,172.387558
28150,172.387189
28151,172.386820
28152,172.386451
28153,172.386083
28154,172.385714
28155,172.385346
28156,172.384977
28157,172.384609
28158,172.384240
28159,172.383872
28160,172.383503
28161,172.383135
28162,172.382766
28163,172.382398
28164,172.382030
28165,172.381661
28166,172.381293
28167,172.380925
28168,172.380557
28169,172.380189
28170,172.379821
28171,172.379453
28172,172.379084
28173,172.378716
28174,172.378348
28175,172.377981
28176,172.377613
28177,172.377245
28178,172.376877
28179,172.376509
28180,172.376141
28181,172.375773
28182,172.375406
28183,172.375038
28184,172.374670
28185,172.374303
28186,172.373935
28187,172.373568
28188,172.373200
28189,172.372833
28190,172.372465
28191,172.372098
28192,172.371730
28193,172.371363
28194,172.370995
28195,172.370628
28196,172.370261
28197,172.369894
28198,172.369526
28199,172.369159
28200,172.368792
28201,172.368425
28202,172.368058
28203,172.367691
28204,172.367324
28205,172.366957
28206,172.366590
28207,172.366223
28208,172.365856
28209,172.365489
28210,172.365122
28211,172.364755
28212,172.364389
28213,172.364022
28214,172.363655
28215,172.363288
28216,172.362922
28217,172.362555
28218,172.362189
28219,172.361822
28220,172.361455
28221,172.361089
28222,172.360722
28223,172.360356
28224,172.359990
28225,172.359623
28226,172.359257
28227,172.358891
28228,172.358524
28229,172.358158
28230,172.357792
28231,172.357426
28232,172.357060
28233,172.356693
28234,172.356327
28235,172.355961
28236,172.355595
28237,172.355229
28238,172.354863
28239,172.354497
28240,172.354131
28241,172.353766
28242,172.353400
28243,172.353034
28244,172.352668
28245,172.352302
28246,172.351937
28247,172.351571
28248,172.351205
28249,172.350840
28250,172.350474
28251,172.350109
28252,172.349743
28253,172.349378
28254,172.349012
28255,172.348647
28256,172.348281
28257,172.347916
28258,172.347551
28259,172.347185
28260,172.346820
28261,172.346455
28262,172.346090
28263,172.345724
28264,172.345359
28265,172.344994
28266,172.344629
28267,172.344264
28268,172.343899
28269,172.343534
28270,172.343169
28271,172.342804
28272,172.342439
28273,172.342074
28274,172.341710
28275,172.341345
28276,172.340980
28277,172.340615
28278,172.340251
28279,172.339886
28280,172.339521
28281,172.339157
28282,172.338792
28283,172.338428
28284,172.338063
28285,172.337699
28286,172.337334
28287,172.336970
28288,172.336605
28289,172.336241
28290,172.335877
28291,172.335512
28292,172.335148
28293,172.334784
28294,172.334420
28295,172.334055
28296,172.333691
28297,172.333327
28298,172.332963
28299,172.332599
28300,172.332235
28301,172.331871
28302,172.331507
28303,172.331143
28304,172.330779
28305,172.330415
28306,172.330052
28307,172.329688
28308,172.329324
28309,172.328960
28310,172.328597
28311,172.328233
28312,172.327869
28313,172.327506
28314,172.327142
28315,172.326779
28316,172.326415
28317,172.326052
28318,172.325688
28319,172.325325
28320,172.324961
28321,172.324598
28322,172.324235
28323,172.323871
28324,172.323508
28325,172.323145
28326,172.322782
28327,172.322418
28328,172.322055
28329,172.321692
28330,172.321329
28331,172.320966
28332,172.320603
28333,172.320240
28334,172.319877
28335,172.319514
28336,172.319151
28337,172.318788
28338,172.318426
28339,172.318063
28340,172.317700
28341,172.317337
28342,172.316975
28343,172.316612
28344,172.316249
28345,172.315887
28346,172.315524
28347,172.315162
28348,172.314799
28349,172.314437
28350,172.314074
28351,172.313712
28352,172.313349
28353,172.312987
28354,172.312625
28355,172.312262
28356,172.311900
28357,172.311538
28358,172.311176
28359,172.310814
28360,172.310451
28361,172.310089
28362,172.309727
28363,172.309365
28364,172.309003
28365,172.308641
28366,172.308279
28367,172.307917
28368,172.307555
28369,172.307194
28370,172.306832
28371,172.306470
28372,172.306108
28373,172.305746
28374,172.305385
28375,172.305023
28376,172.304661
28377,172.304300
28378,172.303938
28379,172.303577
28380,172.303215
28381,172.302854
28382,172.302492
28383,172.302131
28384,172.301769
28385,172.301408
28386,172.301047
28387,172.300685
28388,172.300324
28389,172.299963
28390,172.299602
28391,172.299241
28392,172.298879
28393,172.298518
28394,172.298157
28395,172.297796
28396,172.297435
28397,172.297074
28398,172.296713
28399,172.296352
28400,172.295991
28401,172.295630
28402,172.295270
28403,172.294909
28404,172.294548
28405,172.294187
28406,172.293827
28407,172.293466
28408,172.293105
28409,172.292745
28410,172.292384
28411,172.292024
28412,172.291663
28413,172.291303
28414,172.290942
28415,172.290582
28416,172.290221
28417,172.289861
28418,172.289501
28419,172.289140
28420,172.288780
28421,172.288420
28422,172.288059
28423,172.287699
28424,172.287339
28425,172.286979
28426,172.286619
28427,172.286259
28428,172.285899
28429,172.285539
28430,172.285179
28431,172.284819
28432,172.284459
28433,172.284099
28434,172.283739
28435,172.283380
28436,172.283020
28437,172.282660
28438,172.282300
28439,172.281941
28440,172.281581
28441,172.281221
28442,172.280862
28443,172.280502
28444,172.280143
28445,172.279783
28446,172.279424
28447,172.279064
28448,172.278705
28449,172.278345
28450,172.277986
28451,172.277627
28452,172.277268
28453,172.276908
28454,172.276549
28455,172.276190
28456,172.275831
28457,172.275472
28458,172.275112
28459,172.274753
28460,172.274394
28461,172.274035
28462,172.273676
28463,172.273317
28464,172.272959
28465,172.272600
28466,172.272241
28467,172.271882
28468,172.271523
28469,172.271164
28470,172.270806
28471,172.270447
28472,172.270088
28473,172.269730
28474,172.269371
28475,172.269013
28476,172.268654
28477,172.268295
28478,172.267937
28479,172.267579
28480,172.267220
28481,172.266862
28482,172.266503
28483,172.266145
28484,172.265787
28485,172.265428
28486,172.265070
28487,172.264712
28488,172.264354
28489,172.263996
28490,172.263638
28491,172.263280
28492,172.262921
28493,172.262563
28494,172.262205
28495,172.261848
28496,172.261490
28497,172.261132
28498,172.260774
28499,172.260416
28500,172.260058
28501,172.259700
28502,172.259343
28503,172.258985
28504,172.258627
28505,172.258270
28506,172.257912
28507,172.257554
28508,172.257197
28509,172.256839
28510,172.256482
28511,172.256124
28512,172.255767
28513,172.255410
28514,172.255052
28515,172.254695
28516,172.254338
28517,172.253980
28518,172.253623
28519,172.253266
28520,172.252909
28521,172.252551
28522,172.252194
28523,172.251837
28524,172.251480
28525,172.251123
28526,172.250766
28527,172.250409
28528,172.250052
28529,172.249695
28530,172.249338
28531,172.248982
28532,172.248625
28533,172.248268
28534,172.247911
28535,172.247554
28536,172.247198
28537,172.246841
28538,172.246484
28539,172.246128
28540,172.245771
28541,172.245415
28542,172.245058
28543,172.244702
28544,172.244345
28545,172.243989
28546,172.243633
28547,172.243276
28548,172.242920
28549,172.242564
28550,172.242207
28551,172.241851
28552,172.241495
28553,172.241139
28554,172.240783
28555,172.240426
28556,172.240070
28557,172.239714
28558,172.239358
28559,172.239002
28560,172.238646
28561,172.238290
28562,172.237934
28563,172.237579
28564,172.237223
28565,172.236867
28566,172.236511
28567,172.236155
28568,172.235800
28569,172.235444
28570,172.235088
28571,172.234733
28572,172.234377
28573,172.234022
28574,172.233666
28575,172.233311
28576,172.232955
28577,172.232600
28578,172.232244
28579,172.231889
28580,172.231534
28581,172.231178
28582,172.230823
28583,172.230468
28584,172.230112
28585,172.229757
28586,172.229402
28587,172.229047
28588,172.228692
28589,172.228337
28590,172.227982
28591,172.227627
28592,172.227272
28593,172.226917
28594,172.226562
28595,172.226207
28596,172.225852
28597,172.225497
28598,172.225142
28599,172.224788
28600,172.224433
28601,172.224078
28602,172.223724
28603,172.223369
28604,172.223014
28605,172.222660
28606,172.222305
28607,172.221951
28608,172.221596
28609,172.221242
28610,172.220887
28611,172.220533
28612,172.220179
28613,172.219824
28614,172.219470
28615,172.219116
28616,172.218761
28617,172.218407
28618,172.218053
28619,172.217699
28620,172.217345
28621,172.216991
28622,172.216636
28623,172.216282
28624,172.215928
28625,172.215574
28626,172.215221
28627,172.214867
28628,172.214513
28629,172.214159
28630,172.213805
28631,172.213451
28632,172.213098
28633,172.212744
28634,172.212390
28635,172.212036
28636,172.211683
28637,172.211329
28638,172.210976
28639,172.210622
28640,172.210269
28641,172.209915
28642,172.209562
28643,172.209208
28644,172.208855
28645,172.208501
28646,172.208148
28647,172.207795
28648,172.207441
28649,172.207088
28650,172.206735
28651,172.206382
28652,172.206029
28653,172.205676
28654,172.205322
28655,172.204969
28656,172.204616
28657,172.204263
28658,172.203910
28659,172.203557
28660,172.203205
28661,172.202852
28662,172.202499
28663,172.202146
28664,172.201793
28665,172.201440
28666,172.201088
28667,172.200735
28668,172.200382
28669,172.200030
28670,172.199677
28671,172.199325
28672,172.198972
28673,172.198619
28674,172.198267
28675,172.197915
28676,172.197562
28677,172.197210
28678,172.196857
28679,172.196505
28680,172.196153
28681,172.195800
28682,172.195448
28683,172.195096
28684,172.194744
28685,172.194392
28686,172.194040
28687,172.193687
28688,172.193335
28689,172.192983
28690,172.192631
28691,172.192279
28692,172.191927
28693,172.191576
28694,172.191224
28695,172.190872
28696,172.190520
28697,172.190168
28698,172.189816
28699,172.189465
28700,172.189113
28701,172.188761
28702,172.188410
28703,172.188058
28704,172.187707
28705,172.187355
28706,172.187003
28707,172.186652
28708,172.186301
28709,172.185949
28710,172.185598
28711,172.185246
28712,172.184895
28713,172.184544
28714,172.184192
28715,172.183841
28716,172.183490
28717,172.183139
28718,172.182788
28719,172.182436
28720,172.182085
28721,172.181734
28722,172.181383
28723,172.181032
28724,172.180681
28725,172.180330
28726,172.179979
28727,172.179629
28728,172.179278
28729,172.178927
28730,172.178576
28731,172.178225
28732,172.177875
28733,172.177524
28734,172.177173
28735,172.176823
28736,172.176472
28737,172.176121
28738,172.175771
28739,172.175420
28740,172.175070
28741,172.174719
28742,172.174369
28743,172.174019
28744,172.173668
28745,172.173318
28746,172.172968
28747,172.172617
28748,172.172267
28749,172.171917
28750,172.171567
28751,172.171216
28752,172.170866
28753,172.170516
28754,172.170166
28755,172.169816
28756,172.169466
28757,172.169116
28758,172.168766
28759,172.168416
28760,172.168066
28761,172.167717
28762,172.167367
28763,172.167017
28764,172.166667
28765,172.166317
28766,172.165968
28767,172.165618
28768,172.165268
28769,172.164919
28770,172.164569
28771,172.164220
28772,172.163870
28773,172.163521
28774,172.163171
28775,172.162822
28776,172.162472
28777,172.162123
28778,172.161774
28779,172.161424
28780,172.161075
28781,172.160726
28782,172.160377
28783,172.160027
28784,172.159678
28785,172.159329
28786,172.158980
28787,172.158631
28788,172.158282
28789,172.157933
28790,172.157584
28791,172.157235
28792,172.156886
28793,172.156537
28794,172.156188
28795,172.155839
28796,172.155491
28797,172.155142
28798,172.154793
28799,172.154444
28800,172.154096
28801,172.153747
28802,172.153398
28803,172.153050
28804,172.152701
28805,172.152353
28806,172.152004
28807,172.151656
28808,172.151307
28809,172.150959
28810,172.150610
28811,172.150262
28812,172.149914
28813,172.149565
28814,172.149217
28815,172.148869
28816,172.148521
28817,172.148173
28818,172.147824
28819,172.147476
28820,172.147128
28821,172.146780
28822,172.146432
28823,172.146084
28824,172.145736
28825,172.145388
28826,172.145040
28827,172.144692
28828,172.144345
28829,172.143997
28830,172.143649
28831,172.143301
28832,172.142954
28833,172.142606
28834,172.142258
28835,172.141911
28836,172.141563
28837,172.141215
28838,172.140868
28839,172.140520
28840,172.140173
28841,172.139825
28842,172.139478
28843,172.139131
28844,172.138783
28845,172.138436
28846,172.138089
28847,172.137741
28848,172.137394
28849,172.137047
28850,172.136700
28851,172.136352
28852,172.136005
28853,172.135658
28854,172.135311
28855,172.134964
28856,172.134617
28857,172.134270
28858,172.133923
28859,172.133576
28860,172.133229
28861,172.132883
28862,172.132536
28863,172.132189
28864,172.131842
28865,172.131495
28866,172.131149
28867,172.130802
28868,172.130455
28869,172.130109
28870,172.129762
28871,172.129416
28872,172.129069
28873,172.128723
28874,172.128376
28875,172.128030
28876,172.127683
28877,172.127337
28878,172.126990
28879,172.126644
28880,172.126298
28881,172.125952
28882,172.125605
28883,172.125259
28884,172.124913
28885,172.124567
28886,172.124221
28887,172.123875
28888,172.123529
28889,172.123183
28890,172.122837
28891,172.122491
28892,172.122145
28893,172.121799
28894,172.121453
28895,172.121107
28896,172.120761
28897,172.120415
28898,172.120070
28899,172.119724
28900,172.119378
28901,172.119033
28902,172.118687
28903,172.118341
28904,172.117996
28905,172.117650
28906,172.117305
28907,172.116959
28908,172.116614
28909,172.116268
28910,172.115923
28911,172.115578
28912,172.115232
28913,172.114887
28914,172.114542
28915,172.114196
28916,172.113851
28917,172.113506
28918,172.113161
28919,172.112816
28920,172.112471
28921,172.112126
28922,172.111780
28923,172.111435
28924,172.111090
28925,172.110746
28926,172.110401
28927,172.110056
28928,172.109711
28929,172.109366
28930,172.109021
28931,172.108676
28932,172.108332
28933,172.107987
28934,172.107642
28935,172.107298
28936,172.106953
28937,172.106608
28938,172.106264
28939,172.105919
28940,172.105575
28941,172.105230
28942,172.104886
28943,172.104541
28944,172.104197
28945,172.103853
28946,172.103508
28947,172.103164
28948,172.102820
28949,172.102476
28950,172.102131
28951,172.101787
28952,172.101443
28953,172.101099
28954,172.100755
28955,172.100411
28956,172.100067
28957,172.099723
28958,172.099379
28959,172.099035
28960,172.098691
28961,172.098347
28962,172.098003
28963,172.097659
28964,172.097315
28965,172.096972
28966,172.096628
28967,172.096284
28968,172.095941
28969,172.095597
28970,172.095253
28971,172.094910
28972,172.094566
28973,172.094223
28974,172.093879
28975,172.093536
28976,172.093192
28977,172.092849
28978,172.092505
28979,172.092162
28980,172.091819
28981,172.091475
28982,172.091132
28983,172.090789
28984,172.090446
28985,172.090102
28986,172.089759
28987,172.089416
28988,172.089073
28989,172.088730
28990,172.088387
28991,172.088044
28992,172.087701
28993,172.087358
28994,172.087015
28995,172.086672
28996,172.086329
28997,172.085987
28998,172.085644
28999,172.085301
29000,172.084958
29001,172.084616
29002,172.084273
29003,172.083930
29004,172.083588
29005,172.083245
29006,172.082903
29007,172.082560
29008,172.082218
29009,172.081875
29010,172.081533
29011,172.081190
29012,172.080848
29013,172.080505
29014,172.080163
29015,172.079821
29016,172.079479
29017,172.079136
29018,172.078794
29019,172.078452
29020,172.078110
29021,172.077768
29022,172.077426
29023,172.077084
29024,172.076742
29025,172.076400
29026,172.076058
29027,172.075716
29028,172.075374
29029,172.075032
29030,172.074690
29031,172.074348
29032,172.074006
29033,172.073665
29034,172.073323
29035,172.072981
29036,172.072639
29037,172.072298
29038,172.071956
29039,172.071615
29040,172.071273
29041,172.070932
29042,172.070590
29043,172.070249
29044,172.069907
29045,172.069566
29046,172.069224
29047,172.068883
29048,172.068542
29049,172.068200
29050,172.067859
29051,172.067518
29052,172.067177
29053,172.066835
29054,172.066494
29055,172.066153
29056,172.065812
29057,172.065471
29058,172.065130
29059,172.064789
29060,172.064448
29061,172.064107
29062,172.063766
29063,172.063425
29064,172.063084
29065,172.062744
29066,172.062403
29067,172.062062
29068,172.061721
29069,172.061381
29070,172.061040
29071,172.060699
29072,172.060359
29073,172.060018
29074,172.059678
29075,172.059337
29076,172.058997
29077,172.058656
29078,172.058316
29079,172.057975
29080,172.057635
29081,172.057294
29082,172.056954
29083,172.056614
29084,172.056274
29085,172.055933
29086,172.055593
29087,172.055253
29088,172.054913
29089,172.054573
29090,172.054233
29091,172.053893
29092,172.053552
29093,172.053212
29094,172.052873
29095,172.052533
29096,172.052193
29097,172.051853
29098,172.051513
29099,172.051173
29100,172.050833
29101,172.050493
29102,172.050154
29103,172.049814
29104,172.049474
29105,172.049135
29106,172.048795
29107,172.048455
29108,172.048116
29109,172.047776
29110,172.047437
29111,172.047097
29112,172.046758
29113,172.046419
29114,172.046079
29115,172.045740
29116,172.045400
29117,172.045061
29118,172.044722
29119,172.044383
29120,172.044043
29121,172.043704
29122,172.043365
29123,172.043026
29124,172.042687
29125,172.042348
29126,172.042009
29127,172.041670
29128,172.041331
29129,172.040992
29130,172.040653
29131,172.040314
29132,172.039975
29133,172.039636
29134,172.039297
29135,172.038959
29136,172.038620
29137,172.038281
29138,172.037943
29139,172.037604
29140,172.037265
29141,172.036927
29142,172.036588
29143,172.036250
29144,172.035911
29145,172.035573
29146,172.035234
29147,172.034896
29148,172.034557
29149,172.034219
29150,172.033881
29151,172.033542
29152,172.033204
29153,172.032866
29154,172.032527
29155,172.032189
29156,172.031851
29157,172.031513
29158,172.031175
29159,172.030837
29160,172.030499
29161,172.030161
29162,172.029823
29163,172.029485
29164,172.029147
29165,172.028809
29166,172.028471
29167,172.028133
29168,172.027795
29169,172.027458
29170,172.027120
29171,172.026782
29172,172.026444
29173,172.026107
29174,172.025769
29175,172.025431
29176,172.025094
29177,172.024756
29178,172.024419
29179,172.024081
29180,172.023744
29181,172.023406
29182,172.023069
29183,172.022732
29184,172.022394
29185,172.022057
29186,172.021720
29187,172.021382
29188,172.021045
29189,172.020708
29190,172.020371
29191,172.020034
29192,172.019696
29193,172.019359
29194,172.019022
29195,172.018685
29196,172.018348
29197,172.018011
29198,172.017674
29199,172.017337
29200,172.017001
29201,172.016664
29202,172.016327
29203,172.015990
29204,172.015653
29205,172.015317
29206,172.014980
29207,172.014643
29208,172.014306
29209,172.013970
29210,172.013633
29211,172.013297
29212,172.012960
29213,172.012624
29214,172.012287
29215,172.011951
29216,172.011614
29217,172.011278
29218,172.010941
29219,172.010605
29220,172.010269
29221,172.009933
29222,172.009596
29223,172.009260
29224,172.008924
29225,172.008588
29226,172.008252
29227,172.007915
29228,172.007579
29229,172.007243
29230,172.006907
29231,172.006571
29232,172.006235
29233,172.005899
29234,172.005564
29235,172.005228
29236,172.004892
29237,172.004556
29238,172.004220
29239,172.003884
29240,172.003549
29241,172.003213
29242,172.002877
29243,172.002542
29244,172.002206
29245,172.001870
29246,172.001535
29247,172.001199
29248,172.000864
29249,172.000528
29250,172.000193
29251,171.999858
29252,171.999522
29253,171.999187
29254,171.998851
29255,171.998516
29256,171.998181
29257,171.997846
29258,171.997510
29259,171.997175
29260,171.996840
29261,171.996505
29262,171.996170
29263,171.995835
29264,171.995500
29265,171.995165
29266,171.994830
29267,171.994495
29268,171.994160
29269,171.993825
29270,171.993490
29271,171.993155
29272,171.992821
29273,171.992486
29274,171.992151
29275,171.991816
29276,171.991482
29277,171.991147
29278,171.990812
29279,171.990478
29280,171.990143
29281,171.989809
29282,171.989474
29283,171.989140
29284,171.988805
29285,171.988471
29286,171.988136
29287,171.987802
29288,171.987467
29289,171.987133
29290,171.986799
29291,171.986465
29292,171.986130
29293,171.985796
29294,171.985462
29295,171.985128
29296,171.984794
29297,171.984460
29298,171.984126
29299,171.983792
29300,171.983458
29301,171.983124
29302,171.982790
29303,171.982456
29304,171.982122
29305,171.981788
29306,171.981454
29307,171.981120
29308,171.980787
29309,171.980453
29310,171.980119
29311,171.979785
29312,171.979452
29313,171.979118
29314,171.978785
29315,171.978451
29316,171.978117
29317,171.977784
29318,171.977450
29319,171.977117
29320,171.976784
29321,171.976450
29322,171.976117
29323,171.975783
29324,171.975450
29325,171.975117
29326,171.974784
29327,171.974450
29328,171.974117
29329,171.973784
29330,171.973451
29331,171.973118
29332,171.972785
29333,171.972452
29334,171.972119
29335,171.971786
29336,171.971453
29337,171.971120
29338,171.970787
29339,171.970454
29340,171.970121
29341,171.969788
29342,171.969455
29343,171.969123
29344,171.968790
29345,171.968457
29346,171.968124
29347,171.967792
29348,171.967459
29349,171.967127
29350,171.966794
29351,171.966461
29352,171.966129
29353,171.965796
29354,171.965464
29355,171.965132
29356,171.964799
29357,171.964467
29358,171.964134
29359,171.963802
29360,171.963470
29361,171.963138
29362,171.962805
29363,171.962473
29364,171.962141
29365,171.961809
29366,171.961477
29367,171.961145
29368,171.960813
29369,171.960481
29370,171.960149
29371,171.959817
29372,171.959485
29373,171.959153
29374,171.958821
29375,171.958489
29376,171.958157
29377,171.957825
29378,171.957494
29379,171.957162
29380,171.956830
29381,171.956498
29382,171.956167
29383,171.955835
29384,171.955504
29385,171.955172
29386,171.954840
29387,171.954509
29388,171.954177
29389,171.953846
29390,171.953515
29391,171.953183
29392,171.952852
29393,171.952520
29394,171.952189
29395,171.951858
29396,171.951527
29397,171.951195
29398,171.950864
29399,171.950533
29400,171.950202
29401,171.949871
29402,171.949540
29403,171.949209
29404,171.948878
29405,171.948547
29406,171.948216
29407,171.947885
29408,171.947554
29409,171.947223
29410,171.946892
29411,171.946561
29412,171.946230
29413,171.945900
29414,171.945569
29415,171.945238
29416,171.944907
29417,171.944577
29418,171.944246
29419,171.943916
29420,171.943585
29421,171.943254
29422,171.942924
29423,171.942593
29424,171.942263
29425,171.941933
29426,171.941602
29427,171.941272
29428,171.940941
29429,171.940611
29430,171.940281
29431,171.939951
29432,171.939620
29433,171.939290
29434,171.938960
29435,171.938630
29436,171.938300
29437,171.937970
29438,171.937640
29439,171.937310
29440,171.936980
29441,171.936650
29442,171.936320
29443,171.935990
29444,171.935660
29445,171.935330
29446,171.935000
29447,171.934670
29448,171.934341
29449,171.934011
29450,171.933681
29451,171.933351
29452,171.933022
29453,171.932692
29454,171.932362
29455,171.932033
29456,171.931703
29457,171.931374
29458,171.931044
29459,171.930715
29460,171.930385
29461,171.930056
29462,171.929727
29463,171.929397
29464,171.929068
29465,171.928739
29466,171.928409
29467,171.928080
29468,171.927751
29469,171.927422
29470,171.927093
29471,171.926763
29472,171.926434
29473,171.926105
29474,171.925776
29475,171.925447
29476,171.925118
29477,171.924789
29478,171.924460
29479,171.924131
29480,171.923803
29481,171.923474
29482,171.923145
29483,171.922816
29484,171.922487
29485,171.922159
29486,171.921830
29487,171.921501
29488,171.921173
29489,171.920844
29490,171.920515
29491,171.920187
29492,171.919858
29493,171.919530
29494,171.919201
29495,171.918873
29496,171.918544
29497,171.918216
29498,171.917888
29499,171.917559
29500,171.917231
29501,171.916903
29502,171.916575
29503,171.916246
29504,171.915918
29505,171.915590
29506,171.915262
29507,171.914934
29508,171.914606
29509,171.914278
29510,171.913950
29511,171.913622
29512,171.913294
29513,171.912966
29514,171.912638
29515,171.912310
29516,171.911982
29517,171.911654
29518,171.911326
29519,171.910999
29520,171.910671
29521,171.910343
29522,171.910015
29523,171.909688
29524,171.909360
29525,171.909033
29526,171.908705
29527,171.908377
29528,171.908050
29529,171.907722
29530,171.907395
29531,171.907068
29532,171.906740
29533,171.906413
29534,171.906085
29535,171.905758
29536,171.905431
29537,171.905104
29538,171.904776
29539,171.904449
29540,171.904122
29541,171.903795
29542,171.903468
29543,171.903141
29544,171.902813
29545,171.902486
29546,171.902159
29547,171.901832
29548,171.901506
29549,171.901179
29550,171.900852
29551,171.900525
29552,171.900198
29553,171.899871
29554,171.899544
29555,171.899218
29556,171.898891
29557,171.898564
29558,171.898238
29559,171.897911
29560,171.897584
29561,171.897258
29562,171.896931
29563,171.896605
29564,171.896278
29565,171.895952
29566,171.895625
29567,171.895299
29568,171.894972
29569,171.894646
29570,171.894320
29571,171.893993
29572,171.893667
29573,171.893341
29574,171.893015
29575,171.892688
29576,171.892362
29577,171.892036
29578,171.891710
29579,171.891384
29580,171.891058
29581,171.890732
29582,171.890406
29583,171.890080
29584,171.889754
29585,171.889428
29586,171.889102
29587,171.888776
29588,171.888450
29589,171.888125
29590,171.887799
29591,171.887473
29592,171.887147
29593,171.886822
29594,171.886496
29595,171.886170
29596,171.885845
29597,171.885519
29598,171.885194
29599,171.884868
29600,171.884543
29601,171.884217
29602,171.883892
29603,171.883566
29604,171.883241
29605,171.882916
29606,171.882590
29607,171.882265
29608,171.881940
29609,171.881614
29610,171.881289
29611,171.880964
29612,171.880639
29613,171.880314
29614,171.879989
29615,171.879664
29616,171.879338
29617,171.879013
29618,171.878688
29619,171.878364
29620,171.878039
29621,171.877714
29622,171.877389
29623,171.877064
29624,171.876739
29625,171.876414
29626,171.876090
29627,171.875765
29628,171.875440
29629,171.875115
29630,171.874791
29631,171.874466
29632,171.874142
29633,171.873817
29634,171.873492
29635,171.873168
29636,171.872843
29637,171.872519
29638,171.872195
29639,171.871870
29640,171.871546
29641,171.871221
29642,171.870897
29643,171.870573
29644,171.870249
29645,171.869924
29646,171.869600
29647,171.869276
29648,171.868952
29649,171.868628
29650,171.868304
29651,171.867979
29652,171.867655
29653,171.867331
29654,171.867007
29655,171.866683
29656,171.866359
29657,171.866036
29658,171.865712
29659,171.865388
29660,171.865064
29661,171.864740
29662,171.864416
29663,171.864093
29664,171.863769
29665,171.863445
29666,171.863122
29667,171.862798
29668,171.862475
29669,171.862151
29670,171.861827
29671,171.861504
29672,171.861180
29673,171.860857
29674,171.860534
29675,171.860210
29676,171.859887
29677,171.859563
29678,171.859240
29679,171.858917
29680,171.858594
29681,171.858270
29682,171.857947
29683,171.857624
29684,171.857301
29685,171.856978
29686,171.856655
29687,171.856331
29688,171.856008
29689,171.855685
29690,171.855362
29691,171.855039
29692,171.854717
29693,171.854394
29694,171.854071
29695,171.853748
29696,171.853425
29697,171.853102
29698,171.852780
29699,171.852457
29700,171.852134
29701,171.851811
29702,171.851489
29703,171.851166
29704,171.850844
29705,171.850521
29706,171.850198
29707,171.849876
29708,171.849553
29709,171.849231
29710,171.848909
29711,171.848586
29712,171.848264
29713,171.847941
29714,171.847619
29715,171.847297
29716,171.846975
29717,171.846652
29718,171.846330
29719,171.846008
29720,171.845686
29721,171.845364
29722,171.845042
29723,171.844719
29724,171.844397
29725,171.844075
29726,171.843753
29727,171.843431
29728,171.843110
29729,171.842788
29730,171.842466
29731,171.842144
29732,171.841822
29733,171.841500
29734,171.841179
29735,171.840857
29736,171.840535
29737,171.840213
29738,171.839892
29739,171.839570
29740,171.839249
29741,171.838927
29742,171.838605
29743,171.838284
29744,171.837962
29745,171.837641
29746,171.837320
29747,171.836998
29748,171.836677
29749,171.836355
29750,171.836034
29751,171.835713
29752,171.835391
29753,171.835070
29754,171.834749
29755,171.834428
29756,171.834107
29757,171.833786
29758,171.833464
29759,171.833143
29760,171.832822
29761,171.832501
29762,171.832180
29763,171.831859
29764,171.831538
29765,171.831218
29766,171.830897
29767,171.830576
29768,171.830255
29769,171.829934
29770,171.829613
29771,171.829293
29772,171.828972
29773,171.828651
29774,171.828331
29775,171.828010
29776,171.827689
29777,171.827369
29778,171.827048
29779,171.826728
29780,171.826407
29781,171.826087
29782,171.825766
29783,171.825446
29784,171.825125
29785,171.824805
29786,171.824485
29787,171.824165
29788,171.823844
29789,171.823524
29790,171.823204
29791,171.822884
29792,171.822563
29793,171.822243
29794,171.821923
29795,171.821603
29796,171.821283
29797,171.820963
29798,171.820643
29799,171.820323
29800,171.820003
29801,171.819683
29802,171.819363
29803,171.819043
29804,171.818724
29805,171.818404
29806,171.818084
29807,171.817764
29808,171.817445
29809,171.817125
29810,171.816805
29811,171.816486
29812,171.816166
29813,171.815846
29814,171.815527
29815,171.815207
29816,171.814888
29817,171.814568
29818,171.814249
29819,171.813929
29820,171.813610
29821,171.813291
29822,171.812971
29823,171.812652
29824,171.812333
29825,171.812013
29826,171.811694
29827,171.811375
29828,171.811056
29829,171.810737
29830,171.810418
29831,171.810098
29832,171.809779
29833,171.809460
29834,171.809141
29835,171.808822
29836,171.808503
29837,171.808184
29838,171.807866
29839,171.807547
29840,171.807228
29841,171.806909
29842,171.806590
29843,171.806271
29844,171.805953
29845,171.805634
29846,171.805315
29847,171.804997
29848,171.804678
29849,171.804359
29850,171.804041
29851,171.803722
29852,171.803404
29853,171.803085
29854,171.802767
29855,171.802448
29856,171.802130
29857,171.801812
29858,171.801493
29859,171.801175
29860,171.800857
29861,171.800538
29862,171.800220
29863,171.799902
29864,171.799584
29865,171.799266
29866,171.798947
29867,171.798629
29868,171.798311
29869,171.797993
29870,171.797675
29871,171.797357
29872,171.797039
29873,171.796721
29874,171.796403
29875,171.796086
29876,171.795768
29877,171.795450
29878,171.795132
29879,171.794814
29880,171.794496
29881,171.794179
29882,171.793861
29883,171.793543
29884,171.793226
29885,171.792908
29886,171.792591
29887,171.792273
29888,171.791955
29889,171.791638
29890,171.791320
29891,171.791003
29892,171.790686
29893,171.790368
29894,171.790051
29895,171.789734
29896,171.789416
29897,171.789099
29898,171.788782
29899,171.788464
29900,171.788147
29901,171.787830
29902,171.787513
29903,171.787196
29904,171.786879
29905,171.786562
29906,171.786245
29907,171.785928
29908,171.785611
29909,171.785294
29910,171.784977
29911,171.784660
29912,171.784343
29913,171.784026
29914,171.783709
29915,171.783392
29916,171.783076
29917,171.782759
29918,171.782442
29919,171.782126
29920,171.781809
29921,171.781492
29922,171.781176
29923,171.780859
29924,171.780542
29925,171.780226
29926,171.779909
29927,171.779593
29928,171.779277
29929,171.778960
29930,171.778644
29931,171.778327
29932,171.778011
29933,171.777695
29934,171.777378
29935,171.777062
29936,171.776746
29937,171.776430
29938,171.776114
29939,171.775797
29940,171.775481
29941,171.775165
29942,171.774849
29943,171.774533
29944,171.774217
29945,171.773901
29946,171.773585
29947,171.773269
29948,171.772953
29949,171.772638
29950,171.772322
29951,171.772006
29952,171.771690
29953,171.771374
29954,171.771059
29955,171.770743
29956,171.770427
29957,171.770112
29958,171.769796
29959,171.769480
29960,171.769165
29961,171.768849
29962,171.768534
29963,171.768218
29964,171.767903
29965,171.767587
29966,171.767272
29967,171.766957
29968,171.766641
29969,171.766326
29970,171.766011
29971,171.765695
29972,171.765380
29973,171.765065
29974,171.764750
29975,171.764434
29976,171.764119
29977,171.763804
29978,171.763489
29979,171.763174
29980,171.762859
29981,171.762544
29982,171.762229
29983,171.761914
29984,171.761599
29985,171.761284
29986,171.760969
29987,171.760655
29988,171.760340
29989,171.760025
29990,171.759710
29991,171.759395
29992,171.759081
29993,171.758766
29994,171.758451
29995,171.758137
29996,171.757822
29997,171.757508
29998,171.757193
29999,171.756879
30000,171.756564
30001,171.756250
30002,171.755935
30003,171.755621
30004,171.755306
30005,171.754992
30006,171.754678
30007,171.754363
30008,171.754049
30009,171.753735
30010,171.753421
30011,171.753107
30012,171.752792
30013,171.752478
30014,171.752164
30015,171.751850
30016,171.751536
30017,171.751222
30018,171.750908
30019,171.750594
30020,171.750280
30021,171.749966
30022,171.749652
30023,171.749338
30024,171.749025
30025,171.748711
30026,171.748397
30027,171.748083
30028,171.747769
30029,171.747456
30030,171.747142
30031,171.746828
30032,171.746515
30033,171.746201
30034,171.745888
30035,171.745574
30036,171.745261
30037,171.744947
30038,171.744634
30039,171.744320
30040,171.744007
30041,171.743693
30042,171.743380
30043,171.743067
30044,171.742753
30045,171.742440
30046,171.742127
30047,171.741814
30048,171.741500
30049,171.741187
30050,171.740874
30051,171.740561
30052,171.740248
30053,171.739935
30054,171.739622
30055,171.739309
30056,171.738996
30057,171.738683
30058,171.738370
30059,171.738057
30060,171.737744
30061,171.737431
30062,171.737119
30063,171.736806
30064,171.736493
30065,171.736180
30066,171.735868
30067,171.735555
30068,171.735242
30069,171.734930
30070,171.734617
30071,171.734304
30072,171.733992
30073,171.733679
30074,171.733367
30075,171.733054
30076,171.732742
30077,171.732430
30078,171.732117
30079,171.731805
30080,171.731492
30081,171.731180
30082,171.730868
30083,171.730556
30084,171.730243
30085,171.729931
30086,171.729619
30087,171.729307
30088,171.728995
30089,171.728683
30090,171.728371
30091,171.728059
30092,171.727747
30093,171.727435
30094,171.727123
30095,171.726811
30096,171.726499
30097,171.726187
30098,171.725875
30099,171.725563
30100,171.725251
30101,171.724940
30102,171.724628
30103,171.724316
30104,171.724005
30105,171.723693
30106,171.723381
30107,171.723070
30108,171.722758
30109,171.722446
30110,171.722135
30111,171.721823
30112,171.721512
30113,171.721201
30114,171.720889
30115,171.720578
30116,171.720266
30117,171.719955
30118,171.719644
30119,171.719332
30120,171.719021
30121,171.718710
30122,171.718399
30123,171.718088
30124,171.717776
30125,171.717465
30126,171.717154
30127,171.716843
30128,171.716532
30129,171.716221
30130,171.715910
30131,171.715599
30132,171.715288
30133,171.714977
30134,171.714666
30135,171.714355
30136,171.714045
30137,171.713734
30138,171.713423
30139,171.713112
30140,171.712802
30141,171.712491
30142,171.712180
30143,171.711870
30144,171.711559
30145,171.711248
30146,171.710938
30147,171.710627
30148,171.710317
30149,171.710006
30150,171.709696
30151,171.709385
30152,171.709075
30153,171.708765
30154,171.708454
30155,171.708144
30156,171.707834
30157,171.707523
30158,171.707213
30159,171.706903
30160,171.706593
30161,171.706282
30162,171.705972
30163,171.705662
30164,171.705352
30165,171.705042
30166,171.704732
30167,171.704422
30168,171.704112
30169,171.703802
30170,171.703492
30171,171.703182
30172,171.702872
30173,171.702563
30174,171.702253
30175,171.701943
30176,171.701633
30177,171.701323
30178,171.701014
30179,171.700704
30180,171.700394
30181,171.700085
30182,171.699775
30183,171.699466
30184,171.699156
30185,171.698847
30186,171.698537
30187,171.698228
30188,171.697918
30189,171.697609
30190,171.697299
30191,171.696990
30192,171.696681
30193,171.696371
30194,171.696062
30195,171.695753
30196,171.695443
30197,171.695134
30198,171.694825
30199,171.694516
30200,171.694207
30201,171.693898
30202,171.693589
30203,171.693280
30204,171.692971
30205,171.692662
30206,171.692353
30207,171.692044
30208,171.691735
30209,171.691426
30210,171.691117
30211,171.690808
30212,171.690499
30213,171.690191
30214,171.689882
30215,171.689573
30216,171.689264
30217,171.688956
30218,171.688647
30219,171.688338
30220,171.688030
30221,171.687721
30222,171.687413
30223,171.687104
30224,171.686796
30225,171.686487
30226,171.686179
30227,171.685870
30228,171.685562
30229,171.685254
30230,171.684945
30231,171.684637
30232,171.684329
30233,171.684021
30234,171.683712
30235,171.683404
30236,171.683096
30237,171.682788
30238,171.682480
30239,171.682172
30240,171.681864
30241,171.681555
30242,171.681247
30243,171.680939
30244,171.680632
30245,171.680324
30246,171.680016
30247,171.679708
30248,171.679400
30249,171.679092
30250,171.678784
30251,171.678477
30252,171.678169
30253,171.677861
30254,171.677553
30255,171.677246
30256,171.676938
30257,171.676630
30258,171.676323
30259,171.676015
30260,171.675708
30261,171.675400
30262,171.675093
30263,171.674785
30264,171.674478
30265,171.674170
30266,171.673863
30267,171.673556
30268,171.673248
30269,171.672941
30270,171.672634
30271,171.672327
30272,171.672019
30273,171.671712
30274,171.671405
30275,171.671098
30276,171.670791
30277,171.670484
30278,171.670177
30279,171.669870
30280,171.669563
30281,171.669256
30282,171.668949
30283,171.668642
30284,171.668335
30285,171.668028
30286,171.667721
30287,171.667414
30288,171.667107
30289,171.666801
30290,171.666494
30291,171.666187
30292,171.665881
30293,171.665574
30294,171.665267
30295,171.664961
30296,171.664654
30297,171.664348
30298,171.664041
30299,171.663734
30300,171.663428
30301,171.663122
30302,171.662815
30303,171.662509
30304,171.662202
30305,171.661896
30306,171.661590
30307,171.661283
30308,171.660977
30309,171.660671
30310,171.660365
30311,171.660058
30312,171.659752
30313,171.659446
30314,171.659140
30315,171.658834
30316,171.658528
30317,171.658222
30318,171.657916
30319,171.657610
30320,171.657304
30321,171.656998
30322,171.656692
30323,171.656386
30324,171.656080
30325,171.655775
30326,171.655469
30327,171.655163
30328,171.654857
30329,171.654552
30330,171.654246
30331,171.653940
30332,171.653635
30333,171.653329
30334,171.653023
30335,171.652718
30336,171.652412
30337,171.652107
30338,171.651801
30339,171.651496
30340,171.651190
30341,171.650885
30342,171.650580
30343,171.650274
30344,171.649969
30345,171.649664
30346,171.649358
30347,171.649053
30348,171.648748
30349,171.648443
30350,171.648138
30351,171.647832
30352,171.647527
30353,171.647222
30354,171.646917
30355,171.646612
30356,171.646307
30357,171.646002
30358,171.645697
30359,171.645392
30360,171.645087
30361,171.644782
30362,171.644478
30363,171.644173
30364,171.643868
30365,171.643563
30366,171.643258
30367,171.642954
30368,171.642649
30369,171.642344
30370,171.642040
30371,171.641735
30372,171.641431
30373,171.641126
30374,171.640821
30375,171.640517
30376,171.640212
30377,171.639908
30378,171.639604
30379,171.639299
30380,171.638995
30381,171.638690
30382,171.638386
30383,171.638082
30384,171.637777
30385,171.637473
30386,171.637169
30387,171.636865
30388,171.636561
30389,171.636256
30390,171.635952
30391,171.635648
30392,171.635344
30393,171.635040
30394,171.634736
30395,171.634432
30396,171.634128
30397,171.633824
30398,171.633520
30399,171.633216
30400,171.632913
30401,171.632609
30402,171.632305
30403,171.632001
30404,171.631697
30405,171.631394
30406,171.631090
30407,171.630786
30408,171.630483
30409,171.630179
30410,171.629876
30411,171.629572
30412,171.629268
30413,171.628965
30414,171.628661
30415,171.628358
30416,171.628054
30417,171.627751
30418,171.627448
30419,171.627144
30420,171.626841
30421,171.626538
30422,171.626234
30423,171.625931
30424,171.625628
30425,171.625325
30426,171.625022
30427,171.624718
30428,171.624415
30429,171.624112
30430,171.623809
30431,171.623506
30432,171.623203
30433,171.622900
30434,171.622597
30435,171.622294
30436,171.621991
30437,171.621688
30438,171.621385
30439,171.621083
30440,171.620780
30441,171.620477
30442,171.620174
30443,171.619871
30444,171.619569
30445,171.619266
30446,171.618963
30447,171.618661
30448,171.618358
30449,171.618056
30450,171.617753
30451,171.617451
30452,171.617148
30453,171.616846
30454,171.616543
30455,171.616241
30456,171.615938
30457,171.615636
30458,171.615334
30459,171.615031
30460,171.614729
30461,171.614427
30462,171.614124
30463,171.613822
30464,171.613520
30465,171.613218
30466,171.612916
30467,171.612614
30468,171.612312
30469,171.612009
30470,171.611707
30471,171.611405
30472,171.611103
30473,171.610801
30474,171.610500
30475,171.610198
30476,171.609896
30477,171.609594
30478,171.609292
30479,171.608990
30480,171.608689
30481,171.608387
30482,171.608085
30483,171.607783
30484,171.607482
30485,171.607180
30486,171.606878
30487,171.606577
30488,171.606275
30489,171.605974
30490,171.605672
30491,171.605371
30492,171.605069
30493,171.604768
30494,171.604466
30495,171.604165
30496,171.603864
30497,171.603562
30498,171.603261
30499,171.602960
30500,171.602658
30501,171.602357
30502,171.602056
30503,171.601755
30504,171.601454
30505,171.601153
30506,171.600851
30507,171.600550
30508,171.600249
30509,171.599948
30510,171.599647
30511,171.599346
30512,171.599045
30513,171.598745
30514,171.598444
30515,171.598143
30516,171.597842
30517,171.597541
30518,171.597240
30519,171.596940
30520,171.596639
30521,171.596338
30522,171.596037
30523,171.595737
30524,171.595436
30525,171.595136
30526,171.594835
30527,171.594534
30528,171.594234
30529,171.593933
30530,171.593633
30531,171.593332
30532,171.593032
30533,171.592732
30534,171.592431
30535,171.592131
30536,171.591831
30537,171.591530
30538,171.591230
30539,171.590930
30540,171.590629
30541,171.590329
30542,171.590029
30543,171.589729
30544,171.589429
30545,171.589129
30546,171.588829
30547,171.588529
30548,171.588229
30549,171.587929
30550,171.587629
30551,171.587329
30552,171.587029
30553,171.586729
30554,171.586429
30555,171.586129
30556,171.585829
30557,171.585530
30558,171.585230
30559,171.584930
30560,171.584630
30561,171.584331
30562,171.584031
30563,171.583731
30564,171.583432
30565,171.583132
30566,171.582833
30567,171.582533
30568,171.582234
30569,171.581934
30570,171.581635
30571,171.581335
30572,171.581036
30573,171.580737
30574,171.580437
30575,171.580138
30576,171.579839
30577,171.579539
30578,171.579240
30579,171.578941
30580,171.578642
30581,171.578343
30582,171.578043
30583,171.577744
30584,171.577445
30585,171.577146
30586,171.576847
30587,171.576548
30588,171.576249
30589,171.575950
30590,171.575651
30591,171.575352
30592,171.575053
30593,171.574755
30594,171.574456
30595,171.574157
30596,171.573858
30597,171.573559
30598,171.573261
30599,171.572962
30600,171.572663
30601,171.572365
30602,171.572066
30603,171.571767
30604,171.571469
30605,171.571170
30606,171.570872
30607,171.570573
30608,171.570275
30609,171.569976
30610,171.569678
30611,171.569380
30612,171.569081
30613,171.568783
30614,171.568485
30615,171.568186
30616,171.567888
30617,171.567590
30618,171.567291
30619,171.566993
30620,171.566695
30621,171.566397
30622,171.566099
30623,171.565801
30624,171.565503
30625,171.565205
30626,171.564907
30627,171.564609
30628,171.564311
30629,171.564013
30630,171.563715
30631,171.563417
30632,171.563119
30633,171.562821
30634,171.562524
30635,171.562226
30636,171.561928
30637,171.561630
30638,171.561333
30639,171.561035
30640,171.560737
30641,171.560440
30642,171.560142
30643,171.559844
30644,171.559547
30645,171.559249
30646,171.558952
30647,171.558654
30648,171.558357
30649,171.558060
30650,171.557762
30651,171.557465
30652,171.557167
30653,171.556870
30654,171.556573
30655,171.556276
30656,171.555978
30657,171.555681
30658,171.555384
30659,171.555087
30660,171.554790
30661,171.554492
30662,171.554195
30663,171.553898
30664,171.553601
30665,171.553304
30666,171.553007
30667,171.552710
30668,171.552413
30669,171.552116
30670,171.551820
30671,171.551523
30672,171.551226
30673,171.550929
30674,171.550632
30675,171.550336
30676,171.550039
30677,171.549742
30678,171.549445
30679,171.549149
30680,171.548852
30681,171.548555
30682,171.548259
30683,171.547962
30684,171.547666
30685,171.547369
30686,171.547073
30687,171.546776
30688,171.546480
30689,171.546184
30690,171.545887
30691,171.545591
30692,171.545295
30693,171.544998
30694,171.544702
30695,171.544406
30696,171.544109
30697,171.543813
30698,171.543517
30699,171.543221
30700,171.542925
30701,171.542629
30702,171.542333
30703,171.542037
30704,171.541741
30705,171.541445
30706,171.541149
30707,171.540853
30708,171.540557
30709,171.540261
30710,171.539965
30711,171.539669
30712,171.539373
30713,171.539078
30714,171.538782
30715,171.538486
30716,171.538190
30717,171.537895
30718,171.537599
30719,171.537303
30720,171.537008
30721,171.536712
30722,171.536417
30723,171.536121
30724,171.535826
30725,171.535530
30726,171.535235
30727,171.534939
30728,171.534644
30729,171.534348
30730,171.534053
30731,171.533758
30732,171.533462
30733,171.533167
30734,171.532872
30735,171.532577
30736,171.532281
30737,171.531986
30738,171.531691
30739,171.531396
30740,171.531101
30741,171.530806
30742,171.530511
30743,171.530216
30744,171.529921
30745,171.529626
30746,171.529331
30747,171.529036
30748,171.528741
30749,171.528446
30750,171.528151
30751,171.527856
30752,171.527562
30753,171.527267
30754,171.526972
30755,171.526677
30756,171.526383
30757,171.526088
30758,171.525793
30759,171.525499
30760,171.525204
30761,171.524910
30762,171.524615
30763,171.524320
30764,171.524026
30765,171.523731
30766,171.523437
30767,171.523143
30768,171.522848
30769,171.522554
30770,171.522259
30771,171.521965
30772,171.521671
30773,171.521377
30774,171.521082
30775,171.520788
30776,171.520494
30777,171.520200
30778,171.519906
30779,171.519612
30780,171.519317
30781,171.519023
30782,171.518729
30783,171.518435
30784,171.518141
30785,171.517847
30786,171.517553
30787,171.517259
30788,171.516966
30789,171.516672
30790,171.516378
30791,171.516084
30792,171.515790
30793,171.515497
30794,171.515203
30795,171.514909
30796,171.514615
30797,171.514322
30798,171.514028
30799,171.513734
30800,171.513441
30801,171.513147
30802,171.512854
30803,171.512560
30804,171.512267
30805,171.511973
30806,171.511680
30807,171.511386
30808,171.511093
30809,171.510800
30810,171.510506
30811,171.510213
30812,171.509920
30813,171.509627
30814,171.509333
30815,171.509040
30816,171.508747
30817,171.508454
30818,171.508161
30819,171.507868
30820,171.507574
30821,171.507281
30822,171.506988
30823,171.506695
30824,171.506402
30825,171.506109
30826,171.505816
30827,171.505524
30828,171.505231
30829,171.504938
30830,171.504645
30831,171.504352
30832,171.504059
30833,171.503767
30834,171.503474
30835,171.503181
30836,171.502889
30837,171.502596
30838,171.502303
30839,171.502011
30840,171.501718
30841,171.501426
30842,171.501133
30843,171.500841
30844,171.500548
30845,171.500256
30846,171.499963
30847,171.499671
30848,171.499378
30849,171.499086
30850,171.498794
30851,171.498501
30852,171.498209
30853,171.497917
30854,171.497625
30855,171.497332
30856,171.497040
30857,171.496748
30858,171.496456
30859,171.496164
30860,171.495872
30861,171.495580
30862,171.495288
30863,171.494996
30864,171.494704
30865,171.494412
30866,171.494120
30867,171.493828
30868,171.493536
30869,171.493244
30870,171.492952
30871,171.492661
30872,171.492369
30873,171.492077
30874,171.491785
30875,171.491494
30876,171.491202
30877,171.490910
30878,171.490619
30879,171.490327
30880,171.490036
30881,171.489744
30882,171.489452
30883,171.489161
30884,171.488869
30885,171.488578
30886,171.488287
30887,171.487995
30888,171.487704
30889,171.487412
30890,171.487121
30891,171.486830
30892,171.486539
30893,171.486247
30894,171.485956
30895,171.485665
30896,171.485374
30897,171.485083
30898,171.484791
30899,171.484500
30900,171.484209
30901,171.483918
30902,171.483627
30903,171.483336
30904,171.483045
30905,171.482754
30906,171.482463
30907,171.482172
30908,171.481882
30909,171.481591
30910,171.481300
30911,171.481009
30912,171.480718
30913,171.480428
30914,171.480137
30915,171.479846
30916,171.479555
30917,171.479265
30918,171.478974
30919,171.478684
30920,171.478393
30921,171.478102
30922,171.477812
30923,171.477521
30924,171.477231
30925,171.476941
30926,171.476650
30927,171.476360
30928,171.476069
30929,171.475779
30930,171.475489
30931,171.475198
30932,171.474908
30933,171.474618
30934,171.474328
30935,171.474037
30936,171.473747
30937,171.473457
30938,171.473167
30939,171.472877
30940,171.472587
30941,171.472297
30942,171.472007
30943,171.471717
30944,171.471427
30945,171.471137
30946,171.470847
30947,171.470557
30948,171.470267
30949,171.469977
30950,171.469687
30951,171.469398
30952,171.469108
30953,171.468818
30954,171.468528
30955,171.468239
30956,171.467949
30957,171.467659
30958,171.467370
30959,171.467080
30960,171.466791
30961,171.466501
30962,171.466211
30963,171.465922
30964,171.465632
30965,171.465343
30966,171.465054
30967,171.464764
30968,171.464475
30969,171.464185
30970,171.463896
30971,171.463607
30972,171.463318
30973,171.463028
30974,171.462739
30975,171.462450
30976,171.462161
30977,171.461872
30978,171.461582
30979,171.461293
30980,171.461004
30981,171.460715
30982,171.460426
30983,171.460137
30984,171.459848
30985,171.459559
30986,171.459270
30987,171.458981
30988,171.458692
30989,171.458404
30990,171.458115
30991,171.457826
30992,171.457537
30993,171.457248
30994,171.456960
30995,171.456671
30996,171.456382
30997,171.456094
30998,171.455805
30999,171.455516
31000,171.455228
31001,171.454939
31002,171.454651
31003,171.454362
31004,171.454074
31005,171.453785
31006,171.453497
31007,171.453208
31008,171.452920
31009,171.452632
31010,171.452343
31011,171.452055
31012,171.451767
31013,171.451478
31014,171.451190
31015,171.450902
31016,171.450614
31017,171.450326
31018,171.450038
31019,171.449749
31020,171.449461
31021,171.449173
31022,171.448885
31023,171.448597
31024,171.448309
31025,171.448021
31026,171.447733
31027,171.447445
31028,171.447158
31029,171.446870
31030,171.446582
31031,171.446294
31032,171.446006
31033,171.445718
31034,171.445431
31035,171.445143
31036,171.444855
31037,171.444568
31038,171.444280
31039,171.443992
31040,171.443705
31041,171.443417
31042,171.443130
31043,171.442842
31044,171.442555
31045,171.442267
31046,171.441980
31047,171.441692
31048,171.441405
31049,171.441118
31050,171.440830
31051,171.440543
31052,171.440256
31053,171.439968
31054,171.439681
31055,171.439394
31056,171.439107
31057,171.438819
31058,171.438532
31059,171.438245
31060,171.437958
31061,171.437671
31062,171.437384
31063,171.437097
31064,171.436810
31065,171.436523
31066,171.436236
31067,171.435949
31068,171.435662
31069,171.435375
31070,171.435088
31071,171.434802
31072,171.434515
31073,171.434228
31074,171.433941
31075,171.433655
31076,171.433368
31077,171.433081
31078,171.432795
31079,171.432508
31080,171.432221
31081,171.431935
31082,171.431648
31083,171.431362
31084,171.431075
31085,171.430789
31086,171.430502
31087,171.430216
31088,171.429929
31089,171.429643
31090,171.429357
31091,171.429070
31092,171.428784
31093,171.428498
31094,171.428211
31095,171.427925
31096,171.427639
31097,171.427353
31098,171.427067
31099,171.426780
31100,171.426494
31101,171.426208
31102,171.425922
31103,171.425636
31104,171.425350
31105,171.425064
31106,171.424778
31107,171.424492
31108,171.424206
31109,171.423920
31110,171.423635
31111,171.423349
31112,171.423063
31113,171.422777
31114,171.422491
31115,171.422206
31116,171.421920
31117,171.421634
31118,171.421348
31119,171.421063
31120,171.420777
31121,171.420492
31122,171.420206
31123,171.419920
31124,171.419635
31125,171.419349
31126,171.419064
31127,171.418779
31128,171.418493
31129,171.418208
31130,171.417922
31131,171.417637
31132,171.417352
31133,171.417066
31134,171.416781
31135,171.416496
31136,171.416211
31137,171.415925
31138,171.415640
31139,171.415355
31140,171.415070
31141,171.414785
31142,171.414500
31143,171.414215
31144,171.413930
31145,171.413645
31146,171.413360
31147,171.413075
31148,171.412790
31149,171.412505
31150,171.412220
31151,171.411935
31152,171.411650
31153,171.411365
31154,171.411081
31155,171.410796
31156,171.410511
31157,171.410226
31158,171.409942
31159,171.409657
31160,171.409372
31161,171.409088
31162,171.408803
31163,171.408519
31164,171.408234
31165,171.407950
31166,171.407665
31167,171.407381
31168,171.407096
31169,171.406812
31170,171.406527
31171,171.406243
31172,171.405959
31173,171.405674
31174,171.405390
31175,171.405106
31176,171.404821
31177,171.404537
31178,171.404253
31179,171.403969
31180,171.403685
31181,171.403401
31182,171.403116
31183,171.402832
31184,171.402548
31185,171.402264
31186,171.401980
31187,171.401696
31188,171.401412
31189,171.401128
31190,171.400844
31191,171.400561
31192,171.400277
31193,171.399993
31194,171.399709
31195,171.399425
31196,171.399141
31197,171.398858
31198,171.398574
31199,171.398290
31200,171.398007
31201,171.397723
31202,171.397439
31203,171.397156
31204,171.396872
31205,171.396589
31206,171.396305
31207,171.396022
31208,171.395738
31209,171.395455
31210,171.395171
31211,171.394888
31212,171.394605
31213,171.394321
31214,171.394038
31215,171.393755
31216,171.393471
31217,171.393188
31218,171.392905
31219,171.392622
31220,171.392338
31221,171.392055
31222,171.391772
31223,171.391489
31224,171.391206
31225,171.390923
31226,171.390640
31227,171.390357
31228,171.390074
31229,171.389791
31230,171.389508
31231,171.389225
31232,171.388942
31233,171.388659
31234,171.388377
31235,171.388094
31236,171.387811
31237,171.387528
31238,171.387245
31239,171.386963
31240,171.386680
31241,171.386397
31242,171.386115
31243,171.385832
31244,171.385549
31245,171.385267
31246,171.384984
31247,171.384702
31248,171.384419
31249,171.384137
31250,171.383854
31251,171.383572
31252,171.383290
31253,171.383007
31254,171.382725
31255,171.382443
31256,171.382160
31257,171.381878
31258,171.381596
31259,171.381313
31260,171.381031
31261,171.380749
31262,171.380467
31263,171.380185
31264,171.379903
31265,171.379621
31266,171.379339
31267,171.379056
31268,171.378774
31269,171.378492
31270,171.378210
31271,171.377929
31272,171.377647
31273,171.377365
31274,171.377083
31275,171.376801
31276,171.376519
31277,171.376237
31278,171.375956
31279,171.375674
31280,171.375392
31281,171.375110
31282,171.374829
31283,171.374547
31284,171.374266
31285,171.373984
31286,171.373702
31287,171.373421
31288,171.373139
31289,171.372858
31290,171.372576
31291,171.372295
31292,171.372013
31293,171.371732
31294,171.371451
31295,171.371169
31296,171.370888
31297,171.370607
31298,171.370325
31299,171.370044
31300,171.369763
31301,171.369482
31302,171.369200
31303,171.368919
31304,171.368638
31305,171.368357
31306,171.368076
31307,171.367795
31308,171.367514
31309,171.367233
31310,171.366952
31311,171.366671
31312,171.366390
31313,171.366109
31314,171.365828
31315,171.365547
31316,171.365266
31317,171.364985
31318,171.364705
31319,171.364424
31320,171.364143
31321,171.363862
31322,171.363582
31323,171.363301
31324,171.363020
31325,171.362740
31326,171.362459
31327,171.362178
31328,171.361898
31329,171.361617
31330,171.361337
31331,171.361056
31332,171.360776
31333,171.360495
31334,171.360215
31335,171.359935
31336,171.359654
31337,171.359374
31338,171.359094
31339,171.358813
31340,171.358533
31341,171.358253
31342,171.357973
31343,171.357692
31344,171.357412
31345,171.357132
31346,171.356852
31347,171.356572
31348,171.356292
31349,171.356012
31350,171.355732
31351,171.355452
31352,171.355172
31353,171.354892
31354,171.354612
31355,171.354332
31356,171.354052
31357,171.353772
31358,171.353492
31359,171.353212
31360,171.352933
31361,171.352653
31362,171.352373
31363,171.352093
31364,171.351814
31365,171.351534
31366,171.351254
31367,171.350975
31368,171.350695
31369,171.350416
31370,171.350136
31371,171.349856
31372,171.349577
31373,171.349297
31374,171.349018
31375,171.348739
31376,171.348459
31377,171.348180
31378,171.347900
31379,171.347621
31380,171.347342
31381,171.347062
31382,171.346783
31383,171.346504
31384,171.346225
31385,171.345946
31386,171.345666
31387,171.345387
31388,171.345108
31389,171.344829
31390,171.344550
31391,171.344271
31392,171.343992
31393,171.343713
31394,171.343434
31395,171.343155
31396,171.342876
31397,171.342597
31398,171.342318
31399,171.342039
31400,171.341761
31401,171.341482
31402,171.341203
31403,171.340924
31404,171.340645
31405,171.340367
31406,171.340088
31407,171.339809
31408,171.339531
31409,171.339252
31410,171.338974
31411,171.338695
31412,171.338416
31413,171.338138
31414,171.337859
31415,171.337581
31416,171.337302
31417,171.337024
31418,171.336746
31419,171.336467
31420,171.336189
31421,171.335911
31422,171.335632
31423,171.335354
31424,171.335076
31425,171.334797
31426,171.334519
31427,171.334241
31428,171.333963
31429,171.333685
31430,171.333407
31431,171.333129
31432,171.332851
31433,171.332572
31434,171.332294
31435,171.332016
31436,171.331738
31437,171.331461
31438,171.331183
31439,171.330905
31440,171.330627
31441,171.330349
31442,171.330071
31443,171.329793
31444,171.329516
31445,171.329238
31446,171.328960
31447,171.328682
31448,171.328405
31449,171.328127
31450,171.327849
31451,171.327572
31452,171.327294
31453,171.327017
31454,171.326739
31455,171.326462
31456,171.326184
31457,171.325907
31458,171.325629
31459,171.325352
31460,171.325074
31461,171.324797
31462,171.324520
31463,171.324242
31464,171.323965
31465,171.323688
31466,171.323410
31467,171.323133
31468,171.322856
31469,171.322579
31470,171.322302
31471,171.322024
31472,171.321747
31473,171.321470
31474,171.321193
31475,171.320916
31476,171.320639
31477,171.320362
31478,171.320085
31479,171.319808
31480,171.319531
31481,171.319254
31482,171.318978
31483,171.318701
31484,171.318424
31485,171.318147
31486,171.317870
31487,171.317594
31488,171.317317
31489,171.317040
31490,171.316763
31491,171.316487
31492,171.316210
31493,171.315933
31494,171.315657
31495,171.315380
31496,171.315104
31497,171.314827
31498,171.314551
31499,171.314274
31500,171.313998
31501,171.313721
31502,171.313445
31503,171.313169
31504,171.312892
31505,171.312616
31506,171.312340
31507,171.312063
31508,171.311787
31509,171.311511
31510,171.311235
31511,171.310958
31512,171.310682
31513,171.310406
31514,171.310130
31515,171.309854
31516,171.309578
31517,171.309302
31518,171.309026
31519,171.308750
31520,171.308474
31521,171.308198
31522,171.307922
31523,171.307646
31524,171.307370
31525,171.307094
31526,171.306819
31527,171.306543
31528,171.306267
31529,171.305991
31530,171.305715
31531,171.305440
31532,171.305164
31533,171.304888
31534,171.304613
31535,171.304337
31536,171.304061
31537,171.303786
31538,171.303510
31539,171.303235
31540,171.302959
31541,171.302684
31542,171.302408
31543,171.302133
31544,171.301858
31545,171.301582
31546,171.301307
31547,171.301032
31548,171.300756
31549,171.300481
31550,171.300206
31551,171.299930
31552,171.299655
31553,171.299380
31554,171.299105
31555,171.298830
31556,171.298555
31557,171.298279
31558,171.298004
31559,171.297729
31560,171.297454
31561,171.297179
31562,171.296904
31563,171.296629
31564,171.296354
31565,171.296080
31566,171.295805
31567,171.295530
31568,171.295255
31569,171.294980
31570,171.294705
31571,171.294431
31572,171.294156
31573,171.293881
31574,171.293606
31575,171.293332
31576,171.293057
31577,171.292782
31578,171.292508
31579,171.292233
31580,171.291959
31581,171.291684
31582,171.291410
31583,171.291135
31584,171.290861
31585,171.290586
31586,171.290312
31587,171.290038
31588,171.289763
31589,171.289489
31590,171.289215
31591,171.288940
31592,171.288666
31593,171.288392
31594,171.288117
31595,171.287843
31596,171.287569
31597,171.287295
31598,171.287021
31599,171.286747
31600,171.286473
31601,171.286199
31602,171.285925
31603,171.285651
31604,171.285377
31605,171.285103
31606,171.284829
31607,171.284555
31608,171.284281
31609,171.284007
31610,171.283733
31611,171.283459
31612,171.283185
31613,171.282912
31614,171.282638
31615,171.282364
31616,171.282090
31617,171.281817
31618,171.281543
31619,171.281269
31620,171.280996
31621,171.280722
31622,171.280449
31623,171.280175
31624,171.279902
31625,171.279628
31626,171.279355
31627,171.279081
31628,171.278808
31629,171.278534
31630,171.278261
31631,171.277988
31632,171.277714
31633,171.277441
31634,171.277168
31635,171.276895
31636,171.276621
31637,171.276348
31638,171.276075
31639,171.275802
31640,171.275529
31641,171.275255
31642,171.274982
31643,171.274709
31644,171.274436
31645,171.274163
31646,171.273890
31647,171.273617
31648,171.273344
31649,171.273071
31650,171.272798
31651,171.272526
31652,171.272253
31653,171.271980
31654,171.271707
31655,171.271434
31656,171.271161
31657,171.270889
31658,171.270616
31659,171.270343
31660,171.270071
31661,171.269798
31662,171.269525
31663,171.269253
31664,171.268980
31665,171.268708
31666,171.268435
31667,171.268163
31668,171.267890
31669,171.267618
31670,171.267345
31671,171.267073
31672,171.266800
31673,171.266528
31674,171.266256
31675,171.265983
31676,171.265711
31677,171.265439
31678,171.265166
31679,171.264894
31680,171.264622
31681,171.264350
31682,171.264078
31683,171.263806
31684,171.263533
31685,171.263261
31686,171.262989
31687,171.262717
31688,171.262445
31689,171.262173
31690,171.261901
31691,171.261629
31692,171.261357
31693,171.261085
31694,171.260814
31695,171.260542
31696,171.260270
31697,171.259998
31698,171.259726
31699,171.259455
31700,171.259183
31701,171.258911
31702,171.258639
31703,171.258368
31704,171.258096
31705,171.257824
31706,171.257553
31707,171.257281
31708,171.257010
31709,171.256738
31710,171.256467
31711,171.256195
31712,171.255924
31713,171.255652
31714,171.255381
31715,171.255110
31716,171.254838
31717,171.254567
31718,171.254296
31719,171.254024
31720,171.253753
31721,171.253482
31722,171.253210
31723,171.252939
31724,171.252668
31725,171.252397
31726,171.252126
31727,171.251855
31728,171.251584
31729,171.251313
31730,171.251042
31731,171.250770
31732,171.250500
31733,171.250229
31734,171.249958
31735,171.249687
31736,171.249416
31737,171.249145
31738,171.248874
31739,171.248603
31740,171.248332
31741,171.248062
31742,171.247791
31743,171.247520
31744,171.247249
31745,171.246979
31746,171.246708
31747,171.246437
31748,171.246167
31749,171.245896
31750,171.245626
31751,171.245355
31752,171.245085
31753,171.244814
31754,171.244544
31755,171.244273
31756,171.244003
31757,171.243732
31758,171.243462
31759,171.243191
31760,171.242921
31761,171.242651
31762,171.242381
31763,171.242110
31764,171.241840
31765,171.241570
31766,171.241300
31767,171.241029
31768,171.240759
31769,171.240489
31770,171.240219
31771,171.239949
31772,171.239679
31773,171.239409
31774,171.239139
31775,171.238869
31776,171.238599
31777,171.238329
31778,171.238059
31779,171.237789
31780,171.237519
31781,171.237249
31782,171.236979
31783,171.236710
31784,171.236440
31785,171.236170
31786,171.235900
31787,171.235631
31788,171.235361
31789,171.235091
31790,171.234822
31791,171.234552
31792,171.234282
31793,171.234013
31794,171.233743
31795,171.233474
31796,171.233204
31797,171.232935
31798,171.232665
31799,171.232396
31800,171.232126
31801,171.231857
31802,171.231588
31803,171.231318
31804,171.231049
31805,171.230780
31806,171.230510
31807,171.230241
31808,171.229972
31809,171.229703
31810,171.229434
31811,171.229164
31812,171.228895
31813,171.228626
31814,171.228357
31815,171.228088
31816,171.227819
31817,171.227550
31818,171.227281
31819,171.227012
31820,171.226743
31821,171.226474
31822,171.226205
31823,171.225936
31824,171.225667
31825,171.225399
31826,171.225130
31827,171.224861
31828,171.224592
31829,171.224323
31830,171.224055
31831,171.223786
31832,171.223517
31833,171.223249
31834,171.222980
31835,171.222712
31836,171.222443
31837,171.222174
31838,171.221906
31839,171.221637
31840,171.221369
31841,171.221100
31842,171.220832
31843,171.220563
31844,171.220295
31845,171.220027
31846,171.219758
31847,171.219490
31848,171.219222
31849,171.218953
31850,171.218685
31851,171.218417
31852,171.218149
31853,171.217881
31854,171.217612
31855,171.217344
31856,171.217076
31857,171.216808
31858,171.216540
31859,171.216272
31860,171.216004
31861,171.215736
31862,171.215468
31863,171.215200
31864,171.214932
31865,171.214664
31866,171.214396
31867,171.214128
31868,171.213860
31869,171.213593
31870,171.213325
31871,171.213057
31872,171.212789
31873,171.212522
31874,171.212254
31875,171.211986
31876,171.211719
31877,171.211451
31878,171.211183
31879,171.210916
31880,171.210648
31881,171.210381
31882,171.210113
31883,171.209846
31884,171.209578
31885,171.209311
31886,171.209043
31887,171.208776
31888,171.208508
31889,171.208241
31890,171.207974
31891,171.207706
31892,171.207439
31893,171.207172
31894,171.206905
31895,171.206637
31896,171.206370
31897,171.206103
31898,171.205836
31899,171.205569
31900,171.205302
31901,171.205034
31902,171.204767
31903,171.204500
31904,171.204233
31905,171.203966
31906,171.203699
31907,171.203432
31908,171.203165
31909,171.202899
31910,171.202632
31911,171.202365
31912,171.202098
31913,171.201831
31914,171.201564
31915,171.201298
31916,171.201031
31917,171.200764
31918,171.200497
31919,171.200231
31920,171.199964
31921,171.199697
31922,171.199431
31923,171.199164
31924,171.198898
31925,171.198631
31926,171.198365
31927,171.198098
31928,171.197832
31929,171.197565
31930,171.197299
31931,171.197032
31932,171.196766
31933,171.196500
31934,171.196233
31935,171.195967
31936,171.195701
31937,171.195435
31938,171.195168
31939,171.194902
31940,171.194636
31941,171.194370
31942,171.194104
31943,171.193837
31944,171.193571
31945,171.193305
31946,171.193039
31947,171.192773
31948,171.192507
31949,171.192241
31950,171.191975
31951,171.191709
31952,171.191443
31953,171.191177
31954,171.190912
31955,171.190646
31956,171.190380
31957,171.190114
31958,171.189848
31959,171.189583
31960,171.189317
31961,171.189051
31962,171.188785
31963,171.188520
31964,171.188254
31965,171.187988
31966,171.187723
31967,171.187457
31968,171.187192
31969,171.186926
31970,171.186661
31971,171.186395
31972,171.186130
31973,171.185864
31974,171.185599
31975,171.185333
31976,171.185068
31977,171.184803
31978,171.184537
31979,171.184272
31980,171.184007
31981,171.183742
31982,171.183476
31983,171.183211
31984,171.182946
31985,171.182681
31986,171.182416
31987,171.182150
31988,171.181885
31989,171.181620
31990,171.181355
31991,171.181090
31992,171.180825
31993,171.180560
31994,171.180295
31995,171.180030
31996,171.179765
31997,171.179501
31998,171.179236
31999,171.178971
32000,171.178706
32001,171.178441
32002,171.178176
32003,171.177912
32004,171.177647
32005,171.177382
32006,171.177117
32007,171.176853
32008,171.176588
32009,171.176324
32010,171.176059
32011,171.175794
32012,171.175530
32013,171.175265
32014,171.175001
32015,171.174736
32016,171.174472
32017,171.174207
32018,171.173943
32019,171.173679
32020,171.173414
32021,171.173150
32022,171.172886
32023,171.172621
32024,171.172357
32025,171.172093
32026,171.171828
32027,171.171564
32028,171.171300
32029,171.171036
32030,171.170772
32031,171.170508
32032,171.170244
32033,171.169979
32034,171.169715
32035,171.169451
32036,171.169187
32037,171.168923
32038,171.168659
32039,171.168395
32040,171.168132
32041,171.167868
32042,171.167604
32043,171.167340
32044,171.167076
32045,171.166812
32046,171.166548
32047,171.166285
32048,171.166021
32049,171.165757
32050,171.165494
32051,171.165230
32052,171.164966
32053,171.164703
32054,171.164439
32055,171.164175
32056,171.163912
32057,171.163648
32058,171.163385
32059,171.163121
32060,171.162858
32061,171.162594
32062,171.162331
32063,171.162068
32064,171.161804
32065,171.161541
32066,171.161278
32067,171.161014
32068,171.160751
32069,171.160488
32070,171.160225
32071,171.159961
32072,171.159698
32073,171.159435
32074,171.159172
32075,171.158909
32076,171.158646
32077,171.158382
32078,171.158119
32079,171.157856
32080,171.157593
32081,171.157330
32082,171.157067
32083,171.156804
32084,171.156542
32085,171.156279
32086,171.156016
32087,171.155753
32088,171.155490
32089,171.155227
32090,171.154964
32091,171.154702
32092,171.154439
32093,171.154176
32094,171.153914
32095,171.153651
32096,171.153388
32097,171.153126
32098,171.152863
32099,171.152600
32100,171.152338
32101,171.152075
32102,171.151813
32103,171.151550
32104,171.151288
32105,171.151025
32106,171.150763
32107,171.150501
32108,171.150238
32109,171.149976
32110,171.149713
32111,171.149451
32112,171.149189
32113,171.148927
32114,171.148664
32115,171.148402
32116,171.148140
32117,171.147878
32118,171.147616
32119,171.147353
32120,171.147091
32121,171.146829
32122,171.146567
32123,171.146305
32124,171.146043
32125,171.145781
32126,171.145519
32127,171.145257
32128,171.144995
32129,171.144733
32130,171.144471
32131,171.144210
32132,171.143948
32133,171.143686
32134,171.143424
32135,171.143162
32136,171.142901
32137,171.142639
32138,171.142377
32139,171.142115
32140,171.141854
32141,171.141592
32142,171.141331
32143,171.141069
32144,171.140807
32145,171.140546
32146,171.140284
32147,171.140023
32148,171.139761
32149,171.139500
32150,171.139238
32151,171.138977
32152,171.138716
32153,171.138454
32154,171.138193
32155,171.137932
32156,171.137670
32157,171.137409
32158,171.137148
32159,171.136887
32160,171.136625
32161,171.136364
32162,171.136103
32163,171.135842
32164,171.135581
32165,171.135320
32166,171.135058
32167,171.134797
32168,171.134536
32169,171.134275
32170,171.134014
32171,171.133753
32172,171.133493
32173,171.133232
32174,171.132971
32175,171.132710
32176,171.132449
32177,171.132188
32178,171.131927
32179,171.131667
32180,171.131406
32181,171.131145
32182,171.130884
32183,171.130624
32184,171.130363
32185,171.130102
32186,171.129842
32187,171.129581
32188,171.129320
32189,171.129060
32190,171.128799
32191,171.128539
32192,171.128278
32193,171.128018
32194,171.127757
32195,171.127497
32196,171.127237
32197,171.126976
32198,171.126716
32199,171.126455
32200,171.126195
32201,171.125935
32202,171.125675
32203,171.125414
32204,171.125154
32205,171.124894
32206,171.124634
32207,171.124374
32208,171.124113
32209,171.123853
32210,171.123593
32211,171.123333
32212,171.123073
32213,171.122813
32214,171.122553
32215,171.122293
32216,171.122033
32217,171.121773
32218,171.121513
32219,171.121253
32220,171.120994
32221,171.120734
32222,171.120474
32223,171.120214
32224,171.119954
32225,171.119695
32226,171.119435
32227,171.119175
32228,171.118915
32229,171.118656
32230,171.118396
32231,171.118136
32232,171.117877
32233,171.117617
32234,171.117358
32235,171.117098
32236,171.116839
32237,171.116579
32238,171.116320
32239,171.116060
32240,171.115801
32241,171.115541
32242,171.115282
32243,171.115023
32244,171.114763
32245,171.114504
32246,171.114245
32247,171.113985
32248,171.113726
32249,171.113467
32250,171.113208
32251,171.112949
32252,171.112689
32253,171.112430
32254,171.112171
32255,171.111912
32256,171.111653
32257,171.111394
32258,171.111135
32259,171.110876
32260,171.110617
32261,171.110358
32262,171.110099
32263,171.109840
32264,171.109581
32265,171.109322
32266,171.109064
32267,171.108805
32268,171.108546
32269,171.108287
32270,171.108028
32271,171.107770
32272,171.107511
32273,171.107252
32274,171.106994
32275,171.106735
32276,171.106476
32277,171.106218
32278,171.105959
32279,171.105701
32280,171.105442
32281,171.105184
32282,171.104925
32283,171.104667
32284,171.104408
32285,171.104150
32286,171.103891
32287,171.103633
32288,171.103375
32289,171.103116
32290,171.102858
32291,171.102600
32292,171.102341
32293,171.102083
32294,171.101825
32295,171.101567
32296,171.101309
32297,171.101050
32298,171.100792
32299,171.100534
32300,171.100276
32301,171.100018
32302,171.099760
32303,171.099502
32304,171.099244
32305,171.098986
32306,171.098728
32307,171.098470
32308,171.098212
32309,171.097954
32310,171.097696
32311,171.097439
32312,171.097181
32313,171.096923
32314,171.096665
32315,171.096407
32316,171.096150
32317,171.095892
32318,171.095634
32319,171.095377
32320,171.095119
32321,171.094861
32322,171.094604
32323,171.094346
32324,171.094089
32325,171.093831
32326,171.093573
32327,171.093316
32328,171.093058
32329,171.092801
32330,171.092544
32331,171.092286
32332,171.092029
32333,171.091771
32334,171.091514
32335,171.091257
32336,171.091000
32337,171.090742
32338,171.090485
32339,171.090228
32340,171.089971
32341,171.089713
32342,171.089456
32343,171.089199
32344,171.088942
32345,171.088685
32346,171.088428
32347,171.088171
32348,171.087914
32349,171.087657
32350,171.087400
32351,171.087143
32352,171.086886
32353,171.086629
32354,171.086372
32355,171.086115
32356,171.085858
32357,171.085601
32358,171.085345
32359,171.085088
32360,171.084831
32361,171.084574
32362,171.084318
32363,171.084061
32364,171.083804
32365,171.083548
32366,171.083291
32367,171.083034
32368,171.082778
32369,171.082521
32370,171.082265
32371,171.082008
32372,171.081752
32373,171.081495
32374,171.081239
32375,171.080982
32376,171.080726
32377,171.080469
32378,171.080213
32379,171.079957
32380,171.079700
32381,171.079444
32382,171.079188
32383,171.078932
32384,171.078675
32385,171.078419
32386,171.078163
32387,171.077907
32388,171.077651
32389,171.077394
32390,171.077138
32391,171.076882
32392,171.076626
32393,171.076370
32394,171.076114
32395,171.075858
32396,171.075602
32397,171.075346
32398,171.075090
32399,171.074834
32400,171.074579
32401,171.074323
32402,171.074067
32403,171.073811
32404,171.073555
32405,171.073299
32406,171.073044
32407,171.072788
32408,171.072532
32409,171.072277
32410,171.072021
32411,171.071765
32412,171.071510
32413,171.071254
32414,171.070998
32415,171.070743
32416,171.070487
32417,171.070232
32418,171.069976
32419,171.069721
32420,171.069465
32421,171.069210
32422,171.068955
32423,171.068699
32424,171.068444
32425,171.068189
32426,171.067933
32427,171.067678
32428,171.067423
32429,171.067167
32430,171.066912
32431,171.066657
32432,171.066402
32433,171.066147
32434,171.065891
32435,171.065636
32436,171.065381
32437,171.065126
32438,171.064871
32439,171.064616
32440,171.064361
32441,171.064106
32442,171.063851
32443,171.063596
32444,171.063341
32445,171.063086
32446,171.062832
32447,171.062577
32448,171.062322
32449,171.062067
32450,171.061812
32451,171.061557
32452,171.061303
32453,171.061048
32454,171.060793
32455,171.060539
32456,171.060284
32457,171.060029
32458,171.059775
32459,171.059520
32460,171.059266
32461,171.059011
32462,171.058757
32463,171.058502
32464,171.058248
32465,171.057993
32466,171.057739
32467,171.057484
32468,171.057230
32469,171.056975
32470,171.056721
32471,171.056467
32472,171.056212
32473,171.055958
32474,171.055704
32475,171.055450
32476,171.055195
32477,171.054941
32478,171.054687
32479,171.054433
32480,171.054179
32481,171.053925
32482,171.053671
32483,171.053416
32484,171.053162
32485,171.052908
32486,171.052654
32487,171.052400
32488,171.052146
32489,171.051893
32490,171.051639
32491,171.051385
32492,171.051131
32493,171.050877
32494,171.050623
32495,171.050369
32496,171.050116
32497,171.049862
32498,171.049608
32499,171.049354
32500,171.049101
32501,171.048847
32502,171.048593
32503,171.048340
32504,171.048086
32505,171.047833
32506,171.047579
32507,171.047325
32508,171.047072
32509,171.046818
32510,171.046565
32511,171.046311
32512,171.046058
32513,171.045805
32514,171.045551
32515,171.045298
32516,171.045044
32517,171.044791
32518,171.044538
32519,171.044285
32520,171.044031
32521,171.043778
32522,171.043525
32523,171.043272
32524,171.043018
32525,171.042765
32526,171.042512
32527,171.042259
32528,171.042006
32529,171.041753
32530,171.041500
32531,171.041247
32532,171.040994
32533,171.040741
32534,171.040488
32535,171.040235
32536,171.039982
32537,171.039729
32538,171.039476
32539,171.039223
32540,171.038971
32541,171.038718
32542,171.038465
32543,171.038212
32544,171.037960
32545,171.037707
32546,171.037454
32547,171.037201
32548,171.036949
32549,171.036696
32550,171.036444
32551,171.036191
32552,171.035938
32553,171.035686
32554,171.035433
32555,171.035181
32556,171.034928
32557,171.034676
32558,171.034423
32559,171.034171
32560,171.033919
32561,171.033666
32562,171.033414
32563,171.033162
32564,171.032909
32565,171.032657
32566,171.032405
32567,171.032152
32568,171.031900
32569,171.031648
32570,171.031396
32571,171.031144
32572,171.030892
32573,171.030639
32574,171.030387
32575,171.030135
32576,171.029883
32577,171.029631
32578,171.029379
32579,171.029127
32580,171.028875
32581,171.028623
32582,171.028371
32583,171.028120
32584,171.027868
32585,171.027616
32586,171.027364
32587,171.027112
32588,171.026860
32589,171.026609
32590,171.026357
32591,171.026105
32592,171.025853
32593,171.025602
32594,171.025350
32595,171.025099
32596,171.024847
32597,171.024595
32598,171.024344
32599,171.024092
32600,171.023841
32601,171.023589
32602,171.023338
32603,171.023086
32604,171.022835
32605,171.022583
32606,171.022332
32607,171.022081
32608,171.021829
32609,171.021578
32610,171.021327
32611,171.021075
32612,171.020824
32613,171.020573
32614,171.020322
32615,171.020070
32616,171.019819
32617,171.019568
32618,171.019317
32619,171.019066
32620,171.018815
32621,171.018564
32622,171.018312
32623,171.018061
32624,171.017810
32625,171.017559
32626,171.017308
32627,171.017058
32628,171.016807
32629,171.016556
32630,171.016305
32631,171.016054
32632,171.015803
32633,171.015552
32634,171.015302
32635,171.015051
32636,171.014800
32637,171.014549
32638,171.014299
32639,171.014048
32640,171.013797
32641,171.013547
32642,171.013296
32643,171.013045
32644,171.012795
32645,171.012544
32646,171.012294
32647,171.012043
32648,171.011793
32649,171.011542
32650,171.011292
32651,171.011041
32652,171.010791
32653,171.010540
32654,171.010290
32655,171.010040
32656,171.009789
32657,171.009539
32658,171.009289
32659,171.009039
32660,171.008788
32661,171.008538
32662,171.008288
32663,171.008038
32664,171.007788
32665,171.007538
32666,171.007287
32667,171.007037
32668,171.006787
32669,171.006537
32670,171.006287
32671,171.006037
32672,171.005787
32673,171.005537
32674,171.005287
32675,171.005037
32676,171.004788
32677,171.004538
32678,171.004288
32679,171.004038
32680,171.003788
32681,171.003538
32682,171.003289
32683,171.003039
32684,171.002789
32685,171.002539
32686,171.002290
32687,171.002040
32688,171.001790
32689,171.001541
32690,171.001291
32691,171.001042
32692,171.000792
32693,171.000543
32694,171.000293
32695,171.000044
32696,170.999794
32697,170.999545
32698,170.999295
32699,170.999046
32700,170.998797
32701,170.998547
32702,170.998298
32703,170.998049
32704,170.997799
32705,170.997550
32706,170.997301
32707,170.997051
32708,170.996802
32709,170.996553
32710,170.996304
32711,170.996055
32712,170.995806
32713,170.995557
32714,170.995307
32715,170.995058
32716,170.994809
32717,170.994560
32718,170.994311
32719,170.994062
32720,170.993813
32721,170.993565
32722,170.993316
32723,170.993067
32724,170.992818
32725,170.992569
32726,170.992320
32727,170.992071
32728,170.991823
32729,170.991574
32730,170.991325
32731,170.991076
32732,170.990828
32733,170.990579
32734,170.990330
32735,170.990082
32736,170.989833
32737,170.989585
32738,170.989336
32739,170.989087
32740,170.988839
32741,170.988590
32742,170.988342
32743,170.988093
32744,170.987845
32745,170.987597
32746,170.987348
32747,170.987100
32748,170.986851
32749,170.986603
32750,170.986355
32751,170.986107
32752,170.985858
32753,170.985610
32754,170.985362
32755,170.985114
32756,170.984865
32757,170.984617
32758,170.984369
32759,170.984121
32760,170.983873
32761,170.983625
32762,170.983377
32763,170.983129
32764,170.982881
32765,170.982633
32766,170.982385
32767,170.982137
32768,170.981889
32769,170.981641
32770,170.981393
32771,170.981145
32772,170.980897
32773,170.980650
32774,170.980402
32775,170.980154
32776,170.979906
32777,170.979659
32778,170.979411
32779,170.979163
32780,170.978915
32781,170.978668
32782,170.978420
32783,170.978173
32784,170.977925
32785,170.977677
32786,170.977430
32787,170.977182
32788,170.976935
32789,170.976687
32790,170.976440
32791,170.976192
32792,170.975945
32793,170.975698
32794,170.975450
32795,170.975203
32796,170.974956
32797,170.974708
32798,170.974461
32799,170.974214
32800,170.973966
32801,170.973719
32802,170.973472
32803,170.973225
32804,170.972978
32805,170.972731
32806,170.972483
32807,170.972236
32808,170.971989
32809,170.971742
32810,170.971495
32811,170.971248
32812,170.971001
32813,170.970754
32814,170.970507
32815,170.970260
32816,170.970013
32817,170.969767
32818,170.969520
32819,170.969273
32820,170.969026
32821,170.968779
32822,170.968532
32823,170.968286
32824,170.968039
32825,170.967792
32826,170.967545
32827,170.967299
32828,170.967052
32829,170.966806
32830,170.966559
32831,170.966312
32832,170.966066
32833,170.965819
32834,170.965573
32835,170.965326
32836,170.965080
32837,170.964833
32838,170.964587
32839,170.964340
32840,170.964094
32841,170.963848
32842,170.963601
32843,170.963355
32844,170.963109
32845,170.962862
32846,170.962616
32847,170.962370
32848,170.962124
32849,170.961877
32850,170.961631
32851,170.961385
32852,170.961139
32853,170.960893
32854,170.960647
32855,170.960401
32856,170.960154
32857,170.959908
32858,170.959662
32859,170.959416
32860,170.959170
32861,170.958924
32862,170.958679
32863,170.958433
32864,170.958187
32865,170.957941
32866,170.957695
32867,170.957449
32868,170.957203
32869,170.956958
32870,170.956712
32871,170.956466
32872,170.956220
32873,170.955975
32874,170.955729
32875,170.955483
32876,170.955238
32877,170.954992
32878,170.954746
32879,170.954501
32880,170.954255
32881,170.954010
32882,170.953764
32883,170.953519
32884,170.953273
32885,170.953028
32886,170.952782
32887,170.952537
32888,170.952292
32889,170.952046
32890,170.951801
32891,170.951556
32892,170.951310
32893,170.951065
32894,170.950820
32895,170.950575
32896,170.950329
32897,170.950084
32898,170.949839
32899,170.949594
32900,170.949349
32901,170.949104
32902,170.948858
32903,170.948613
32904,170.948368
32905,170.948123
32906,170.947878
32907,170.947633
32908,170.947388
32909,170.947143
32910,170.946898
32911,170.946654
32912,170.946409
32913,170.946164
32914,170.945919
32915,170.945674
32916,170.945429
32917,170.945185
32918,170.944940
32919,170.944695
32920,170.944450
32921,170.944206
32922,170.943961
32923,170.943716
32924,170.943472
32925,170.943227
32926,170.942983
32927,170.942738
32928,170.942493
32929,170.942249
32930,170.942004
32931,170.941760
32932,170.941515
32933,170.941271
32934,170.941027
32935,170.940782
32936,170.940538
32937,170.940293
32938,170.940049
32939,170.939805
32940,170.939560
32941,170.939316
32942,170.939072
32943,170.938828
32944,170.938584
32945,170.938339
32946,170.938095
32947,170.937851
32948,170.937607
32949,170.937363
32950,170.937119
32951,170.936875
32952,170.936631
32953,170.936387
32954,170.936143
32955,170.935899
32956,170.935655
32957,170.935411
32958,170.935167
32959,170.934923
32960,170.934679
32961,170.934435
32962,170.934191
32963,170.933948
32964,170.933704
32965,170.933460
32966,170.933216
32967,170.932972
32968,170.932729
32969,170.932485
32970,170.932241
32971,170.931998
32972,170.931754
32973,170.931511
32974,170.931267
32975,170.931023
32976,170.930780
32977,170.930536
32978,170.930293
32979,170.930049
32980,170.929806
32981,170.929562
32982,170.929319
32983,170.929076
32984,170.928832
32985,170.928589
32986,170.928346
32987,170.928102
32988,170.927859
32989,170.927616
32990,170.927372
32991,170.927129
32992,170.926886
32993,170.926643
32994,170.926400
32995,170.926157
32996,170.925913
32997,170.925670
32998,170.925427
32999,170.925184
33000,170.924941
33001,170.924698
33002,170.924455
33003,170.924212
33004,170.923969
33005,170.923726
33006,170.923483
33007,170.923240
33008,170.922998
33009,170.922755
33010,170.922512
33011,170.922269
33012,170.922026
33013,170.921784
33014,170.921541
33015,170.921298
33016,170.921055
33017,170.920813
33018,170.920570
33019,170.920327
33020,170.920085
33021,170.919842
33022,170.919600
33023,170.919357
33024,170.919114
33025,170.918872
33026,170.918629
33027,170.918387
33028,170.918145
33029,170.917902
33030,170.917660
33031,170.917417
33032,170.917175
33033,170.916933
33034,170.916690
33035,170.916448
33036,170.916206
33037,170.915963
33038,170.915721
33039,170.915479
33040,170.915237
33041,170.914995
33042,170.914752
33043,170.914510
33044,170.914268
33045,170.914026
33046,170.913784
33047,170.913542
33048,170.913300
33049,170.913058
33050,170.912816
33051,170.912574
33052,170.912332
33053,170.912090
33054,170.911848
33055,170.911606
33056,170.911364
33057,170.911122
33058,170.910881
33059,170.910639
33060,170.910397
33061,170.910155
33062,170.909913
33063,170.909672
33064,170.909430
33065,170.909188
33066,170.908947
33067,170.908705
33068,170.908463
33069,170.908222
33070,170.907980
33071,170.907739
33072,170.907497
33073,170.907256
33074,170.907014
33075,170.906773
33076,170.906531
33077,170.906290
33078,170.906048
33079,170.905807
33080,170.905565
33081,170.905324
33082,170.905083
33083,170.904841
33084,170.904600
33085,170.904359
33086,170.904118
33087,170.903876
33088,170.903635
33089,170.903394
33090,170.903153
33091,170.902912
33092,170.902671
33093,170.902429
33094,170.902188
33095,170.901947
33096,170.901706
33097,170.901465
33098,170.901224
33099,170.900983
33100,170.900742
33101,170.900501
33102,170.900260
33103,170.900020
33104,170.899779
33105,170.899538
33106,170.899297
33107,170.899056
33108,170.898815
33109,170.898575
33110,170.898334
33111,170.898093
33112,170.897852
33113,170.897612
33114,170.897371
33115,170.897130
33116,170.896890
33117,170.896649
33118,170.896408
33119,170.896168
33120,170.895927
33121,170.895687
33122,170.895446
33123,170.895206
33124,170.894965
33125,170.894725
33126,170.894485
33127,170.894244
33128,170.894004
33129,170.893763
33130,170.893523
33131,170.893283
33132,170.893042
33133,170.892802
33134,170.892562
33135,170.892322
33136,170.892081
33137,170.891841
33138,170.891601
33139,170.891361
33140,170.891121
33141,170.890881
33142,170.890641
33143,170.890400
33144,170.890160
33145,170.889920
33146,170.889680
33147,170.889440
33148,170.889200
33149,170.888960
33150,170.888720
33151,170.888481
33152,170.888241
33153,170.888001
33154,170.887761
33155,170.887521
33156,170.887281
33157,170.887042
33158,170.886802
33159,170.886562
33160,170.886322
33161,170.886083
33162,170.885843
33163,170.885603
33164,170.885364
33165,170.885124
33166,170.884884
33167,170.884645
33168,170.884405
33169,170.884166
33170,170.883926
33171,170.883687
33172,170.883447
33173,170.883208
33174,170.882968
33175,170.882729
33176,170.882490
33177,170.882250
33178,170.882011
33179,170.881771
33180,170.881532
33181,170.881293
33182,170.881054
33183,170.880814
33184,170.880575
33185,170.880336
33186,170.880097
33187,170.879858
33188,170.879618
33189,170.879379
33190,170.879140
33191,170.878901
33192,170.878662
33193,170.878423
33194,170.878184
33195,170.877945
33196,170.877706
33197,170.877467
33198,170.877228
33199,170.876989
33200,170.876750
33201,170.876511
33202,170.876272
33203,170.876034
33204,170.875795
33205,170.875556
33206,170.875317
33207,170.875078
33208,170.874840
33209,170.874601
33210,170.874362
33211,170.874124
33212,170.873885
33213,170.873646
33214,170.873408
33215,170.873169
33216,170.872931
33217,170.872692
33218,170.872453
33219,170.872215
33220,170.871976
33221,170.871738
33222,170.871499
33223,170.871261
33224,170.871023
33225,170.870784
33226,170.870546
33227,170.870308
33228,170.870069
33229,170.869831
33230,170.869593
33231,170.869354
33232,170.869116
33233,170.868878
33234,170.868640
33235,170.868401
33236,170.868163
33237,170.867925
33238,170.867687
33239,170.867449
33240,170.867211
33241,170.866973
33242,170.866735
33243,170.866497
33244,170.866259
33245,170.866021
33246,170.865783
33247,170.865545
33248,170.865307
33249,170.865069
33250,170.864831
33251,170.864593
33252,170.864355
33253,170.864118
33254,170.863880
33255,170.863642
33256,170.863404
33257,170.863167
33258,170.862929
33259,170.862691
33260,170.862453
33261,170.862216
33262,170.861978
33263,170.861741
33264,170.861503
33265,170.861265
33266,170.861028
33267,170.860790
33268,170.860553
33269,170.860315
33270,170.860078
33271,170.859840
33272,170.859603
33273,170.859365
33274,170.859128
33275,170.858891
33276,170.858653
33277,170.858416
33278,170.858179
33279,170.857941
33280,170.857704
33281,170.857467
33282,170.857230
33283,170.856992
33284,170.856755
33285,170.856518
33286,170.856281
33287,170.856044
33288,170.855807
33289,170.855570
33290,170.855333
33291,170.855096
33292,170.854859
33293,170.854622
33294,170.854385
33295,170.854148
33296,170.853911
33297,170.853674
33298,170.853437
33299,170.853200
33300,170.852963
33301,170.852726
33302,170.852489
33303,170.852253
33304,170.852016
33305,170.851779
33306,170.851542
33307,170.851306
33308,170.851069
33309,170.850832
33310,170.850596
33311,170.850359
33312,170.850122
33313,170.849886
33314,170.849649
33315,170.849413
33316,170.849176
33317,170.848940
33318,170.848703
33319,170.848467
33320,170.848230
33321,170.847994
33322,170.847757
33323,170.847521
33324,170.847284
33325,170.847048
33326,170.846812
33327,170.846575
33328,170.846339
33329,170.846103
33330,170.845867
33331,170.845630
33332,170.845394
33333,170.845158
33334,170.844922
33335,170.844686
33336,170.844450
33337,170.844213
33338,170.843977
33339,170.843741
33340,170.843505
33341,170.843269
33342,170.843033
33343,170.842797
33344,170.842561
33345,170.842325
33346,170.842089
33347,170.841853
33348,170.841618
33349,170.841382
33350,170.841146
33351,170.840910
33352,170.840674
33353,170.840438
33354,170.840203
33355,170.839967
33356,170.839731
33357,170.839495
33358,170.839260
33359,170.839024
33360,170.838788
33361,170.838553
33362,170.838317
33363,170.838082
33364,170.837846
33365,170.837611
33366,170.837375
33367,170.837140
33368,170.836904
33369,170.836669
33370,170.836433
33371,170.836198
33372,170.835962
33373,170.835727
33374,170.835492
33375,170.835256
33376,170.835021
33377,170.834786
33378,170.834550
33379,170.834315
33380,170.834080
33381,170.833845
33382,170.833609
33383,170.833374
33384,170.833139
33385,170.832904
33386,170.832669
33387,170.832434
33388,170.832199
33389,170.831964
33390,170.831728
33391,170.831493
33392,170.831258
33393,170.831023
33394,170.830789
33395,170.830554
33396,170.830319
33397,170.830084
33398,170.829849
33399,170.829614
33400,170.829379
33401,170.829144
33402,170.828910
33403,170.828675
33404,170.828440
33405,170.828205
33406,170.827971
33407,170.827736
33408,170.827501
33409,170.827267
33410,170.827032
33411,170.826797
33412,170.826563
33413,170.826328
33414,170.826094
33415,170.825859
33416,170.825625
33417,170.825390
33418,170.825156
33419,170.824921
33420,170.824687
33421,170.824452
33422,170.824218
33423,170.823983
33424,170.823749
33425,170.823515
33426,170.823280
33427,170.823046
33428,170.822812
33429,170.822578
33430,170.822343
33431,170.822109
33432,170.821875
33433,170.821641
33434,170.821407
33435,170.821173
33436,170.820938
33437,170.820704
33438,170.820470
33439,170.820236
33440,170.820002
33441,170.819768
33442,170.819534
33443,170.819300
33444,170.819066
33445,170.818832
33446,170.818598
33447,170.818364
33448,170.818131
33449,170.817897
33450,170.817663
33451,170.817429
33452,170.817195
33453,170.816962
33454,170.816728
33455,170.816494
33456,170.816260
33457,170.816027
33458,170.815793
33459,170.815559
33460,170.815326
33461,170.815092
33462,170.814858
33463,170.814625
33464,170.814391
33465,170.814158
33466,170.813924
33467,170.813691
33468,170.813457
33469,170.813224
33470,170.812990
33471,170.812757
33472,170.812524
33473,170.812290
33474,170.812057
33475,170.811824
33476,170.811590
33477,170.811357
33478,170.811124
33479,170.810890
33480,170.810657
33481,170.810424
33482,170.810191
33483,170.809958
33484,170.809724
33485,170.809491
33486,170.809258
33487,170.809025
33488,170.808792
33489,170.808559
33490,170.808326
33491,170.808093
33492,170.807860
33493,170.807627
33494,170.807394
33495,170.807161
33496,170.806928
33497,170.806695
33498,170.806462
33499,170.806230
33500,170.805997
33501,170.805764
33502,170.805531
33503,170.805298
33504,170.805066
33505,170.804833
33506,170.804600
33507,170.804368
33508,170.804135
33509,170.803902
33510,170.803670
33511,170.803437
33512,170.803204
33513,170.802972
33514,170.802739
33515,170.802507
33516,170.802274
33517,170.802042
33518,170.801809
33519,170.801577
33520,170.801344
33521,170.801112
33522,170.800880
33523,170.800647
33524,170.800415
33525,170.800182
33526,170.799950
33527,170.799718
33528,170.799486
33529,170.799253
33530,170.799021
33531,170.798789
33532,170.798557
33533,170.798324
33534,170.798092
33535,170.797860
33536,170.797628
33537,170.797396
33538,170.797164
33539,170.796932
33540,170.796700
33541,170.796468
33542,170.796236
33543,170.796004
33544,170.795772
33545,170.795540
33546,170.795308
33547,170.795076
33548,170.794844
33549,170.794612
33550,170.794381
33551,170.794149
33552,170.793917
33553,170.793685
33554,170.793453
33555,170.793222
33556,170.792990
33557,170.792758
33558,170.792527
33559,170.792295
33560,170.792063
33561,170.791832
33562,170.791600
33563,170.791369
33564,170.791137
33565,170.790905
33566,170.790674
33567,170.790442
33568,170.790211
33569,170.789979
33570,170.789748
33571,170.789517
33572,170.789285
33573,170.789054
33574,170.788822
33575,170.788591
33576,170.788360
33577,170.788129
33578,170.787897
33579,170.787666
33580,170.787435
33581,170.787204
33582,170.786972
33583,170.786741
33584,170.786510
33585,170.786279
33586,170.786048
33587,170.785817
33588,170.785586
33589,170.785354
33590,170.785123
33591,170.784892
33592,170.784661
33593,170.784430
33594,170.784199
33595,170.783969
33596,170.783738
33597,170.783507
33598,170.783276
33599,170.783045
33600,170.782814
33601,170.782583
33602,170.782352
33603,170.782122
33604,170.781891
33605,170.781660
33606,170.781429
33607,170.781199
33608,170.780968
33609,170.780737
33610,170.780507
33611,170.780276
33612,170.780046
33613,170.779815
33614,170.779584
33615,170.779354
33616,170.779123
33617,170.778893
33618,170.778662
33619,170.778432
33620,170.778201
33621,170.777971
33622,170.777741
33623,170.777510
33624,170.777280
33625,170.777049
33626,170.776819
33627,170.776589
33628,170.776359
33629,170.776128
33630,170.775898
33631,170.775668
33632,170.775438
33633,170.775207
33634,170.774977
33635,170.774747
33636,170.774517
33637,170.774287
33638,170.774057
33639,170.773827
33640,170.773597
33641,170.773367
33642,170.773137
33643,170.772907
33644,170.772677
33645,170.772447
33646,170.772217
33647,170.771987
33648,170.771757
33649,170.771527
33650,170.771297
33651,170.771067
33652,170.770837
33653,170.770608
33654,170.770378
33655,170.770148
33656,170.769918
33657,170.769689
33658,170.769459
33659,170.769229
33660,170.769000
33661,170.768770
33662,170.768540
33663,170.768311
33664,170.768081
33665,170.767852
33666,170.767622
33667,170.767393
33668,170.767163
33669,170.766934
33670,170.766704
33671,170.766475
33672,170.766245
33673,170.766016
33674,170.765787
33675,170.765557
33676,170.765328
33677,170.765098
33678,170.764869
33679,170.764640
33680,170.764411
33681,170.764181
33682,170.763952
33683,170.763723
33684,170.763494
33685,170.763265
33686,170.763035
33687,170.762806
33688,170.762577
33689,170.762348
33690,170.762119
33691,170.761890
33692,170.761661
33693,170.761432
33694,170.761203
33695,170.760974
33696,170.760745
33697,170.760516
33698,170.760287
33699,170.760058
33700,170.759829
33701,170.759601
33702,170.759372
33703,170.759143
33704,170.758914
33705,170.758685
33706,170.758457
33707,170.758228
33708,170.757999
33709,170.757770
33710,170.757542
33711,170.757313
33712,170.757085
33713,170.756856
33714,170.756627
33715,170.756399
33716,170.756170
33717,170.755942
33718,170.755713
33719,170.755485
33720,170.755256
33721,170.755028
33722,170.754799
33723,170.754571
33724,170.754342
33725,170.754114
33726,170.753886
33727,170.753657
33728,170.753429
33729,170.753201
33730,170.752972
33731,170.752744
33732,170.752516
33733,170.752288
33734,170.752059
33735,170.751831
33736,170.751603
33737,170.751375
33738,170.751147
33739,170.750919
33740,170.750691
33741,170.750463
33742,170.750235
33743,170.750007
33744,170.749778
33745,170.749551
33746,170.749323
33747,170.749095
33748,170.748867
33749,170.748639
33750,170.748411
33751,170.748183
33752,170.747955
33753,170.747727
33754,170.747499
33755,170.747272
33756,170.747044
33757,170.746816
33758,170.746588
33759,170.746361
33760,170.746133
33761,170.745905
33762,170.745678
33763,170.745450
33764,170.745222
33765,170.744995
33766,170.744767
33767,170.744540
33768,170.744312
33769,170.744085
33770,170.743857
33771,170.743630
33772,170.743402
33773,170.743175
33774,170.742947
33775,170.742720
33776,170.742493
33777,170.742265
33778,170.742038
33779,170.741810
33780,170.741583
33781,170.741356
33782,170.741129
33783,170.740901
33784,170.740674
33785,170.740447
33786,170.740220
33787,170.739993
33788,170.739765
33789,170.739538
33790,170.739311
33791,170.739084
33792,170.738857
33793,170.738630
33794,170.738403
33795,170.738176
33796,170.737949
33797,170.737722
33798,170.737495
33799,170.737268
33800,170.737041
33801,170.736814
33802,170.736587
33803,170.736360
33804,170.736134
33805,170.735907
33806,170.735680
33807,170.735453
33808,170.735226
33809,170.735000
33810,170.734773
33811,170.734546
33812,170.734320
33813,170.734093
33814,170.733866
33815,170.733640
33816,170.733413
33817,170.733186
33818,170.732960
33819,170.732733
33820,170.732507
33821,170.732280
33822,170.732054
33823,170.731827
33824,170.731601
33825,170.731375
33826,170.731148
33827,170.730922
33828,170.730695
33829,170.730469
33830,170.730243
33831,170.730016
33832,170.729790
33833,170.729564
33834,170.729337
33835,170.729111
33836,170.728885
33837,170.728659
33838,170.728433
33839,170.728207
33840,170.727980
33841,170.727754
33842,170.727528
33843,170.727302
33844,170.727076
33845,170.726850
33846,170.726624
33847,170.726398
33848,170.726172
33849,170.725946
33850,170.725720
33851,170.725494
33852,170.725268
33853,170.725042
33854,170.724816
33855,170.724591
33856,170.724365
33857,170.724139
33858,170.723913
33859,170.723687
33860,170.723462
33861,170.723236
33862,170.723010
33863,170.722784
33864,170.722559
33865,170.722333
33866,170.722108
33867,170.721882
33868,170.721656
33869,170.721431
33870,170.721205
33871,170.720980
33872,170.720754
33873,170.720529
33874,170.720303
33875,170.720078
33876,170.719852
33877,170.719627
33878,170.719401
33879,170.719176
33880,170.718951
33881,170.718725
33882,170.718500
33883,170.718275
33884,170.718049
33885,170.717824
33886,170.717599
33887,170.717374
33888,170.717148
33889,170.716923
33890,170.716698
33891,170.716473
33892,170.716248
33893,170.716023
33894,170.715798
33895,170.715572
33896,170.715347
33897,170.715122
33898,170.714897
33899,170.714672
33900,170.714447
33901,170.714222
33902,170.713997
33903,170.713773
33904,170.713548
33905,170.713323
33906,170.713098
33907,170.712873
33908,170.712648
33909,170.712423
33910,170.712199
33911,170.711974
33912,170.711749
33913,170.711524
33914,170.711300
33915,170.711075
33916,170.710850
33917,170.710626
33918,170.710401
33919,170.710176
33920,170.709952
33921,170.709727
33922,170.709503
33923,170.709278
33924,170.709054
33925,170.708829
33926,170.708605
33927,170.708380
33928,170.708156
33929,170.707931
33930,170.707707
33931,170.707483
33932,170.707258
33933,170.707034
33934,170.706810
33935,170.706585
33936,170.706361
33937,170.706137
33938,170.705912
33939,170.705688
33940,170.705464
33941,170.705240
33942,170.705016
33943,170.704792
33944,170.704567
33945,170.704343
33946,170.704119
33947,170.703895
33948,170.703671
33949,170.703447
33950,170.703223
33951,170.702999
33952,170.702775
33953,170.702551
33954,170.702327
33955,170.702103
33956,170.701879
33957,170.701655
33958,170.701432
33959,170.701208
33960,170.700984
33961,170.700760
33962,170.700536
33963,170.700313
33964,170.700089
33965,170.699865
33966,170.699641
33967,170.699418
33968,170.699194
33969,170.698970
33970,170.698747
33971,170.698523
33972,170.698299
33973,170.698076
33974,170.697852
33975,170.697629
33976,170.697405
33977,170.697182
33978,170.696958
33979,170.696735
33980,170.696511
33981,170.696288
33982,170.696065
33983,170.695841
33984,170.695618
33985,170.695394
33986,170.695171
33987,170.694948
33988,170.694725
33989,170.694501
33990,170.694278
33991,170.694055
33992,170.693832
33993,170.693608
33994,170.693385
33995,170.693162
33996,170.692939
33997,170.692716
33998,170.692493
33999,170.692270
34000,170.692047
34001,170.691824
34002,170.691601
34003,170.691378
34004,170.691155
34005,170.690932
34006,170.690709
34007,170.690486
34008,170.690263
34009,170.690040
34010,170.689817
34011,170.689594
34012,170.689371
34013,170.689149
34014,170.688926
34015,170.688703
34016,170.688480
34017,170.688258
34018,170.688035
34019,170.687812
34020,170.687589
34021,170.687367
34022,170.687144
34023,170.686922
34024,170.686699
34025,170.686476
34026,170.686254
34027,170.686031
34028,170.685809
34029,170.685586
34030,170.685364
34031,170.685141
34032,170.684919
34033,170.684696
34034,170.684474
34035,170.684252
34036,170.684029
34037,170.683807
34038,170.683585
34039,170.683362
34040,170.683140
34041,170.682918
34042,170.682695
34043,170.682473
34044,170.682251
34045,170.682029
34046,170.681807
34047,170.681584
34048,170.681362
34049,170.681140
34050,170.680918
34051,170.680696
34052,170.680474
34053,170.680252
34054,170.680030
34055,170.679808
34056,170.679586
34057,170.679364
34058,170.679142
34059,170.678920
34060,170.678698
34061,170.678476
34062,170.678254
34063,170.678032
34064,170.677811
34065,170.677589
34066,170.677367
34067,170.677145
34068,170.676923
34069,170.676702
34070,170.676480
34071,170.676258
34072,170.676037
34073,170.675815
34074,170.675593
34075,170.675372
34076,170.675150
34077,170.674928
34078,170.674707
34079,170.674485
34080,170.674264
34081,170.674042
34082,170.673821
34083,170.673599
34084,170.673378
34085,170.673156
34086,170.672935
34087,170.672714
34088,170.672492
34089,170.672271
34090,170.672050
34091,170.671828
34092,170.671607
34093,170.671386
34094,170.671164
34095,170.670943
34096,170.670722
34097,170.670501
34098,170.670279
34099,170.670058
34100,170.669837
34101,170.669616
34102,170.669395
34103,170.669174
34104,170.668953
34105,170.668732
34106,170.668511
34107,170.668290
34108,170.668069
34109,170.667848
34110,170.667627
34111,170.667406
34112,170.667185
34113,170.666964
34114,170.666743
34115,170.666522
34116,170.666301
34117,170.666080
34118,170.665860
34119,170.665639
34120,170.665418
34121,170.665197
34122,170.664977
34123,170.664756
34124,170.664535
34125,170.664314
34126,170.664094
34127,170.663873
34128,170.663653
34129,170.663432
34130,170.663211
34131,170.662991
34132,170.662770
34133,170.662550
34134,170.662329
34135,170.662109
34136,170.661888
34137,170.661668
34138,170.661447
34139,170.661227
34140,170.661007
34141,170.660786
34142,170.660566
34143,170.660345
34144,170.660125
34145,170.659905
34146,170.659685
34147,170.659464
34148,170.659244
34149,170.659024
34150,170.658804
34151,170.658583
34152,170.658363
34153,170.658143
34154,170.657923
34155,170.657703
34156,170.657483
34157,170.657263
34158,170.657043
34159,170.656823
34160,170.656603
34161,170.656383
34162,170.656163
34163,170.655943
34164,170.655723
34165,170.655503
34166,170.655283
34167,170.655063
34168,170.654843
34169,170.654623
34170,170.654403
34171,170.654184
34172,170.653964
34173,170.653744
34174,170.653524
34175,170.653305
34176,170.653085
34177,170.652865
34178,170.652645
34179,170.652426
34180,170.652206
34181,170.651987
34182,170.651767
34183,170.651547
34184,170.651328
34185,170.651108
34186,170.650889
34187,170.650669
34188,170.650450
34189,170.650230
34190,170.650011
34191,170.649791
34192,170.649572
34193,170.649353
34194,170.649133
34195,170.648914
34196,170.648694
34197,170.648475
34198,170.648256
34199,170.648037
34200,170.647817
34201,170.647598
34202,170.647379
34203,170.647160
34204,170.646940
34205,170.646721
34206,170.646502
34207,170.646283
34208,170.646064
34209,170.645845
34210,170.645626
34211,170.645407
34212,170.645188
34213,170.644969
34214,170.644750
34215,170.644531
34216,170.644312
34217,170.644093
34218,170.643874
34219,170.643655
34220,170.643436
34221,170.643217
34222,170.642998
34223,170.642779
34224,170.642561
34225,170.642342
34226,170.642123
34227,170.641904
34228,170.641685
34229,170.641467
34230,170.641248
34231,170.641029
34232,170.640811
34233,170.640592
34234,170.640373
34235,170.640155
34236,170.639936
34237,170.639718
34238,170.639499
34239,170.639281
34240,170.639062
34241,170.638844
34242,170.638625
34243,170.638407
34244,170.638188
34245,170.637970
34246,170.637751
34247,170.637533
34248,170.637315
34249,170.637096
34250,170.636878
34251,170.636660
34252,170.636441
34253,170.636223
34254,170.636005
34255,170.635787
34256,170.635568
34257,170.635350
34258,170.635132
34259,170.634914
34260,170.634696
34261,170.634478
34262,170.634259
34263,170.634041
34264,170.633823
34265,170.633605
34266,170.633387
34267,170.633169
34268,170.632951
34269,170.632733
34270,170.632515
34271,170.632297
34272,170.632079
34273,170.631862
34274,170.631644
34275,170.631426
34276,170.631208
34277,170.630990
34278,170.630772
34279,170.630555
34280,170.630337
34281,170.630119
34282,170.629901
34283,170.629684
34284,170.629466
34285,170.629248
34286,170.629031
34287,170.628813
34288,170.628595
34289,170.628378
34290,170.628160
34291,170.627943
34292,170.627725
34293,170.627508
34294,170.627290
34295,170.627073
34296,170.626855
34297,170.626638
34298,170.626420
34299,170.626203
34300,170.625985
34301,170.625768
34302,170.625551
34303,170.625333
34304,170.625116
34305,170.624899
34306,170.624681
34307,170.624464
34308,170.624247
34309,170.624030
34310,170.623812
34311,170.623595
34312,170.623378
34313,170.623161
34314,170.622944
34315,170.622727
34316,170.622510
34317,170.622293
34318,170.622075
34319,170.621858
34320,170.621641
34321,170.621424
34322,170.621207
34323,170.620990
34324,170.620774
34325,170.620557
34326,170.620340
34327,170.620123
34328,170.619906
34329,170.619689
34330,170.619472
34331,170.619255
34332,170.619039
34333,170.618822
34334,170.618605
34335,170.618388
34336,170.618172
34337,170.617955
34338,170.617738
34339,170.617522
34340,170.617305
34341,170.617088
34342,170.616872
34343,170.616655
34344,170.616439
34345,170.616222
34346,170.616005
34347,170.615789
34348,170.615572
34349,170.615356
34350,170.615139
34351,170.614923
34352,170.614707
34353,170.614490
34354,170.614274
34355,170.614057
34356,170.613841
34357,170.613625
34358,170.613408
34359,170.613192
34360,170.612976
34361,170.612760
34362,170.612543
34363,170.612327
34364,170.612111
34365,170.611895
34366,170.611679
34367,170.611462
34368,170.611246
34369,170.611030
34370,170.610814
34371,170.610598
34372,170.610382
34373,170.610166
34374,170.609950
34375,170.609734
34376,170.609518
34377,170.609302
34378,170.609086
34379,170.608870
34380,170.608654
34381,170.608438
34382,170.608222
34383,170.608007
34384,170.607791
34385,170.607575
34386,170.607359
34387,170.607143
34388,170.606928
34389,170.606712
34390,170.606496
34391,170.606280
34392,170.606065
34393,170.605849
34394,170.605633
34395,170.605418
34396,170.605202
34397,170.604987
34398,170.604771
34399,170.604555
34400,170.604340
34401,170.604124
34402,170.603909
34403,170.603693
34404,170.603478
34405,170.603262
34406,170.603047
34407,170.602832
34408,170.602616
34409,170.602401
34410,170.602186
34411,170.601970
34412,170.601755
34413,170.601540
34414,170.601324
34415,170.601109
34416,170.600894
34417,170.600679
34418,170.600463
34419,170.600248
34420,170.600033
34421,170.599818
34422,170.599603
34423,170.599388
34424,170.599173
34425,170.598957
34426,170.598742
34427,170.598527
34428,170.598312
34429,170.598097
34430,170.597882
34431,170.597667
34432,170.597452
34433,170.597238
34434,170.597023
34435,170.596808
34436,170.596593
34437,170.596378
34438,170.596163
34439,170.595948
34440,170.595734
34441,170.595519
34442,170.595304
34443,170.595089
34444,170.594875
34445,170.594660
34446,170.594445
34447,170.594230
34448,170.594016
34449,170.593801
34450,170.593587
34451,170.593372
34452,170.593157
34453,170.592943
34454,170.592728
34455,170.592514
34456,170.592299
34457,170.592085
34458,170.591870
34459,170.591656
34460,170.591441
34461,170.591227
34462,170.591013
34463,170.590798
34464,170.590584
34465,170.590370
34466,170.590155
34467,170.589941
34468,170.589727
34469,170.589512
34470,170.589298
34471,170.589084
34472,170.588870
34473,170.588655
34474,170.588441
34475,170.588227
34476,170.588013
34477,170.587799
34478,170.587585
34479,170.587371
34480,170.587157
34481,170.586943
34482,170.586729
34483,170.586515
34484,170.586301
34485,170.586087
34486,170.585873
34487,170.585659
34488,170.585445
34489,170.585231
34490,170.585017
34491,170.584803
34492,170.584589
34493,170.584375
34494,170.584162
34495,170.583948
34496,170.583734
34497,170.583520
34498,170.583307
34499,170.583093
34500,170.582879
34501,170.582666
34502,170.582452
34503,170.582238
34504,170.582025
34505,170.581811
34506,170.581597
34507,170.581384
34508,170.581170
34509,170.580957
34510,170.580743
34511,170.580530
34512,170.580316
34513,170.580103
34514,170.579889
34515,170.579676
34516,170.579463
34517,170.579249
34518,170.579036
34519,170.578822
34520,170.578609
34521,170.578396
34522,170.578182
34523,170.577969
34524,170.577756
34525,170.577543
34526,170.577329
34527,170.577116
34528,170.576903
34529,170.576690
34530,170.576477
34531,170.576264
34532,170.576051
34533,170.575837
34534,170.575624
34535,170.575411
34536,170.575198
34537,170.574985
34538,170.574772
34539,170.574559
34540,170.574346
34541,170.574133
34542,170.573920
34543,170.573707
34544,170.573495
34545,170.573282
34546,170.573069
34547,170.572856
34548,170.572643
34549,170.572430
34550,170.572218
34551,170.572005
34552,170.571792
34553,170.571579
34554,170.571367
34555,170.571154
34556,170.570941
34557,170.570729
34558,170.570516
34559,170.570303
34560,170.570091
34561,170.569878
34562,170.569666
34563,170.569453
34564,170.569241
34565,170.569028
34566,170.568816
34567,170.568603
34568,170.568391
34569,170.568178
34570,170.567966
34571,170.567753
34572,170.567541
34573,170.567329
34574,170.567116
34575,170.566904
34576,170.566692
34577,170.566479
34578,170.566267
34579,170.566055
34580,170.565843
34581,170.565630
34582,170.565418
34583,170.565206
34584,170.564994
34585,170.564782
34586,170.564570
34587,170.564357
34588,170.564145
34589,170.563933
34590,170.563721
34591,170.563509
34592,170.563297
34593,170.563085
34594,170.562873
34595,170.562661
34596,170.562449
34597,170.562237
34598,170.562025
34599,170.561814
34600,170.561602
34601,170.561390
34602,170.561178
34603,170.560966
34604,170.560754
34605,170.560543
34606,170.560331
34607,170.560119
34608,170.559907
34609,170.559696
34610,170.559484
34611,170.559272
34612,170.559061
34613,170.558849
34614,170.558637
34615,170.558426
34616,170.558214
34617,170.558003
34618,170.557791
34619,170.557579
34620,170.557368
34621,170.557156
34622,170.556945
34623,170.556734
34624,170.556522
34625,170.556311
34626,170.556099
34627,170.555888
34628,170.555677
34629,170.555465
34630,170.555254
34631,170.555043
34632,170.554831
34633,170.554620
34634,170.554409
34635,170.554197
34636,170.553986
34637,170.553775
34638,170.553564
34639,170.553353
34640,170.553142
34641,170.552930
34642,170.552719
34643,170.552508
34644,170.552297
34645,170.552086
34646,170.551875
34647,170.551664
34648,170.551453
34649,170.551242
34650,170.551031
34651,170.550820
34652,170.550609
34653,170.550398
34654,170.550187
34655,170.549977
34656,170.549766
34657,170.549555
34658,170.549344
34659,170.549133
34660,170.548922
34661,170.548712
34662,170.548501
34663,170.548290
34664,170.548079
34665,170.547869
34666,170.547658
34667,170.547447
34668,170.547237
34669,170.547026
34670,170.546816
34671,170.546605
34672,170.546394
34673,170.546184
34674,170.545973
34675,170.545763
34676,170.545552
34677,170.545342
34678,170.545131
34679,170.544921
34680,170.544710
34681,170.544500
34682,170.544290
34683,170.544079
34684,170.543869
34685,170.543659
34686,170.543448
34687,170.543238
34688,170.543028
34689,170.542817
34690,170.542607
34691,170.542397
34692,170.542187
34693,170.541977
34694,170.541766
34695,170.541556
34696,170.541346
34697,170.541136
34698,170.540926
34699,170.540716
34700,170.540506
34701,170.540296
34702,170.540086
34703,170.539876
34704,170.539666
34705,170.539456
34706,170.539246
34707,170.539036
34708,170.538826
34709,170.538616
34710,170.538406
34711,170.538196
34712,170.537986
34713,170.537776
34714,170.537567
34715,170.537357
34716,170.537147
34717,170.536937
34718,170.536728
34719,170.536518
34720,170.536308
34721,170.536098
34722,170.535889
34723,170.535679
34724,170.535470
34725,170.535260
34726,170.535050
34727,170.534841
34728,170.534631
34729,170.534422
34730,170.534212
34731,170.534003
34732,170.533793
34733,170.533584
34734,170.533374
34735,170.533165
34736,170.532955
34737,170.532746
34738,170.532537
34739,170.532327
34740,170.532118
34741,170.531909
34742,170.531699
34743,170.531490
34744,170.531281
34745,170.531071
34746,170.530862
34747,170.530653
34748,170.530444
34749,170.530235
34750,170.530025
34751,170.529816
34752,170.529607
34753,170.529398
34754,170.529189
34755,170.528980
34756,170.528771
34757,170.528562
34758,170.528353
34759,170.528144
34760,170.527935
34761,170.527726
34762,170.527517
34763,170.527308
34764,170.527099
34765,170.526890
34766,170.526681
34767,170.526472
34768,170.526263
34769,170.526055
34770,170.525846
34771,170.525637
34772,170.525428
34773,170.525219
34774,170.525011
34775,170.524802
34776,170.524593
34777,170.524385
34778,170.524176
34779,170.523967
34780,170.523759
34781,170.523550
34782,170.523341
34783,170.523133
34784,170.522924
34785,170.522716
34786,170.522507
34787,170.522299
34788,170.522090
34789,170.521882
34790,170.521673
34791,170.521465
34792,170.521256
34793,170.521048
34794,170.520840
34795,170.520631
34796,170.520423
34797,170.520215
34798,170.520006
34799,170.519798
34800,170.519590
34801,170.519382
34802,170.519173
34803,170.518965
34804,170.518757
34805,170.518549
34806,170.518341
34807,170.518132
34808,170.517924
34809,170.517716
34810,170.517508
34811,170.517300
34812,170.517092
34813,170.516884
34814,170.516676
34815,170.516468
34816,170.516260
34817,170.516052
34818,170.515844
34819,170.515636
34820,170.515428
34821,170.515220
34822,170.515012
34823,170.514804
34824,170.514597
34825,170.514389
34826,170.514181
34827,170.513973
34828,170.513765
34829,170.513558
34830,170.513350
34831,170.513142
34832,170.512934
34833,170.512727
34834,170.512519
34835,170.512311
34836,170.512104
34837,170.511896
34838,170.511689
34839,170.511481
34840,170.511274
34841,170.511066
34842,170.510858
34843,170.510651
34844,170.510443
34845,170.510236
34846,170.510029
34847,170.509821
34848,170.509614
34849,170.509406
34850,170.509199
34851,170.508992
34852,170.508784
34853,170.508577
34854,170.508370
34855,170.508162
34856,170.507955
34857,170.507748
34858,170.507540
34859,170.507333
34860,170.507126
34861,170.506919
34862,170.506712
34863,170.506505
34864,170.506297
34865,170.506090
34866,170.505883
34867,170.505676
34868,170.505469
34869,170.505262
34870,170.505055
34871,170.504848
34872,170.504641
34873,170.504434
34874,170.504227
34875,170.504020
34876,170.503813
34877,170.503606
34878,170.503399
34879,170.503193
34880,170.502986
34881,170.502779
34882,170.502572
34883,170.502365
34884,170.502158
34885,170.501952
34886,170.501745
34887,170.501538
34888,170.501332
34889,170.501125
34890,170.500918
34891,170.500711
34892,170.500505
34893,170.500298
34894,170.500092
34895,170.499885
34896,170.499678
34897,170.499472
34898,170.499265
34899,170.499059
34900,170.498852
34901,170.498646
34902,170.498439
34903,170.498233
34904,170.498027
34905,170.497820
34906,170.497614
34907,170.497407
34908,170.497201
34909,170.496995
34910,170.496788
34911,170.496582
34912,170.496376
34913,170.496170
34914,170.495963
34915,170.495757
34916,170.495551
34917,170.495345
34918,170.495138
34919,170.494932
34920,170.494726
34921,170.494520
34922,170.494314
34923,170.494108
34924,170.493902
34925,170.493696
34926,170.493490
34927,170.493284
34928,170.493078
34929,170.492872
34930,170.492666
34931,170.492460
34932,170.492254
34933,170.492048
34934,170.491842
34935,170.491636
34936,170.491430
34937,170.491224
34938,170.491019
34939,170.490813
34940,170.490607
34941,170.490401
34942,170.490196
34943,170.489990
34944,170.489784
34945,170.489578
34946,170.489373
34947,170.489167
34948,170.488961
34949,170.488756
34950,170.488550
34951,170.488345
34952,170.488139
34953,170.487933
34954,170.487728
34955,170.487522
34956,170.487317
34957,170.487111
34958,170.486906
34959,170.486700
34960,170.486495
34961,170.486290
34962,170.486084
34963,170.485879
34964,170.485673
34965,170.485468
34966,170.485263
34967,170.485057
34968,170.484852
34969,170.484647
34970,170.484442
34971,170.484236
34972,170.484031
34973,170.483826
34974,170.483621
34975,170.483416
34976,170.483210
34977,170.483005
34978,170.482800
34979,170.482595
34980,170.482390
34981,170.482185
34982,170.481980
34983,170.481775
34984,170.481570
34985,170.481365
34986,170.481160
34987,170.480955
34988,170.480750
34989,170.480545
34990,170.480340
34991,170.480135
34992,170.479930
34993,170.479725
34994,170.479521
34995,170.479316
34996,170.479111
34997,170.478906
34998,170.478701
34999,170.478497
35000,170.478292
35001,170.478087
35002,170.477883
35003,170.477678
35004,170.477473
35005,170.477269
35006,170.477064
35007,170.476859
35008,170.476655
35009,170.476450
35010,170.476246
35011,170.476041
35012,170.475836
35013,170.475632
35014,170.475427
35015,170.475223
35016,170.475019
35017,170.474814
35018,170.474610
35019,170.474405
35020,170.474201
35021,170.473997
35022,170.473792
35023,170.473588
35024,170.473384
35025,170.473179
35026,170.472975
35027,170.472771
35028,170.472566
35029,170.472362
35030,170.472158
35031,170.471954
35032,170.471750
35033,170.471546
35034,170.471341
35035,170.471137
35036,170.470933
35037,170.470729
35038,170.470525
35039,170.470321
35040,170.470117
35041,170.469913
35042,170.469709
35043,170.469505
35044,170.469301
35045,170.469097
35046,170.468893
35047,170.468689
35048,170.468485
35049,170.468281
35050,170.468078
35051,170.467874
35052,170.467670
35053,170.467466
35054,170.467262
35055,170.467059
35056,170.466855
35057,170.466651
35058,170.466447
35059,170.466244
35060,170.466040
35061,170.465836
35062,170.465633
35063,170.465429
35064,170.465225
35065,170.465022
35066,170.464818
35067,170.464615
35068,170.464411
35069,170.464208
35070,170.464004
35071,170.463801
35072,170.463597
35073,170.463394
35074,170.463190
35075,170.462987
35076,170.462783
35077,170.462580
35078,170.462377
35079,170.462173
35080,170.461970
35081,170.461767
35082,170.461563
35083,170.461360
35084,170.461157
35085,170.460954
35086,170.460750
35087,170.460547
35088,170.460344
35089,170.460141
35090,170.459938
35091,170.459734
35092,170.459531
35093,170.459328
35094,170.459125
35095,170.458922
35096,170.458719
35097,170.458516
35098,170.458313
35099,170.458110
35100,170.457907
35101,170.457704
35102,170.457501
35103,170.457298
35104,170.457095
35105,170.456892
35106,170.456689
35107,170.456486
35108,170.456284
35109,170.456081
35110,170.455878
35111,170.455675
35112,170.455472
35113,170.455270
35114,170.455067
35115,170.454864
35116,170.454661
35117,170.454459
35118,170.454256
35119,170.454053
35120,170.453851
35121,170.453648
35122,170.453446
35123,170.453243
35124,170.453040
35125,170.452838
35126,170.452635
35127,170.452433
35128,170.452230
35129,170.452028
35130,170.451825
35131,170.451623
35132,170.451420
35133,170.451218
35134,170.451016
35135,170.450813
35136,170.450611
35137,170.450409
35138,170.450206
35139,170.450004
35140,170.449802
35141,170.449599
35142,170.449397
35143,170.449195
35144,170.448993
35145,170.448790
35146,170.448588
35147,170.448386
35148,170.448184
35149,170.447982
35150,170.447780
35151,170.447578
35152,170.447375
35153,170.447173
35154,170.446971
35155,170.446769
35156,170.446567
35157,170.446365
35158,170.446163
35159,170.445961
35160,170.445759
35161,170.445557
35162,170.445356
35163,170.445154
35164,170.444952
35165,170.444750
35166,170.444548
35167,170.444346
35168,170.444144
35169,170.443943
35170,170.443741
35171,170.443539
35172,170.443337
35173,170.443136
35174,170.442934
35175,170.442732
35176,170.442531
35177,170.442329
35178,170.442127
35179,170.441926
35180,170.441724
35181,170.441523
35182,170.441321
35183,170.441119
35184,170.440918
35185,170.440716
35186,170.440515
35187,170.440313
35188,170.440112
35189,170.439910
35190,170.439709
35191,170.439508
35192,170.439306
35193,170.439105
35194,170.438904
35195,170.438702
35196,170.438501
35197,170.438300
35198,170.438098
35199,170.437897
35200,170.437696
35201,170.437494
35202,170.437293
35203,170.437092
35204,170.436891
35205,170.436690
35206,170.436489
35207,170.436287
35208,170.436086
35209,170.435885
35210,170.435684
35211,170.435483
35212,170.435282
35213,170.435081
35214,170.434880
35215,170.434679
35216,170.434478
35217,170.434277
35218,170.434076
35219,170.433875
35220,170.433674
35221,170.433473
35222,170.433272
35223,170.433072
35224,170.432871
35225,170.432670
35226,170.432469
35227,170.432268
35228,170.432068
35229,170.431867
35230,170.431666
35231,170.431465
35232,170.431265
35233,170.431064
35234,170.430863
35235,170.430663
35236,170.430462
35237,170.430261
35238,170.430061
35239,170.429860
35240,170.429660
35241,170.429459
35242,170.429259
35243,170.429058
35244,170.428858
35245,170.428657
35246,170.428457
35247,170.428256
35248,170.428056
35249,170.427855
35250,170.427655
35251,170.427455
35252,170.427254
35253,170.427054
35254,170.426853
35255,170.426653
35256,170.426453
35257,170.426253
35258,170.426052
35259,170.425852
35260,170.425652
35261,170.425452
35262,170.425252
35263,170.425051
35264,170.424851
35265,170.424651
35266,170.424451
35267,170.424251
35268,170.424051
35269,170.423851
35270,170.423651
35271,170.423451
35272,170.423251
35273,170.423051
35274,170.422851
35275,170.422651
35276,170.422451
35277,170.422251
35278,170.422051
35279,170.421851
35280,170.421651
35281,170.421451
35282,170.421251
35283,170.421051
35284,170.420852
35285,170.420652
35286,170.420452
35287,170.420252
35288,170.420053
35289,170.419853
35290,170.419653
35291,170.419453
35292,170.419254
35293,170.419054
35294,170.418854
35295,170.418655
35296,170.418455
35297,170.418256
35298,170.418056
35299,170.417857
35300,170.417657
35301,170.417457
35302,170.417258
35303,170.417058
35304,170.416859
35305,170.416660
35306,170.416460
35307,170.416261
35308,170.416061
35309,170.415862
35310,170.415663
35311,170.415463
35312,170.415264
35313,170.415065
35314,170.414865
35315,170.414666
35316,170.414467
35317,170.414267
35318,170.414068
35319,170.413869
35320,170.413670
35321,170.413471
35322,170.413271
35323,170.413072
35324,170.412873
35325,170.412674
35326,170.412475
35327,170.412276
35328,170.412077
35329,170.411878
35330,170.411679
35331,170.411480
35332,170.411281
35333,170.411082
35334,170.410883
35335,170.410684
35336,170.410485
35337,170.410286
35338,170.410087
35339,170.409888
35340,170.409689
35341,170.409491
35342,170.409292
35343,170.409093
35344,170.408894
35345,170.408695
35346,170.408497
35347,170.408298
35348,170.408099
35349,170.407901
35350,170.407702
35351,170.407503
35352,170.407305
35353,170.407106
35354,170.406907
35355,170.406709
35356,170.406510
35357,170.406311
35358,170.406113
35359,170.405914
35360,170.405716
35361,170.405517
35362,170.405319
35363,170.405120
35364,170.404922
35365,170.404724
35366,170.404525
35367,170.404327
35368,170.404128
35369,170.403930
35370,170.403732
35371,170.403533
35372,170.403335
35373,170.403137
35374,170.402938
35375,170.402740
35376,170.402542
35377,170.402344
35378,170.402146
35379,170.401947
35380,170.401749
35381,170.401551
35382,170.401353
35383,170.401155
35384,170.400957
35385,170.400759
35386,170.400560
35387,170.400362
35388,170.400164
35389,170.399966
35390,170.399768
35391,170.399570
35392,170.399372
35393,170.399174
35394,170.398976
35395,170.398779
35396,170.398581
35397,170.398383
35398,170.398185
35399,170.397987
35400,170.397789
35401,170.397591
35402,170.397394
35403,170.397196
35404,170.396998
35405,170.396800
35406,170.396603
35407,170.396405
35408,170.396207
35409,170.396009
35410,170.395812
35411,170.395614
35412,170.395416
35413,170.395219
35414,170.395021
35415,170.394824
35416,170.394626
35417,170.394429
35418,170.394231
35419,170.394034
35420,170.393836
35421,170.393639
35422,170.393441
35423,170.393244
35424,170.393046
35425,170.392849
35426,170.392651
35427,170.392454
35428,170.392257
35429,170.392059
35430,170.391862
35431,170.391665
35432,170.391467
35433,170.391270
35434,170.391073
35435,170.390876
35436,170.390678
35437,170.390481
35438,170.390284
35439,170.390087
35440,170.389890
35441,170.389692
35442,170.389495
35443,170.389298
35444,170.389101
35445,170.388904
35446,170.388707
35447,170.388510
35448,170.388313
35449,170.388116
35450,170.387919
35451,170.387722
35452,170.387525
35453,170.387328
35454,170.387131
35455,170.386934
35456,170.386737
35457,170.386540
35458,170.386344
35459,170.386147
35460,170.385950
35461,170.385753
35462,170.385556
35463,170.385360
35464,170.385163
35465,170.384966
35466,170.384769
35467,170.384573
35468,170.384376
35469,170.384179
35470,170.383983
35471,170.383786
35472,170.383589
35473,170.383393
35474,170.383196
35475,170.383000
35476,170.382803
35477,170.382607
35478,170.382410
35479,170.382214
35480,170.382017
35481,170.381821
35482,170.381624
35483,170.381428
35484,170.381231
35485,170.381035
35486,170.380838
35487,170.380642
35488,170.380446
35489,170.380249
35490,170.380053
35491,170.379857
35492,170.379661
35493,170.379464
35494,170.379268
35495,170.379072
35496,170.378876
35497,170.378679
35498,170.378483
35499,170.378287
35500,170.378091
35501,170.377895
35502,170.377699
35503,170.377502
35504,170.377306
35505,170.377110
35506,170.376914
35507,170.376718
35508,170.376522
35509,170.376326
35510,170.376130
35511,170.375934
35512,170.375738
35513,170.375542
35514,170.375347
35515,170.375151
35516,170.374955
35517,170.374759
35518,170.374563
35519,170.374367
35520,170.374171
35521,170.373976
35522,170.373780
35523,170.373584
35524,170.373388
35525,170.373193
35526,170.372997
35527,170.372801
35528,170.372605
35529,170.372410
35530,170.372214
35531,170.372019
35532,170.371823
35533,170.371627
35534,170.371432
35535,170.371236
35536,170.371041
35537,170.370845
35538,170.370650
35539,170.370454
35540,170.370259
35541,170.370063
35542,170.369868
35543,170.369672
35544,170.369477
35545,170.369281
35546,170.369086
35547,170.368891
35548,170.368695
35549,170.368500
35550,170.368305
35551,170.368109
35552,170.367914
35553,170.367719
35554,170.367524
35555,170.367328
35556,170.367133
35557,170.366938
35558,170.366743
35559,170.366548
35560,170.366353
35561,170.366157
35562,170.365962
35563,170.365767
35564,170.365572
35565,170.365377
35566,170.365182
35567,170.364987
35568,170.364792
35569,170.364597
35570,170.364402
35571,170.364207
35572,170.364012
35573,170.363817
35574,170.363622
35575,170.363427
35576,170.363233
35577,170.363038
35578,170.362843
35579,170.362648
35580,170.362453
35581,170.362258
35582,170.362064
35583,170.361869
35584,170.361674
35585,170.361479
35586,170.361285
35587,170.361090
35588,170.360895
35589,170.360701
35590,170.360506
35591,170.360311
35592,170.360117
35593,170.359922
35594,170.359728
35595,170.359533
35596,170.359338
35597,170.359144
35598,170.358949
35599,170.358755
35600,170.358560
35601,170.358366
35602,170.358172
35603,170.357977
35604,170.357783
35605,170.357588
35606,170.357394
35607,170.357200
35608,170.357005
35609,170.356811
35610,170.356617
35611,170.356422
35612,170.356228
35613,170.356034
35614,170.355840
35615,170.355645
35616,170.355451
35617,170.355257
35618,170.355063
35619,170.354869
35620,170.354674
35621,170.354480
35622,170.354286
35623,170.354092
35624,170.353898
35625,170.353704
35626,170.353510
35627,170.353316
35628,170.353122
35629,170.352928
35630,170.352734
35631,170.352540
35632,170.352346
35633,170.352152
35634,170.351958
35635,170.351764
35636,170.351570
35637,170.351377
35638,170.351183
35639,170.350989
35640,170.350795
35641,170.350601
35642,170.350407
35643,170.350214
35644,170.350020
35645,170.349826
35646,170.349633
35647,170.349439
35648,170.349245
35649,170.349051
35650,170.348858
35651,170.348664
35652,170.348471
35653,170.348277
35654,170.348083
35655,170.347890
35656,170.347696
35657,170.347503
35658,170.347309
35659,170.347116
35660,170.346922
35661,170.346729
35662,170.346535
35663,170.346342
35664,170.346149
35665,170.345955
35666,170.345762
35667,170.345568
35668,170.345375
35669,170.345182
35670,170.344988
35671,170.344795
35672,170.344602
35673,170.344409
35674,170.344215
35675,170.344022
35676,170.343829
35677,170.343636
35678,170.343442
35679,170.343249
35680,170.343056
35681,170.342863
35682,170.342670
35683,170.342477
35684,170.342284
35685,170.342091
35686,170.341898
35687,170.341705
35688,170.341512
35689,170.341319
35690,170.341126
35691,170.340933
35692,170.340740
35693,170.340547
35694,170.340354
35695,170.340161
35696,170.339968
35697,170.339775
35698,170.339582
35699,170.339389
35700,170.339197
35701,170.339004
35702,170.338811
35703,170.338618
35704,170.338426
35705,170.338233
35706,170.338040
35707,170.337847
35708,170.337655
35709,170.337462
35710,170.337269
35711,170.337077
35712,170.336884
35713,170.336692
35714,170.336499
35715,170.336306
35716,170.336114
35717,170.335921
35718,170.335729
35719,170.335536
35720,170.335344
35721,170.335151
35722,170.334959
35723,170.334766
35724,170.334574
35725,170.334382
35726,170.334189
35727,170.333997
35728,170.333804
35729,170.333612
35730,170.333420
35731,170.333227
35732,170.333035
35733,170.332843
35734,170.332651
35735,170.332458
35736,170.332266
35737,170.332074
35738,170.331882
35739,170.331690
35740,170.331497
35741,170.331305
35742,170.331113
35743,170.330921
35744,170.330729
35745,170.330537
35746,170.330345
35747,170.330153
35748,170.329961
35749,170.329769
35750,170.329577
35751,170.329385
35752,170.329193
35753,170.329001
35754,170.328809
35755,170.328617
35756,170.328425
35757,170.328233
35758,170.328041
35759,170.327850
35760,170.327658
35761,170.327466
35762,170.327274
35763,170.327082
35764,170.326891
35765,170.326699
35766,170.326507
35767,170.326315
35768,170.326124
35769,170.325932
35770,170.325740
35771,170.325549
35772,170.325357
35773,170.325165
35774,170.324974
35775,170.324782
35776,170.324591
35777,170.324399
35778,170.324208
35779,170.324016
35780,170.323825
35781,170.323633
35782,170.323442
35783,170.323250
35784,170.323059
35785,170.322867
35786,170.322676
35787,170.322484
35788,170.322293
35789,170.322102
35790,170.321910
35791,170.321719
35792,170.321528
35793,170.321337
35794,170.321145
35795,170.320954
35796,170.320763
35797,170.320572
35798,170.320380
35799,170.320189
35800,170.319998
35801,170.319807
35802,170.319616
35803,170.319425
35804,170.319233
35805,170.319042
35806,170.318851
35807,170.318660
35808,170.318469
35809,170.318278
35810,170.318087
35811,170.317896
35812,170.317705
35813,170.317514
35814,170.317323
35815,170.317132
35816,170.316941
35817,170.316750
35818,170.316560
35819,170.316369
35820,170.316178
35821,170.315987
35822,170.315796
35823,170.315605
35824,170.315415
35825,170.315224
35826,170.315033
35827,170.314842
35828,170.314652
35829,170.314461
35830,170.314270
35831,170.314080
35832,170.313889
35833,170.313698
35834,170.313508
35835,170.313317
35836,170.313127
35837,170.312936
35838,170.312745
35839,170.312555
35840,170.312364
35841,170.312174
35842,170.311983
35843,170.311793
35844,170.311602
35845,170.311412
35846,170.311222
35847,170.311031
35848,170.310841
35849,170.310650
35850,170.310460
35851,170.310270
35852,170.310079
35853,170.309889
35854,170.309699
35855,170.309509
35856,170.309318
35857,170.309128
35858,170.308938
35859,170.308748
35860,170.308557
35861,170.308367
35862,170.308177
35863,170.307987
35864,170.307797
35865,170.307607
35866,170.307417
35867,170.307226
35868,170.307036
35869,170.306846
35870,170.306656
35871,170.306466
35872,170.306276
35873,170.306086
35874,170.305896
35875,170.305706
35876,170.305516
35877,170.305327
35878,170.305137
35879,170.304947
35880,170.304757
35881,170.304567
35882,170.304377
35883,170.304187
35884,170.303998
35885,170.303808
35886,170.303618
35887,170.303428
35888,170.303239
35889,170.303049
35890,170.302859
35891,170.302669
35892,170.302480
35893,170.302290
35894,170.302100
35895,170.301911
35896,170.301721
35897,170.301532
35898,170.301342
35899,170.301152
35900,170.300963
35901,170.300773
35902,170.300584
35903,170.300394
35904,170.300205
35905,170.300015
35906,170.299826
35907,170.299637
35908,170.299447
35909,170.299258
35910,170.299068
35911,170.298879
35912,170.298690
35913,170.298500
35914,170.298311
35915,170.298122
35916,170.297932
35917,170.297743
35918,170.297554
35919,170.297365
35920,170.297175
35921,170.296986
35922,170.296797
35923,170.296608
35924,170.296419
35925,170.296230
35926,170.296040
35927,170.295851
35928,170.295662
35929,170.295473
35930,170.295284
35931,170.295095
35932,170.294906
35933,170.294717
35934,170.294528
35935,170.294339
35936,170.294150
35937,170.293961
35938,170.293772
35939,170.293583
35940,170.293394
35941,170.293206
35942,170.293017
35943,170.292828
35944,170.292639
35945,170.292450
35946,170.292261
35947,170.292073
35948,170.291884
35949,170.291695
35950,170.291506
35951,170.291318
35952,170.291129
35953,170.290940
35954,170.290752
35955,170.290563
35956,170.290374
35957,170.290186
35958,170.289997
35959,170.289808
35960,170.289620
35961,170.289431
35962,170.289243
35963,170.289054
35964,170.288866
35965,170.288677
35966,170.288489
35967,170.288300
35968,170.288112
35969,170.287923
35970,170.287735
35971,170.287547
35972,170.287358
35973,170.287170
35974,170.286982
35975,170.286793
35976,170.286605
35977,170.286417
35978,170.286228
35979,170.286040
35980,170.285852
35981,170.285664
35982,170.285475
35983,170.285287
35984,170.285099
35985,170.284911
35986,170.284723
35987,170.284535
35988,170.284346
35989,170.284158
35990,170.283970
35991,170.283782
35992,170.283594
35993,170.283406
35994,170.283218
35995,170.283030
35996,170.282842
35997,170.282654
35998,170.282466
35999,170.282278
36000,170.282090
36001,170.281902
36002,170.281714
36003,170.281526
36004,170.281339
36005,170.281151
36006,170.280963
36007,170.280775
36008,170.280587
36009,170.280400
36010,170.280212
36011,170.280024
36012,170.279836
36013,170.279649
36014,170.279461
36015,170.279273
36016,170.279086
36017,170.278898
36018,170.278710
36019,170.278523
36020,170.278335
36021,170.278147
36022,170.277960
36023,170.277772
36024,170.277585
36025,170.277397
36026,170.277210
36027,170.277022
36028,170.276835
36029,170.276647
36030,170.276460
36031,170.276272
36032,170.276085
36033,170.275898
36034,170.275710
36035,170.275523
36036,170.275335
36037,170.275148
36038,170.274961
36039,170.274773
36040,170.274586
36041,170.274399
36042,170.274212
36043,170.274024
36044,170.273837
36045,170.273650
36046,170.273463
36047,170.273276
36048,170.273088
36049,170.272901
36050,170.272714
36051,170.272527
36052,170.272340
36053,170.272153
36054,170.271966
36055,170.271779
36056,170.271592
36057,170.271405
36058,170.271218
36059,170.271031
36060,170.270844
36061,170.270657
36062,170.270470
36063,170.270283
36064,170.270096
36065,170.269909
36066,170.269722
36067,170.269536
36068,170.269349
36069,170.269162
36070,170.268975
36071,170.268788
36072,170.268601
36073,170.268415
36074,170.268228
36075,170.268041
36076,170.267855
36077,170.267668
36078,170.267481
36079,170.267295
36080,170.267108
36081,170.266921
36082,170.266735
36083,170.266548
36084,170.266361
36085,170.266175
36086,170.265988
36087,170.265802
36088,170.265615
36089,170.265429
36090,170.265242
36091,170.265056
36092,170.264869
36093,170.264683
36094,170.264497
36095,170.264310
36096,170.264124
36097,170.263937
36098,170.263751
36099,170.263565
36100,170.263378
36101,170.263192
36102,170.263006
36103,170.262819
36104,170.262633
36105,170.262447
36106,170.262261
36107,170.262074
36108,170.261888
36109,170.261702
36110,170.261516
36111,170.261330
36112,170.261144
36113,170.260958
36114,170.260771
36115,170.260585
36116,170.260399
36117,170.260213
36118,170.260027
36119,170.259841
36120,170.259655
36121,170.259469
36122,170.259283
36123,170.259097
36124,170.258911
36125,170.258725
36126,170.258539
36127,170.258354
36128,170.258168
36129,170.257982
36130,170.257796
36131,170.257610
36132,170.257424
36133,170.257238
36134,170.257053
36135,170.256867
36136,170.256681
36137,170.256495
36138,170.256310
36139,170.256124
36140,170.255938
36141,170.255753
36142,170.255567
36143,170.255381
36144,170.255196
36145,170.255010
36146,170.254824
36147,170.254639
36148,170.254453
36149,170.254268
36150,170.254082
36151,170.253897
36152,170.253711
36153,170.253526
36154,170.253340
36155,170.253155
36156,170.252969
36157,170.252784
36158,170.252599
36159,170.252413
36160,170.252228
36161,170.252042
36162,170.251857
36163,170.251672
36164,170.251486
36165,170.251301
36166,170.251116
36167,170.250931
36168,170.250745
36169,170.250560
36170,170.250375
36171,170.250190
36172,170.250005
36173,170.249819
36174,170.249634
36175,170.249449
36176,170.249264
36177,170.249079
36178,170.248894
36179,170.248709
36180,170.248524
36181,170.248339
36182,170.248154
36183,170.247969
36184,170.247784
36185,170.247599
36186,170.247414
36187,170.247229
36188,170.247044
36189,170.246859
36190,170.246674
36191,170.246489
36192,170.246304
36193,170.246119
36194,170.245935
36195,170.245750
36196,170.245565
36197,170.245380
36198,170.245195
36199,170.245011
36200,170.244826
36201,170.244641
36202,170.244456
36203,170.244272
36204,170.244087
36205,170.243902
36206,170.243718
36207,170.243533
36208,170.243349
36209,170.243164
36210,170.242979
36211,170.242795
36212,170.242610
36213,170.242426
36214,170.242241
36215,170.242057
36216,170.241872
36217,170.241688
36218,170.241503
36219,170.241319
36220,170.241134
36221,170.240950
36222,170.240766
36223,170.240581
36224,170.240397
36225,170.240213
36226,170.240028
36227,170.239844
36228,170.239660
36229,170.239475
36230,170.239291
36231,170.239107
36232,170.238923
36233,170.238738
36234,170.238554
36235,170.238370
36236,170.238186
36237,170.238002
36238,170.237818
36239,170.237633
36240,170.237449
36241,170.237265
36242,170.237081
36243,170.236897
36244,170.236713
36245,170.236529
36246,170.236345
36247,170.236161
36248,170.235977
36249,170.235793
36250,170.235609
36251,170.235425
36252,170.235241
36253,170.235057
36254,170.234873
36255,170.234690
36256,170.234506
36257,170.234322
36258,170.234138
36259,170.233954
36260,170.233770
36261,170.233587
36262,170.233403
36263,170.233219
36264,170.233035
36265,170.232852
36266,170.232668
36267,170.232484
36268,170.232301
36269,170.232117
36270,170.231933
36271,170.231750
36272,170.231566
36273,170.231383
36274,170.231199
36275,170.231015
36276,170.230832
36277,170.230648
36278,170.230465
36279,170.230281
36280,170.230098
36281,170.229914
36282,170.229731
36283,170.229548
36284,170.229364
36285,170.229181
36286,170.228997
36287,170.228814
36288,170.228631
36289,170.228447
36290,170.228264
36291,170.228081
36292,170.227897
36293,170.227714
36294,170.227531
36295,170.227348
36296,170.227164
36297,170.226981
36298,170.226798
36299,170.226615
36300,170.226432
36301,170.226249
36302,170.226065
36303,170.225882
36304,170.225699
36305,170.225516
36306,170.225333
36307,170.225150
36308,170.224967
36309,170.224784
36310,170.224601
36311,170.224418
36312,170.224235
36313,170.224052
36314,170.223869
36315,170.223686
36316,170.223503
36317,170.223320
36318,170.223137
36319,170.222955
36320,170.222772
36321,170.222589
36322,170.222406
36323,170.222223
36324,170.222040
36325,170.221858
36326,170.221675
36327,170.221492
36328,170.221309
36329,170.221127
36330,170.220944
36331,170.220761
36332,170.220579
36333,170.220396
36334,170.220213
36335,170.220031
36336,170.219848
36337,170.219666
36338,170.219483
36339,170.219300
36340,170.219118
36341,170.218935
36342,170.218753
36343,170.218570
36344,170.218388
36345,170.218205
36346,170.218023
36347,170.217841
36348,170.217658
36349,170.217476
36350,170.217293
36351,170.217111
36352,170.216929
36353,170.216746
36354,170.216564
36355,170.216382
36356,170.216199
36357,170.216017
36358,170.215835
36359,170.215653
36360,170.215470
36361,170.215288
36362,170.215106
36363,170.214924
36364,170.214742
36365,170.214560
36366,170.214377
36367,170.214195
36368,170.214013
36369,170.213831
36370,170.213649
36371,170.213467
36372,170.213285
36373,170.213103
36374,170.212921
36375,170.212739
36376,170.212557
36377,170.212375
36378,170.212193
36379,170.212011
36380,170.211829
36381,170.211647
36382,170.211465
36383,170.211284
36384,170.211102
36385,170.210920
36386,170.210738
36387,170.210556
36388,170.210374
36389,170.210193
36390,170.210011
36391,170.209829
36392,170.209647
36393,170.209466
36394,170.209284
36395,170.209102
36396,170.208921
36397,170.208739
36398,170.208557
36399,170.208376
36400,170.208194
36401,170.208013
36402,170.207831
36403,170.207649
36404,170.207468
36405,170.207286
36406,170.207105
36407,170.206923
36408,170.206742
36409,170.206560
36410,170.206379
36411,170.206198
36412,170.206016
36413,170.205835
36414,170.205653
36415,170.205472
36416,170.205291
36417,170.205109
36418,170.204928
36419,170.204747
36420,170.204565
36421,170.204384
36422,170.204203
36423,170.204022
36424,170.203840
36425,170.203659
36426,170.203478
36427,170.203297
36428,170.203116
36429,170.202934
36430,170.202753
36431,170.202572
36432,170.202391
36433,170.202210
36434,170.202029
36435,170.201848
36436,170.201667
36437,170.201486
36438,170.201305
36439,170.201124
36440,170.200943
36441,170.200762
36442,170.200581
36443,170.200400
36444,170.200219
36445,170.200038
36446,170.199857
36447,170.199676
36448,170.199495
36449,170.199315
36450,170.199134
36451,170.198953
36452,170.198772
36453,170.198591
36454,170.198411
36455,170.198230
36456,170.198049
36457,170.197868
36458,170.197688
36459,170.197507
36460,170.197326
36461,170.197146
36462,170.196965
36463,170.196784
36464,170.196604
36465,170.196423
36466,170.196243
36467,170.196062
36468,170.195881
36469,170.195701
36470,170.195520
36471,170.195340
36472,170.195159
36473,170.194979
36474,170.194799
36475,170.194618
36476,170.194438
36477,170.194257
36478,170.194077
36479,170.193896
36480,170.193716
36481,170.193536
36482,170.193355
36483,170.193175
36484,170.192995
36485,170.192814
36486,170.192634
36487,170.192454
36488,170.192274
36489,170.192094
36490,170.191913
36491,170.191733
36492,170.191553
36493,170.191373
36494,170.191193
36495,170.191012
36496,170.190832
36497,170.190652
36498,170.190472
36499,170.190292
36500,170.190112
36501,170.189932
36502,170.189752
36503,170.189572
36504,170.189392
36505,170.189212
36506,170.189032
36507,170.188852
36508,170.188672
36509,170.188492
36510,170.188312
36511,170.188132
36512,170.187953
36513,170.187773
36514,170.187593
36515,170.187413
36516,170.187233
36517,170.187053
36518,170.186874
36519,170.186694
36520,170.186514
36521,170.186334
36522,170.186155
36523,170.185975
36524,170.185795
36525,170.185616
36526,170.185436
36527,170.185256
36528,170.185077
36529,170.184897
36530,170.184718
36531,170.184538
36532,170.184358
36533,170.184179
36534,170.183999
36535,170.183820
36536,170.183640
36537,170.183461
36538,170.183281
36539,170.183102
36540,170.182922
36541,170.182743
36542,170.182564
36543,170.182384
36544,170.182205
36545,170.182025
36546,170.181846
36547,170.181667
36548,170.181487
36549,170.181308
36550,170.181129
36551,170.180950
36552,170.180770
36553,170.180591
36554,170.180412
36555,170.180233
36556,170.180053
36557,170.179874
36558,170.179695
36559,170.179516
36560,170.179337
36561,170.179158
36562,170.178979
36563,170.178799
36564,170.178620
36565,170.178441
36566,170.178262
36567,170.178083
36568,170.177904
36569,170.177725
36570,170.177546
36571,170.177367
36572,170.177188
36573,170.177009
36574,170.176831
36575,170.176652
36576,170.176473
36577,170.176294
36578,170.176115
36579,170.175936
36580,170.175757
36581,170.175579
36582,170.175400
36583,170.175221
36584,170.175042
36585,170.174863
36586,170.174685
36587,170.174506
36588,170.174327
36589,170.174149
36590,170.173970
36591,170.173791
36592,170.173613
36593,170.173434
36594,170.173255
36595,170.173077
36596,170.172898
36597,170.172720
36598,170.172541
36599,170.172363
36600,170.172184
36601,170.172005
36602,170.171827
36603,170.171649
36604,170.171470
36605,170.171292
36606,170.171113
36607,170.170935
36608,170.170756
36609,170.170578
36610,170.170400
36611,170.170221
36612,170.170043
36613,170.169865
36614,170.169686
36615,170.169508
36616,170.169330
36617,170.169151
36618,170.168973
36619,170.168795
36620,170.168617
36621,170.168439
36622,170.168260
36623,170.168082
36624,170.167904
36625,170.167726
36626,170.167548
36627,170.167370
36628,170.167192
36629,170.167013
36630,170.166835
36631,170.166657
36632,170.166479
36633,170.166301
36634,170.166123
36635,170.165945
36636,170.165767
36637,170.165589
36638,170.165411
36639,170.165234
36640,170.165056
36641,170.164878
36642,170.164700
36643,170.164522
36644,170.164344
36645,170.164166
36646,170.163988
36647,170.163811
36648,170.163633
36649,170.163455
36650,170.163277
36651,170.163100
36652,170.162922
36653,170.162744
36654,170.162566
36655,170.162389
36656,170.162211
36657,170.162033
36658,170.161856
36659,170.161678
36660,170.161501
36661,170.161323
36662,170.161145
36663,170.160968
36664,170.160790
36665,170.160613
36666,170.160435
36667,170.160258
36668,170.160080
36669,170.159903
36670,170.159725
36671,170.159548
36672,170.159370
36673,170.159193
36674,170.159016
36675,170.158838
36676,170.158661
36677,170.158484
36678,170.158306
36679,170.158129
36680,170.157952
36681,170.157774
36682,170.157597
36683,170.157420
36684,170.157243
36685,170.157065
36686,170.156888
36687,170.156711
36688,170.156534
36689,170.156357
36690,170.156179
36691,170.156002
36692,170.155825
36693,170.155648
36694,170.155471
36695,170.155294
36696,170.155117
36697,170.154940
36698,170.154763
36699,170.154586
36700,170.154409
36701,170.154232
36702,170.154055
36703,170.153878
36704,170.153701
36705,170.153524
36706,170.153347
36707,170.153170
36708,170.152993
36709,170.152816
36710,170.152639
36711,170.152463
36712,170.152286
36713,170.152109
36714,170.151932
36715,170.151755
36716,170.151579
36717,170.151402
36718,170.151225
36719,170.151049
36720,170.150872
36721,170.150695
36722,170.150518
36723,170.150342
36724,170.150165
36725,170.149989
36726,170.149812
36727,170.149635
36728,170.149459
36729,170.149282
36730,170.149106
36731,170.148929
36732,170.148753
36733,170.148576
36734,170.148400
36735,170.148223
36736,170.148047
36737,170.147870
36738,170.147694
36739,170.147517
36740,170.147341
36741,170.147165
36742,170.146988
36743,170.146812
36744,170.146636
36745,170.146459
36746,170.146283
36747,170.146107
36748,170.145930
36749,170.145754
36750,170.145578
36751,170.145402
36752,170.145225
36753,170.145049
36754,170.144873
36755,170.144697
36756,170.144521
36757,170.144345
36758,170.144168
36759,170.143992
36760,170.143816
36761,170.143640
36762,170.143464
36763,170.143288
36764,170.143112
36765,170.142936
36766,170.142760
36767,170.142584
36768,170.142408
36769,170.142232
36770,170.142056
36771,170.141880
36772,170.141704
36773,170.141528
36774,170.141353
36775,170.141177
36776,170.141001
36777,170.140825
36778,170.140649
36779,170.140473
36780,170.140298
36781,170.140122
36782,170.139946
36783,170.139770
36784,170.139594
36785,170.139419
36786,170.139243
36787,170.139067
36788,170.138892
36789,170.138716
36790,170.138540
36791,170.138365
36792,170.138189
36793,170.138014
36794,170.137838
36795,170.137662
36796,170.137487
36797,170.137311
36798,170.137136
36799,170.136960
36800,170.136785
36801,170.136609
36802,170.136434
36803,170.136258
36804,170.136083
36805,170.135908
36806,170.135732
36807,170.135557
36808,170.135381
36809,170.135206
36810,170.135031
36811,170.134855
36812,170.134680
36813,170.134505
36814,170.134329
36815,170.134154
36816,170.133979
36817,170.133804
36818,170.133628
36819,170.133453
36820,170.133278
36821,170.133103
36822,170.132928
36823,170.132753
36824,170.132577
36825,170.132402
36826,170.132227
36827,170.132052
36828,170.131877
36829,170.131702
36830,170.131527
36831,170.131352
36832,170.131177
36833,170.131002
36834,170.130827
36835,170.130652
36836,170.130477
36837,170.130302
36838,170.130127
36839,170.129952
36840,170.129777
36841,170.129602
36842,170.129428
36843,170.129253
36844,170.129078
36845,170.128903
36846,170.128728
36847,170.128553
36848,170.128379
36849,170.128204
36850,170.128029
36851,170.127854
36852,170.127680
36853,170.127505
36854,170.127330
36855,170.127156
36856,170.126981
36857,170.126806
36858,170.126632
36859,170.126457
36860,170.126283
36861,170.126108
36862,170.125933
36863,170.125759
36864,170.125584
36865,170.125410
36866,170.125235
36867,170.125061
36868,170.124886
36869,170.124712
36870,170.124537
36871,170.124363
36872,170.124189
36873,170.124014
36874,170.123840
36875,170.123665
36876,170.123491
36877,170.123317
36878,170.123142
36879,170.122968
36880,170.122794
36881,170.122620
36882,170.122445
36883,170.122271
36884,170.122097
36885,170.121923
36886,170.121748
36887,170.121574
36888,170.121400
36889,170.121226
36890,170.121052
36891,170.120878
36892,170.120703
36893,170.120529
36894,170.120355
36895,170.120181
36896,170.120007
36897,170.119833
36898,170.119659
36899,170.119485
36900,170.119311
36901,170.119137
36902,170.118963
36903,170.118789
36904,170.118615
36905,170.118441
36906,170.118267
36907,170.118093
36908,170.117920
36909,170.117746
36910,170.117572
36911,170.117398
36912,170.117224
36913,170.117050
36914,170.116877
36915,170.116703
36916,170.116529
36917,170.116355
36918,170.116182
36919,170.116008
36920,170.115834
36921,170.115660
36922,170.115487
36923,170.115313
36924,170.115139
36925,170.114966
36926,170.114792
36927,170.114619
36928,170.114445
36929,170.114272
36930,170.114098
36931,170.113924
36932,170.113751
36933,170.113577
36934,170.113404
36935,170.113230
36936,170.113057
36937,170.112883
36938,170.112710
36939,170.112537
36940,170.112363
36941,170.112190
36942,170.112016
36943,170.111843
36944,170.111670
36945,170.111496
36946,170.111323
36947,170.111150
36948,170.110977
36949,170.110803
36950,170.110630
36951,170.110457
36952,170.110284
36953,170.110110
36954,170.109937
36955,170.109764
36956,170.109591
36957,170.109418
36958,170.109244
36959,170.109071
36960,170.108898
36961,170.108725
36962,170.108552
36963,170.108379
36964,170.108206
36965,170.108033
36966,170.107860
36967,170.107687
36968,170.107514
36969,170.107341
36970,170.107168
36971,170.106995
36972,170.106822
36973,170.106649
36974,170.106476
36975,170.106303
36976,170.106131
36977,170.105958
36978,170.105785
36979,170.105612
36980,170.105439
36981,170.105266
36982,170.105094
36983,170.104921
36984,170.104748
36985,170.104575
36986,170.104403
36987,170.104230
36988,170.104057
36989,170.103885
36990,170.103712
36991,170.103539
36992,170.103367
36993,170.103194
36994,170.103021
36995,170.102849
36996,170.102676
36997,170.102504
36998,170.102331
36999,170.102159
37000,170.101986
37001,170.101814
37002,170.101641
37003,170.101469
37004,170.101296
37005,170.101124
37006,170.100951
37007,170.100779
37008,170.100606
37009,170.100434
37010,170.100262
37011,170.100089
37012,170.099917
37013,170.099745
37014,170.099572
37015,170.099400
37016,170.099228
37017,170.099056
37018,170.098883
37019,170.098711
37020,170.098539
37021,170.098367
37022,170.098194
37023,170.098022
37024,170.097850
37025,170.097678
37026,170.097506
37027,170.097334
37028,170.097162
37029,170.096989
37030,170.096817
37031,170.096645
37032,170.096473
37033,170.096301
37034,170.096129
37035,170.095957
37036,170.095785
37037,170.095613
37038,170.095441
37039,170.095269
37040,170.095097
37041,170.094926
37042,170.094754
37043,170.094582
37044,170.094410
37045,170.094238
37046,170.094066
37047,170.093894
37048,170.093723
37049,170.093551
37050,170.093379
37051,170.093207
37052,170.093035
37053,170.092864
37054,170.092692
37055,170.092520
37056,170.092349
37057,170.092177
37058,170.092005
37059,170.091834
37060,170.091662
37061,170.091490
37062,170.091319
37063,170.091147
37064,170.090976
37065,170.090804
37066,170.090632
37067,170.090461
37068,170.090289
37069,170.090118
37070,170.089946
37071,170.089775
37072,170.089604
37073,170.089432
37074,170.089261
37075,170.089089
37076,170.088918
37077,170.088746
37078,170.088575
37079,170.088404
37080,170.088232
37081,170.088061
37082,170.087890
37083,170.087718
37084,170.087547
37085,170.087376
37086,170.087205
37087,170.087033
37088,170.086862
37089,170.086691
37090,170.086520
37091,170.086349
37092,170.086177
37093,170.086006
37094,170.085835
37095,170.085664
37096,170.085493
37097,170.085322
37098,170.085151
37099,170.084980
37100,170.084809
37101,170.084638
37102,170.084467
37103,170.084296
37104,170.084125
37105,170.083954
37106,170.083783
37107,170.083612
37108,170.083441
37109,170.083270
37110,170.083099
37111,170.082928
37112,170.082757
37113,170.082586
37114,170.082415
37115,170.082245
37116,170.082074
37117,170.081903
37118,170.081732
37119,170.081561
37120,170.081391
37121,170.081220
37122,170.081049
37123,170.080879
37124,170.080708
37125,170.080537
37126,170.080367
37127,170.080196
37128,170.080025
37129,170.079855
37130,170.079684
37131,170.079513
37132,170.079343
37133,170.079172
37134,170.079002
37135,170.078831
37136,170.078661
37137,170.078490
37138,170.078320
37139,170.078149
37140,170.077979
37141,170.077808
37142,170.077638
37143,170.077467
37144,170.077297
37145,170.077127
37146,170.076956
37147,170.076786
37148,170.076616
37149,170.076445
37150,170.076275
37151,170.076105
37152,170.075934
37153,170.075764
37154,170.075594
37155,170.075423
37156,170.075253
37157,170.075083
37158,170.074913
37159,170.074743
37160,170.074572
37161,170.074402
37162,170.074232
37163,170.074062
37164,170.073892
37165,170.073722
37166,170.073552
37167,170.073382
37168,170.073212
37169,170.073042
37170,170.072872
37171,170.072702
37172,170.072532
37173,170.072362
37174,170.072192
37175,170.072022
37176,170.071852
37177,170.071682
37178,170.071512
37179,170.071342
37180,170.071172
37181,170.071002
37182,170.070832
37183,170.070663
37184,170.070493
37185,170.070323
37186,170.070153
37187,170.069983
37188,170.069814
37189,170.069644
37190,170.069474
37191,170.069304
37192,170.069135
37193,170.068965
37194,170.068795
37195,170.068626
37196,170.068456
37197,170.068286
37198,170.068117
37199,170.067947
37200,170.067777
37201,170.067608
37202,170.067438
37203,170.067269
37204,170.067099
37205,170.066930
37206,170.066760
37207,170.066591
37208,170.066421
37209,170.066252
37210,170.066082
37211,170.065913
37212,170.065744
37213,170.065574
37214,170.065405
37215,170.065235
37216,170.065066
37217,170.064897
37218,170.064727
37219,170.064558
37220,170.064389
37221,170.064219
37222,170.064050
37223,170.063881
37224,170.063712
37225,170.063542
37226,170.063373
37227,170.063204
37228,170.063035
37229,170.062866
37230,170.062696
37231,170.062527
37232,170.062358
37233,170.062189
37234,170.062020
37235,170.061851
37236,170.061682
37237,170.061513
37238,170.061344
37239,170.061175
37240,170.061006
37241,170.060837
37242,170.060668
37243,170.060499
37244,170.060330
37245,170.060161
37246,170.059992
37247,170.059823
37248,170.059654
37249,170.059485
37250,170.059316
37251,170.059148
37252,170.058979
37253,170.058810
37254,170.058641
37255,170.058472
37256,170.058303
37257,170.058135
37258,170.057966
37259,170.057797
37260,170.057628
37261,170.057460
37262,170.057291
37263,170.057122
37264,170.056954
37265,170.056785
37266,170.056616
37267,170.056448
37268,170.056279
37269,170.056111
37270,170.055942
37271,170.055773
37272,170.055605
37273,170.055436
37274,170.055268
37275,170.055099
37276,170.054931
37277,170.054762
37278,170.054594
37279,170.054425
37280,170.054257
37281,170.054089
37282,170.053920
37283,170.053752
37284,170.053583
37285,170.053415
37286,170.053247
37287,170.053078
37288,170.052910
37289,170.052742
37290,170.052573
37291,170.052405
37292,170.052237
37293,170.052069
37294,170.051900
37295,170.051732
37296,170.051564
37297,170.051396
37298,170.051228
37299,170.051059
37300,170.050891
37301,170.050723
37302,170.050555
37303,170.050387
37304,170.050219
37305,170.050051
37306,170.049883
37307,170.049715
37308,170.049547
37309,170.049379
37310,170.049211
37311,170.049043
37312,170.048875
37313,170.048707
37314,170.048539
37315,170.048371
37316,170.048203
37317,170.048035
37318,170.047867
37319,170.047699
37320,170.047531
37321,170.047364
37322,170.047196
37323,170.047028
37324,170.046860
37325,170.046692
37326,170.046525
37327,170.046357
37328,170.046189
37329,170.046021
37330,170.045854
37331,170.045686
37332,170.045518
37333,170.045351
37334,170.045183
37335,170.045015
37336,170.044848
37337,170.044680
37338,170.044512
37339,170.044345
37340,170.044177
37341,170.044010
37342,170.043842
37343,170.043675
37344,170.043507
37345,170.043340
37346,170.043172
37347,170.043005
37348,170.042837
37349,170.042670
37350,170.042502
37351,170.042335
37352,170.042167
37353,170.042000
37354,170.041833
37355,170.041665
37356,170.041498
37357,170.041331
37358,170.041163
37359,170.040996
37360,170.040829
37361,170.040661
37362,170.040494
37363,170.040327
37364,170.040160
37365,170.039993
37366,170.039825
37367,170.039658
37368,170.039491
37369,170.039324
37370,170.039157
37371,170.038990
37372,170.038822
37373,170.038655
37374,170.038488
37375,170.038321
37376,170.038154
37377,170.037987
37378,170.037820
37379,170.037653
37380,170.037486
37381,170.037319
37382,170.037152
37383,170.036985
37384,170.036818
37385,170.036651
37386,170.036484
37387,170.036317
37388,170.036150
37389,170.035984
37390,170.035817
37391,170.035650
37392,170.035483
37393,170.035316
37394,170.035149
37395,170.034983
37396,170.034816
37397,170.034649
37398,170.034482
37399,170.034316
37400,170.034149
37401,170.033982
37402,170.033816
37403,170.033649
37404,170.033482
37405,170.033316
37406,170.033149
37407,170.032982
37408,170.032816
37409,170.032649
37410,170.032483
37411,170.032316
37412,170.032149
37413,170.031983
37414,170.031816
37415,170.031650
37416,170.031483
37417,170.031317
37418,170.031150
37419,170.030984
37420,170.030818
37421,170.030651
37422,170.030485
37423,170.030318
37424,170.030152
37425,170.029986
37426,170.029819
37427,170.029653
37428,170.029487
37429,170.029320
37430,170.029154
37431,170.028988
37432,170.028822
37433,170.028655
37434,170.028489
37435,170.028323
37436,170.028157
37437,170.027990
37438,170.027824
37439,170.027658
37440,170.027492
37441,170.027326
37442,170.027160
37443,170.026994
37444,170.026828
37445,170.026661
37446,170.026495
37447,170.026329
37448,170.026163
37449,170.025997
37450,170.025831
37451,170.025665
37452,170.025499
37453,170.025333
37454,170.025167
37455,170.025001
37456,170.024836
37457,170.024670
37458,170.024504
37459,170.024338
37460,170.024172
37461,170.024006
37462,170.023840
37463,170.023674
37464,170.023509
37465,170.023343
37466,170.023177
37467,170.023011
37468,170.022846
37469,170.022680
37470,170.022514
37471,170.022348
37472,170.022183
37473,170.022017
37474,170.021851
37475,170.021686
37476,170.021520
37477,170.021354
37478,170.021189
37479,170.021023
37480,170.020858
37481,170.020692
37482,170.020527
37483,170.020361
37484,170.020196
37485,170.020030
37486,170.019865
37487,170.019699
37488,170.019534
37489,170.019368
37490,170.019203
37491,170.019037
37492,170.018872
37493,170.018706
37494,170.018541
37495,170.018376
37496,170.018210
37497,170.018045
37498,170.017880
37499,170.017714
37500,170.017549
37501,170.017384
37502,170.017219
37503,170.017053
37504,170.016888
37505,170.016723
37506,170.016558
37507,170.016392
37508,170.016227
37509,170.016062
37510,170.015897
37511,170.015732
37512,170.015567
37513,170.015402
37514,170.015236
37515,170.015071
37516,170.014906
37517,170.014741
37518,170.014576
37519,170.014411
37520,170.014246
37521,170.014081
37522,170.013916
37523,170.013751
37524,170.013586
37525,170.013421
37526,170.013256
37527,170.013091
37528,170.012926
37529,170.012762
37530,170.012597
37531,170.012432
37532,170.012267
37533,170.012102
37534,170.011937
37535,170.011773
37536,170.011608
37537,170.011443
37538,170.011278
37539,170.011113
37540,170.010949
37541,170.010784
37542,170.010619
37543,170.010455
37544,170.010290
37545,170.010125
37546,170.009961
37547,170.009796
37548,170.009631
37549,170.009467
37550,170.009302
37551,170.009138
37552,170.008973
37553,170.008809
37554,170.008644
37555,170.008479
37556,170.008315
37557,170.008150
37558,170.007986
37559,170.007822
37560,170.007657
37561,170.007493
37562,170.007328
37563,170.007164
37564,170.006999
37565,170.006835
37566,170.006671
37567,170.006506
37568,170.006342
37569,170.006178
37570,170.006013
37571,170.005849
37572,170.005685
37573,170.005520
37574,170.005356
37575,170.005192
37576,170.005028
37577,170.004864
37578,170.004699
37579,170.004535
37580,170.004371
37581,170.004207
37582,170.004043
37583,170.003879
37584,170.003714
37585,170.003550
37586,170.003386
37587,170.003222
37588,170.003058
37589,170.002894
37590,170.002730
37591,170.002566
37592,170.002402
37593,170.002238
37594,170.002074
37595,170.001910
37596,170.001746
37597,170.001582
37598,170.001418
37599,170.001254
37600,170.001090
37601,170.000927
37602,170.000763
37603,170.000599
37604,170.000435
37605,170.000271
37606,170.000107
37607,169.999944
37608,169.999780
37609,169.999616
37610,169.999452
37611,169.999289
37612,169.999125
37613,169.998961
37614,169.998798
37615,169.998634
37616,169.998470
37617,169.998307
37618,169.998143
37619,169.997979
37620,169.997816
37621,169.997652
37622,169.997488
37623,169.997325
37624,169.997161
37625,169.996998
37626,169.996834
37627,169.996671
37628,169.996507
37629,169.996344
37630,169.996180
37631,169.996017
37632,169.995853
37633,169.995690
37634,169.995527
37635,169.995363
37636,169.995200
37637,169.995036
37638,169.994873
37639,169.994710
37640,169.994546
37641,169.994383
37642,169.994220
37643,169.994056
37644,169.993893
37645,169.993730
37646,169.993567
37647,169.993403
37648,169.993240
37649,169.993077
37650,169.992914
37651,169.992751
37652,169.992587
37653,169.992424
37654,169.992261
37655,169.992098
37656,169.991935
37657,169.991772
37658,169.991609
37659,169.991446
37660,169.991283
37661,169.991120
37662,169.990957
37663,169.990794
37664,169.990631
37665,169.990468
37666,169.990305
37667,169.990142
37668,169.989979
37669,169.989816
37670,169.989653
37671,169.989490
37672,169.989327
37673,169.989164
37674,169.989001
37675,169.988839
37676,169.988676
37677,169.988513
37678,169.988350
37679,169.988187
37680,169.988025
37681,169.987862
37682,169.987699
37683,169.987536
37684,169.987374
37685,169.987211
37686,169.987048
37687,169.986886
37688,169.986723
37689,169.986560
37690,169.986398
37691,169.986235
37692,169.986072
37693,169.985910
37694,169.985747
37695,169.985585
37696,169.985422
37697,169.985260
37698,169.985097
37699,169.984934
37700,169.984772
37701,169.984610
37702,169.984447
37703,169.984285
37704,169.984122
37705,169.983960
37706,169.983797
37707,169.983635
37708,169.983473
37709,169.983310
37710,169.983148
37711,169.982985
37712,169.982823
37713,169.982661
37714,169.982499
37715,169.982336
37716,169.982174
37717,169.982012
37718,169.981849
37719,169.981687
37720,169.981525
37721,169.981363
37722,169.981201
37723,169.981038
37724,169.980876
37725,169.980714
37726,169.980552
37727,169.980390
37728,169.980228
37729,169.980066
37730,169.979904
37731,169.979742
37732,169.979579
37733,169.979417
37734,169.979255
37735,169.979093
37736,169.978931
37737,169.978769
37738,169.978607
37739,169.978445
37740,169.978284
37741,169.978122
37742,169.977960
37743,169.977798
37744,169.977636
37745,169.977474
37746,169.977312
37747,169.977150
37748,169.976989
37749,169.976827
37750,169.976665
37751,169.976503
37752,169.976341
37753,169.976180
37754,169.976018
37755,169.975856
37756,169.975694
37757,169.975533
37758,169.975371
37759,169.975209
37760,169.975048
37761,169.974886
37762,169.974724
37763,169.974563
37764,169.974401
37765,169.974240
37766,169.974078
37767,169.973916
37768,169.973755
37769,169.973593
37770,169.973432
37771,169.973270
37772,169.973109
37773,169.972947
37774,169.972786
37775,169.972624
37776,169.972463
37777,169.972301
37778,169.972140
37779,169.971979
37780,169.971817
37781,169.971656
37782,169.971494
37783,169.971333
37784,169.971172
37785,169.971010
37786,169.970849
37787,169.970688
37788,169.970527
37789,169.970365
37790,169.970204
37791,169.970043
37792,169.969882
37793,169.969720
37794,169.969559
37795,169.969398
37796,169.969237
37797,169.969076
37798,169.968915
37799,169.968753
37800,169.968592
37801,169.968431
37802,169.968270
37803,169.968109
37804,169.967948
37805,169.967787
37806,169.967626
37807,169.967465
37808,169.967304
37809,169.967143
37810,169.966982
37811,169.966821
37812,169.966660
37813,169.966499
37814,169.966338
37815,169.966177
37816,169.966016
37817,169.965856
37818,169.965695
37819,169.965534
37820,169.965373
37821,169.965212
37822,169.965051
37823,169.964891
37824,169.964730
37825,169.964569
37826,169.964408
37827,169.964247
37828,169.964087
37829,169.963926
37830,169.963765
37831,169.963605
37832,169.963444
37833,169.963283
37834,169.963123
37835,169.962962
37836,169.962801
37837,169.962641
37838,169.962480
37839,169.962320
37840,169.962159
37841,169.961999
37842,169.961838
37843,169.961677
37844,169.961517
37845,169.961356
37846,169.961196
37847,169.961036
37848,169.960875
37849,169.960715
37850,169.960554
37851,169.960394
37852,169.960233
37853,169.960073
37854,169.959913
37855,169.959752
37856,169.959592
37857,169.959432
37858,169.959271
37859,169.959111
37860,169.958951
37861,169.958790
37862,169.958630
37863,169.958470
37864,169.958310
37865,169.958149
37866,169.957989
37867,169.957829
37868,169.957669
37869,169.957509
37870,169.957349
37871,169.957188
37872,169.957028
37873,169.956868
37874,169.956708
37875,169.956548
37876,169.956388
37877,169.956228
37878,169.956068
37879,169.955908
37880,169.955748
37881,169.955588
37882,169.955428
37883,169.955268
37884,169.955108
37885,169.954948
37886,169.954788
37887,169.954628
37888,169.954468
37889,169.954308
37890,169.954148
37891,169.953989
37892,169.953829
37893,169.953669
37894,169.953509
37895,169.953349
37896,169.953189
37897,169.953030
37898,169.952870
37899,169.952710
37900,169.952550
37901,169.952391
37902,169.952231
37903,169.952071
37904,169.951912
37905,169.951752
37906,169.951592
37907,169.951433
37908,169.951273
37909,169.951113
37910,169.950954
37911,169.950794
37912,169.950635
37913,169.950475
37914,169.950315
37915,169.950156
37916,169.949996
37917,169.949837
37918,169.949677
37919,169.949518
37920,169.949358
37921,169.949199
37922,169.949039
37923,169.948880
37924,169.948721
37925,169.948561
37926,169.948402
37927,169.948242
37928,169.948083
37929,169.947924
37930,169.947764
37931,169.947605
37932,169.947446
37933,169.947287
37934,169.947127
37935,169.946968
37936,169.946809
37937,169.946649
37938,169.946490
37939,169.946331
37940,169.946172
37941,169.946013
37942,169.945854
37943,169.945694
37944,169.945535
37945,169.945376
37946,169.945217
37947,169.945058
37948,169.944899
37949,169.944740
37950,169.944581
37951,169.944422
37952,169.944263
37953,169.944104
37954,169.943945
37955,169.943786
37956,169.943627
37957,169.943468
37958,169.943309
37959,169.943150
37960,169.942991
37961,169.942832
37962,169.942673
37963,169.942514
37964,169.942355
37965,169.942196
37966,169.942038
37967,169.941879
37968,169.941720
37969,169.941561
37970,169.941402
37971,169.941243
37972,169.941085
37973,169.940926
37974,169.940767
37975,169.940609
37976,169.940450
37977,169.940291
37978,169.940132
37979,169.939974
37980,169.939815
37981,169.939656
37982,169.939498
37983,169.939339
37984,169.939181
37985,169.939022
37986,169.938863
37987,169.938705
37988,169.938546
37989,169.938388
37990,169.938229
37991,169.938071
37992,169.937912
37993,169.937754
37994,169.937595
37995,169.937437
37996,169.937278
37997,169.937120
37998,169.936962
37999,169.936803
38000,169.936645
38001,169.936487
38002,169.936328
38003,169.936170
38004,169.936011
38005,169.935853
38006,169.935695
38007,169.935537
38008,169.935378
38009,169.935220
38010,169.935062
38011,169.934904
38012,169.934745
38013,169.934587
38014,169.934429
38015,169.934271
38016,169.934113
38017,169.933954
38018,169.933796
38019,169.933638
38020,169.933480
38021,169.933322
38022,169.933164
38023,169.933006
38024,169.932848
38025,169.932690
38026,169.932532
38027,169.932374
38028,169.932216
38029,169.932058
38030,169.931900
38031,169.931742
38032,169.931584
38033,169.931426
38034,169.931268
38035,169.931110
38036,169.930952
38037,169.930794
38038,169.930636
38039,169.930478
38040,169.930321
38041,169.930163
38042,169.930005
38043,169.929847
38044,169.929689
38045,169.929532
38046,169.929374
38047,169.929216
38048,169.929058
38049,169.928901
38050,169.928743
38051,169.928585
38052,169.928428
38053,169.928270
38054,169.928112
38055,169.927955
38056,169.927797
38057,169.927639
38058,169.927482
38059,169.927324
38060,169.927167
38061,169.927009
38062,169.926852
38063,169.926694
38064,169.926536
38065,169.926379
38066,169.926221
38067,169.926064
38068,169.925907
38069,169.925749
38070,169.925592
38071,169.925434
38072,169.925277
38073,169.925119
38074,169.924962
38075,169.924805
38076,169.924647
38077,169.924490
38078,169.924333
38079,169.924175
38080,169.924018
38081,169.923861
38082,169.923703
38083,169.923546
38084,169.923389
38085,169.923232
38086,169.923074
38087,169.922917
38088,169.922760
38089,169.922603
38090,169.922446
38091,169.922289
38092,169.922131
38093,169.921974
38094,169.921817
38095,169.921660
38096,169.921503
38097,169.921346
38098,169.921189
38099,169.921032
38100,169.920875
38101,169.920718
38102,169.920561
38103,169.920404
38104,169.920247
38105,169.920090
38106,169.919933
38107,169.919776
38108,169.919619
38109,169.919462
38110,169.919305
38111,169.919148
38112,169.918991
38113,169.918834
38114,169.918678
38115,169.918521
38116,169.918364
38117,169.918207
38118,169.918050
38119,169.917894
38120,169.917737
38121,169.917580
38122,169.917423
38123,169.917267
38124,169.917110
38125,169.916953
38126,169.916796
38127,169.916640
38128,169.916483
38129,169.916326
38130,169.916170
38131,169.916013
38132,169.915857
38133,169.915700
38134,169.915543
38135,169.915387
38136,169.915230
38137,169.915074
38138,169.914917
38139,169.914761
38140,169.914604
38141,169.914448
38142,169.914291
38143,169.914135
38144,169.913978
38145,169.913822
38146,169.913666
38147,169.913509
38148,169.913353
38149,169.913196
38150,169.913040
38151,169.912884
38152,169.912727
38153,169.912571
38154,169.912415
38155,169.912258
38156,169.912102
38157,169.911946
38158,169.911790
38159,169.911633
38160,169.911477
38161,169.911321
38162,169.911165
38163,169.911008
38164,169.910852
38165,169.910696
38166,169.910540
38167,169.910384
38168,169.910228
38169,169.910072
38170,169.909915
38171,169.909759
38172,169.909603
38173,169.909447
38174,169.909291
38175,169.909135
38176,169.908979
38177,169.908823
38178,169.908667
38179,169.908511
38180,169.908355
38181,169.908199
38182,169.908043
38183,169.907887
38184,169.907731
38185,169.907576
38186,169.907420
38187,169.907264
38188,169.907108
38189,169.906952
38190,169.906796
38191,169.906640
38192,169.906485
38193,169.906329
38194,169.906173
38195,169.906017
38196,169.905862
38197,169.905706
38198,169.905550
38199,169.905394
38200,169.905239
38201,169.905083
38202,169.904927
38203,169.904772
38204,169.904616
38205,169.904460
38206,169.904305
38207,169.904149
38208,169.903994
38209,169.903838
38210,169.903682
38211,169.903527
38212,169.903371
38213,169.903216
38214,169.903060
38215,169.902905
38216,169.902749
38217,169.902594
38218,169.902438
38219,169.902283
38220,169.902127
38221,169.901972
38222,169.901817
38223,169.901661
38224,169.901506
38225,169.901350
38226,169.901195
38227,169.901040
38228,169.900884
38229,169.900729
38230,169.900574
38231,169.900419
38232,169.900263
38233,169.900108
38234,169.899953
38235,169.899798
38236,169.899642
38237,169.899487
38238,169.899332
38239,169.899177
38240,169.899022
38241,169.898866
38242,169.898711
38243,169.898556
38244,169.898401
38245,169.898246
38246,169.898091
38247,169.897936
38248,169.897781
38249,169.897626
38250,169.897471
38251,169.897316
38252,169.897161
38253,169.897006
38254,169.896851
38255,169.896696
38256,169.896541
38257,169.896386
38258,169.896231
38259,169.896076
38260,169.895921
38261,169.895766
38262,169.895611
38263,169.895456
38264,169.895301
38265,169.895147
38266,169.894992
38267,169.894837
38268,169.894682
38269,169.894527
38270,169.894373
38271,169.894218
38272,169.894063
38273,169.893908
38274,169.893754
38275,169.893599
38276,169.893444
38277,169.893290
38278,169.893135
38279,169.892980
38280,169.892826
38281,169.892671
38282,169.892516
38283,169.892362
38284,169.892207
38285,169.892053
38286,169.891898
38287,169.891744
38288,169.891589
38289,169.891434
38290,169.891280
38291,169.891125
38292,169.890971
38293,169.890816
38294,169.890662
38295,169.890508
38296,169.890353
38297,169.890199
38298,169.890044
38299,169.889890
38300,169.889736
38301,169.889581
38302,169.889427
38303,169.889273
38304,169.889118
38305,169.888964
38306,169.888810
38307,169.888655
38308,169.888501
38309,169.888347
38310,169.888193
38311,169.888038
38312,169.887884
38313,169.887730
38314,169.887576
38315,169.887422
38316,169.887267
38317,169.887113
38318,169.886959
38319,169.886805
38320,169.886651
38321,169.886497
38322,169.886343
38323,169.886189
38324,169.886035
38325,169.885880
38326,169.885726
38327,169.885572
38328,169.885418
38329,169.885264
38330,169.885110
38331,169.884956
38332,169.884803
38333,169.884649
38334,169.884495
38335,169.884341
38336,169.884187
38337,169.884033
38338,169.883879
38339,169.883725
38340,169.883571
38341,169.883418
38342,169.883264
38343,169.883110
38344,169.882956
38345,169.882802
38346,169.882649
38347,169.882495
38348,169.882341
38349,169.882187
38350,169.882034
38351,169.881880
38352,169.881726
38353,169.881572
38354,169.881419
38355,169.881265
38356,169.881112
38357,169.880958
38358,169.880804
38359,169.880651
38360,169.880497
38361,169.880344
38362,169.880190
38363,169.880036
38364,169.879883
38365,169.879729
38366,169.879576
38367,169.879422
38368,169.879269
38369,169.879115
38370,169.878962
38371,169.878809
38372,169.878655
38373,169.878502
38374,169.878348
38375,169.878195
38376,169.878041
38377,169.877888
38378,169.877735
38379,169.877581
38380,169.877428
38381,169.877275
38382,169.877122
38383,169.876968
38384,169.876815
38385,169.876662
38386,169.876508
38387,169.876355
38388,169.876202
38389,169.876049
38390,169.875896
38391,169.875742
38392,169.875589
38393,169.875436
38394,169.875283
38395,169.875130
38396,169.874977
38397,169.874824
38398,169.874671
38399,169.874517
38400,169.874364
38401,169.874211
38402,169.874058
38403,169.873905
38404,169.873752
38405,169.873599
38406,169.873446
38407,169.873293
38408,169.873140
38409,169.872987
38410,169.872834
38411,169.872682
38412,169.872529
38413,169.872376
38414,169.872223
38415,169.872070
38416,169.871917
38417,169.871764
38418,169.871611
38419,169.871459
38420,169.871306
38421,169.871153
38422,169.871000
38423,169.870848
38424,169.870695
38425,169.870542
38426,169.870389
38427,169.870237
38428,169.870084
38429,169.869931
38430,169.869779
38431,169.869626
38432,169.869473
38433,169.869321
38434,169.869168
38435,169.869015
38436,169.868863
38437,169.868710
38438,169.868558
38439,169.868405
38440,169.868253
38441,169.868100
38442,169.867947
38443,169.867795
38444,169.867642
38445,169.867490
38446,169.867338
38447,169.867185
38448,169.867033
38449,169.866880
38450,169.866728
38451,169.866575
38452,169.866423
38453,169.866271
38454,169.866118
38455,169.865966
38456,169.865814
38457,169.865661
38458,169.865509
38459,169.865357
38460,169.865204
38461,169.865052
38462,169.864900
38463,169.864748
38464,169.864595
38465,169.864443
38466,169.864291
38467,169.864139
38468,169.863987
38469,169.863834
38470,169.863682
38471,169.863530
38472,169.863378
38473,169.863226
38474,169.863074
38475,169.862922
38476,169.862770
38477,169.862618
38478,169.862466
38479,169.862314
38480,169.862162
38481,169.862010
38482,169.861858
38483,169.861706
38484,169.861554
38485,169.861402
38486,169.861250
38487,169.861098
38488,169.860946
38489,169.860794
38490,169.860642
38491,169.860490
38492,169.860338
38493,169.860186
38494,169.860035
38495,169.859883
38496,169.859731
38497,169.859579
38498,169.859427
38499,169.859276
38500,169.859124
38501,169.858972
38502,169.858820
38503,169.858669
38504,169.858517
38505,169.858365
38506,169.858214
38507,169.858062
38508,169.857910
38509,169.857759
38510,169.857607
38511,169.857455
38512,169.857304
38513,169.857152
38514,169.857001
38515,169.856849
38516,169.856697
38517,169.856546
38518,169.856394
38519,169.856243
38520,169.856091
38521,169.855940
38522,169.855788
38523,169.855637
38524,169.855485
38525,169.855334
38526,169.855183
38527,169.855031
38528,169.854880
38529,169.854728
38530,169.854577
38531,169.854426
38532,169.854274
38533,169.854123
38534,169.853972
38535,169.853820
38536,169.853669
38537,169.853518
38538,169.853366
38539,169.853215
38540,169.853064
38541,169.852913
38542,169.852762
38543,169.852610
38544,169.852459
38545,169.852308
38546,169.852157
38547,169.852006
38548,169.851854
38549,169.851703
38550,169.851552
38551,169.851401
38552,169.851250
38553,169.851099
38554,169.850948
38555,169.850797
38556,169.850646
38557,169.850495
38558,169.850344
38559,169.850193
38560,169.850042
38561,169.849891
38562,169.849740
38563,169.849589
38564,169.849438
38565,169.849287
38566,169.849136
38567,169.848985
38568,169.848834
38569,169.848683
38570,169.848533
38571,169.848382
38572,169.848231
38573,169.848080
38574,169.847929
38575,169.847779
38576,169.847628
38577,169.847477
38578,169.847326
38579,169.847175
38580,169.847025
38581,169.846874
38582,169.846723
38583,169.846573
38584,169.846422
38585,169.846271
38586,169.846121
38587,169.845970
38588,169.845819
38589,169.845669
38590,169.845518
38591,169.845368
38592,169.845217
38593,169.845066
38594,169.844916
38595,169.844765
38596,169.844615
38597,169.844464
38598,169.844314
38599,169.844163
38600,169.844013
38601,169.843862
38602,169.843712
38603,169.843562
38604,169.843411
38605,169.843261
38606,169.843110
38607,169.842960
38608,169.842810
38609,169.842659
38610,169.842509
38611,169.842359
38612,169.842208
38613,169.842058
38614,169.841908
38615,169.841757
38616,169.841607
38617,169.841457
38618,169.841307
38619,169.841156
38620,169.841006
38621,169.840856
38622,169.840706
38623,169.840556
38624,169.840405
38625,169.840255
38626,169.840105
38627,169.839955
38628,169.839805
38629,169.839655
38630,169.839505
38631,169.839355
38632,169.839205
38633,169.839055
38634,169.838904
38635,169.838754
38636,169.838604
38637,169.838454
38638,169.838304
38639,169.838155
38640,169.838005
38641,169.837855
38642,169.837705
38643,169.837555
38644,169.837405
38645,169.837255
38646,169.837105
38647,169.836955
38648,169.836805
38649,169.836655
38650,169.836506
38651,169.836356
38652,169.836206
38653,169.836056
38654,169.835906
38655,169.835757
38656,169.835607
38657,169.835457
38658,169.835307
38659,169.835158
38660,169.835008
38661,169.834858
38662,169.834709
38663,169.834559
38664,169.834409
38665,169.834260
38666,169.834110
38667,169.833960
38668,169.833811
38669,169.833661
38670,169.833512
38671,169.833362
38672,169.833213
38673,169.833063
38674,169.832914
38675,169.832764
38676,169.832615
38677,169.832465
38678,169.832316
38679,169.832166
38680,169.832017
38681,169.831867
38682,169.831718
38683,169.831568
38684,169.831419
38685,169.831270
38686,169.831120
38687,169.830971
38688,169.830822
38689,169.830672
38690,169.830523
38691,169.830374
38692,169.830224
38693,169.830075
38694,169.829926
38695,169.829776
38696,169.829627
38697,169.829478
38698,169.829329
38699,169.829180
38700,169.829030
38701,169.828881
38702,169.828732
38703,169.828583
38704,169.828434
38705,169.828285
38706,169.828136
38707,169.827986
38708,169.827837
38709,169.827688
38710,169.827539
38711,169.827390
38712,169.827241
38713,169.827092
38714,169.826943
38715,169.826794
38716,169.826645
38717,169.826496
38718,169.826347
38719,169.826198
38720,169.826049
38721,169.825900
38722,169.825751
38723,169.825602
38724,169.825454
38725,169.825305
38726,169.825156
38727,169.825007
38728,169.824858
38729,169.824709
38730,169.824561
38731,169.824412
38732,169.824263
38733,169.824114
38734,169.823965
38735,169.823817
38736,169.823668
38737,169.823519
38738,169.823371
38739,169.823222
38740,169.823073
38741,169.822924
38742,169.822776
38743,169.822627
38744,169.822479
38745,169.822330
38746,169.822181
38747,169.822033
38748,169.821884
38749,169.821736
38750,169.821587
38751,169.821438
38752,169.821290
38753,169.821141
38754,169.820993
38755,169.820844
38756,169.820696
38757,169.820547
38758,169.820399
38759,169.820251
38760,169.820102
38761,169.819954
38762,169.819805
38763,169.819657
38764,169.819509
38765,169.819360
38766,169.819212
38767,169.819063
38768,169.818915
38769,169.818767
38770,169.818619
38771,169.818470
38772,169.818322
38773,169.818174
38774,169.818025
38775,169.817877
38776,169.817729
38777,169.817581
38778,169.817433
38779,169.817284
38780,169.817136
38781,169.816988
38782,169.816840
38783,169.816692
38784,169.816544
38785,169.816395
38786,169.816247
38787,169.816099
38788,169.815951
38789,169.815803
38790,169.815655
38791,169.815507
38792,169.815359
38793,169.815211
38794,169.815063
38795,169.814915
38796,169.814767
38797,169.814619
38798,169.814471
38799,169.814323
38800,169.814175
38801,169.814027
38802,169.813879
38803,169.813732
38804,169.813584
38805,169.813436
38806,169.813288
38807,169.813140
38808,169.812992
38809,169.812845
38810,169.812697
38811,169.812549
38812,169.812401
38813,169.812253
38814,169.812106
38815,169.811958
38816,169.811810
38817,169.811662
38818,169.811515
38819,169.811367
38820,169.811219
38821,169.811072
38822,169.810924
38823,169.810776
38824,169.810629
38825,169.810481
38826,169.810334
38827,169.810186
38828,169.810039
38829,169.809891
38830,169.809743
38831,169.809596
38832,169.809448
38833,169.809301
38834,169.809153
38835,169.809006
38836,169.808858
38837,169.808711
38838,169.808563
38839,169.808416
38840,169.808269
38841,169.808121
38842,169.807974
38843,169.807826
38844,169.807679
38845,169.807532
38846,169.807384
38847,169.807237
38848,169.807090
38849,169.806942
38850,169.806795
38851,169.806648
38852,169.806501
38853,169.806353
38854,169.806206
38855,169.806059
38856,169.805912
38857,169.805764
38858,169.805617
38859,169.805470
38860,169.805323
38861,169.805176
38862,169.805029
38863,169.804881
38864,169.804734
38865,169.804587
38866,169.804440
38867,169.804293
38868,169.804146
38869,169.803999
38870,169.803852
38871,169.803705
38872,169.803558
38873,169.803411
38874,169.803264
38875,169.803117
38876,169.802970
38877,169.802823
38878,169.802676
38879,169.802529
38880,169.802382
38881,169.802235
38882,169.802088
38883,169.801941
38884,169.801795
38885,169.801648
38886,169.801501
38887,169.801354
38888,169.801207
38889,169.801060
38890,169.800914
38891,169.800767
38892,169.800620
38893,169.800473
38894,169.800327
38895,169.800180
38896,169.800033
38897,169.799886
38898,169.799740
38899,169.799593
38900,169.799446
38901,169.799300
38902,169.799153
38903,169.799006
38904,169.798860
38905,169.798713
38906,169.798567
38907,169.798420
38908,169.798273
38909,169.798127
38910,169.797980
38911,169.797834
38912,169.797687
38913,169.797541
38914,169.797394
38915,169.797248
38916,169.797101
38917,169.796955
38918,169.796809
38919,169.796662
38920,169.796516
38921,169.796369
38922,169.796223
38923,169.796076
38924,169.795930
38925,169.795784
38926,169.795637
38927,169.795491
38928,169.795345
38929,169.795198
38930,169.795052
38931,169.794906
38932,169.794760
38933,169.794613
38934,169.794467
38935,169.794321
38936,169.794175
38937,169.794028
38938,169.793882
38939,169.793736
38940,169.793590
38941,169.793444
38942,169.793298
38943,169.793152
38944,169.793005
38945,169.792859
38946,169.792713
38947,169.792567
38948,169.792421
38949,169.792275
38950,169.792129
38951,169.791983
38952,169.791837
38953,169.791691
38954,169.791545
38955,169.791399
38956,169.791253
38957,169.791107
38958,169.790961
38959,169.790815
38960,169.790669
38961,169.790523
38962,169.790377
38963,169.790232
38964,169.790086
38965,169.789940
38966,169.789794
38967,169.789648
38968,169.789502
38969,169.789357
38970,169.789211
38971,169.789065
38972,169.788919
38973,169.788773
38974,169.788628
38975,169.788482
38976,169.788336
38977,169.788190
38978,169.788045
38979,169.787899
38980,169.787753
38981,169.787608
38982,169.787462
38983,169.787317
38984,169.787171
38985,169.787025
38986,169.786880
38987,169.786734
38988,169.786589
38989,169.786443
38990,169.786297
38991,169.786152
38992,169.786006
38993,169.785861
38994,169.785715
38995,169.785570
38996,169.785424
38997,169.785279
38998,169.785134
38999,169.784988
39000,169.784843
39001,169.784697
39002,169.784552
39003,169.784406
39004,169.784261
39005,169.784116
39006,169.783970
39007,169.783825
39008,169.783680
39009,169.783534
39010,169.783389
39011,169.783244
39012,169.783099
39013,169.782953
39014,169.782808
39015,169.782663
39016,169.782518
39017,169.782372
39018,169.782227
39019,169.782082
39020,169.781937
39021,169.781792
39022,169.781647
39023,169.781501
39024,169.781356
39025,169.781211
39026,169.781066
39027,169.780921
39028,169.780776
39029,169.780631
39030,169.780486
39031,169.780341
39032,169.780196
39033,169.780051
39034,169.779906
39035,169.779761
39036,169.779616
39037,169.779471
39038,169.779326
39039,169.779181
39040,169.779036
39041,169.778891
39042,169.778746
39043,169.778601
39044,169.778456
39045,169.778312
39046,169.778167
39047,169.778022
39048,169.777877
39049,169.777732
39050,169.777587
39051,169.777443
39052,169.777298
39053,169.777153
39054,169.777008
39055,169.776864
39056,169.776719
39057,169.776574
39058,169.776429
39059,169.776285
39060,169.776140
39061,169.775995
39062,169.775851
39063,169.775706
39064,169.775561
39065,169.775417
39066,169.775272
39067,169.775128
39068,169.774983
39069,169.774839
39070,169.774694
39071,169.774549
39072,169.774405
39073,169.774260
39074,169.774116
39075,169.773971
39076,169.773827
39077,169.773682
39078,169.773538
39079,169.773394
39080,169.773249
39081,169.773105
39082,169.772960
39083,169.772816
39084,169.772671
39085,169.772527
39086,169.772383
39087,169.772238
39088,169.772094
39089,169.771950
39090,169.771805
39091,169.771661
39092,169.771517
39093,169.771373
39094,169.771228
39095,169.771084
39096,169.770940
39097,169.770796
39098,169.770651
39099,169.770507
39100,169.770363
39101,169.770219
39102,169.770075
39103,169.769931
39104,169.769786
39105,169.769642
39106,169.769498
39107,169.769354
39108,169.769210
39109,169.769066
39110,169.768922
39111,169.768778
39112,169.768634
39113,169.768490
39114,169.768346
39115,169.768202
39116,169.768058
39117,169.767914
39118,169.767770
39119,169.767626
39120,169.767482
39121,169.767338
39122,169.767194
39123,169.767050
39124,169.766906
39125,169.766762
39126,169.766619
39127,169.766475
39128,169.766331
39129,169.766187
39130,169.766043
39131,169.765899
39132,169.765756
39133,169.765612
39134,169.765468
39135,169.765324
39136,169.765181
39137,169.765037
39138,169.764893
39139,169.764749
39140,169.764606
39141,169.764462
39142,169.764318
39143,169.764175
39144,169.764031
39145,169.763887
39146,169.763744
39147,169.763600
39148,169.763457
39149,169.763313
39150,169.763169
39151,169.763026
39152,169.762882
39153,169.762739
39154,169.762595
39155,169.762452
39156,169.762308
39157,169.762165
39158,169.762021
39159,169.761878
39160,169.761734
39161,169.761591
39162,169.761448
39163,169.761304
39164,169.761161
39165,169.761017
39166,169.760874
39167,169.760731
39168,169.760587
39169,169.760444
39170,169.760301
39171,169.760157
39172,169.760014
39173,169.759871
39174,169.759727
39175,169.759584
39176,169.759441
39177,169.759298
39178,169.759154
39179,169.759011
39180,169.758868
39181,169.758725
39182,169.758582
39183,169.758438
39184,169.758295
39185,169.758152
39186,169.758009
39187,169.757866
39188,169.757723
39189,169.757580
39190,169.757437
39191,169.757294
39192,169.757150
39193,169.757007
39194,169.756864
39195,169.756721
39196,169.756578
39197,169.756435
39198,169.756292
39199,169.756149
39200,169.756006
39201,169.755863
39202,169.755721
39203,169.755578
39204,169.755435
39205,169.755292
39206,169.755149
39207,169.755006
39208,169.754863
39209,169.754720
39210,169.754577
39211,169.754435
39212,169.754292
39213,169.754149
39214,169.754006
39215,169.753863
39216,169.753721
39217,169.753578
39218,169.753435
39219,169.753292
39220,169.753150
39221,169.753007
39222,169.752864
39223,169.752722
39224,169.752579
39225,169.752436
39226,169.752294
39227,169.752151
39228,169.752008
39229,169.751866
39230,169.751723
39231,169.751581
39232,169.751438
39233,169.751296
39234,169.751153
39235,169.751010
39236,169.750868
39237,169.750725
39238,169.750583
39239,169.750440
39240,169.750298
39241,169.750156
39242,169.750013
39243,169.749871
39244,169.749728
39245,169.749586
39246,169.749443
39247,169.749301
39248,169.749159
39249,169.749016
39250,169.748874
39251,169.748732
39252,169.748589
39253,169.748447
39254,169.748305
39255,169.748162
39256,169.748020
39257,169.747878
39258,169.747736
39259,169.747593
39260,169.747451
39261,169.747309
39262,169.747167
39263,169.747024
39264,169.746882
39265,169.746740
39266,169.746598
39267,169.746456
39268,169.746314
39269,169.746172
39270,169.746029
39271,169.745887
39272,169.745745
39273,169.745603
39274,169.745461
39275,169.745319
39276,169.745177
39277,169.745035
39278,169.744893
39279,169.744751
39280,169.744609
39281,169.744467
39282,169.744325
39283,169.744183
39284,169.744041
39285,169.743899
39286,169.743757
39287,169.743615
39288,169.743474
39289,169.743332
39290,169.743190
39291,169.743048
39292,169.742906
39293,169.742764
39294,169.742622
39295,169.742481
39296,169.742339
39297,169.742197
39298,169.742055
39299,169.741914
39300,169.741772
39301,169.741630
39302,169.741488
39303,169.741347
39304,169.741205
39305,169.741063
39306,169.740922
39307,169.740780
39308,169.740638
39309,169.740497
39310,169.740355
39311,169.740213
39312,169.740072
39313,169.739930
39314,169.739789
39315,169.739647
39316,169.739505
39317,169.739364
39318,169.739222
39319,169.739081
39320,169.738939
39321,169.738798
39322,169.738656
39323,169.738515
39324,169.738373
39325,169.738232
39326,169.738091
39327,169.737949
39328,169.737808
39329,169.737666
39330,169.737525
39331,169.737384
39332,169.737242
39333,169.737101
39334,169.736960
39335,169.736818
39336,169.736677
39337,169.736536
39338,169.736394
39339,169.736253
39340,169.736112
39341,169.735971
39342,169.735829
39343,169.735688
39344,169.735547
39345,169.735406
39346,169.735265
39347,169.735123
39348,169.734982
39349,169.734841
39350,169.734700
39351,169.734559
39352,169.734418
39353,169.734277
39354,169.734135
39355,169.733994
39356,169.733853
39357,169.733712
39358,169.733571
39359,169.733430
39360,169.733289
39361,169.733148
39362,169.733007
39363,169.732866
39364,169.732725
39365,169.732584
39366,169.732443
39367,169.732302
39368,169.732161
39369,169.732020
39370,169.731880
39371,169.731739
39372,169.731598
39373,169.731457
39374,169.731316
39375,169.731175
39376,169.731034
39377,169.730894
39378,169.730753
39379,169.730612
39380,169.730471
39381,169.730330
39382,169.730190
39383,169.730049
39384,169.729908
39385,169.729767
39386,169.729627
39387,169.729486
39388,169.729345
39389,169.729205
39390,169.729064
39391,169.728923
39392,169.728783
39393,169.728642
39394,169.728501
39395,169.728361
39396,169.728220
39397,169.728080
39398,169.727939
39399,169.727799
39400,169.727658
39401,169.727518
39402,169.727377
39403,169.727236
39404,169.727096
39405,169.726956
39406,169.726815
39407,169.726675
39408,169.726534
39409,169.726394
39410,169.726253
39411,169.726113
39412,169.725972
39413,169.725832
39414,169.725692
39415,169.725551
39416,169.725411
39417,169.725271
39418,169.725130
39419,169.724990
39420,169.724850
39421,169.724709
39422,169.724569
39423,169.724429
39424,169.724289
39425,169.724148
39426,169.724008
39427,169.723868
39428,169.723728
39429,169.723588
39430,169.723447
39431,169.723307
39432,169.723167
39433,169.723027
39434,169.722887
39435,169.722747
39436,169.722606
39437,169.722466
39438,169.722326
39439,169.722186
39440,169.722046
39441,169.721906
39442,169.721766
39443,169.721626
39444,169.721486
39445,169.721346
39446,169.721206
39447,169.721066
39448,169.720926
39449,169.720786
39450,169.720646
39451,169.720506
39452,169.720366
39453,169.720226
39454,169.720087
39455,169.719947
39456,169.719807
39457,169.719667
39458,169.719527
39459,169.719387
39460,169.719247
39461,169.719108
39462,169.718968
39463,169.718828
39464,169.718688
39465,169.718548
39466,169.718409
39467,169.718269
39468,169.718129
39469,169.717990
39470,169.717850
39471,169.717710
39472,169.717570
39473,169.717431
39474,169.717291
39475,169.717151
39476,169.717012
39477,169.716872
39478,169.716733
39479,169.716593
39480,169.716453
39481,169.716314
39482,169.716174
39483,169.716035
39484,169.715895
39485,169.715756
39486,169.715616
39487,169.715477
39488,169.715337
39489,169.715198
39490,169.715058
39491,169.714919
39492,169.714779
39493,169.714640
39494,169.714500
39495,169.714361
39496,169.714222
39497,169.714082
39498,169.713943
39499,169.713804
39500,169.713664
39501,169.713525
39502,169.713385
39503,169.713246
39504,169.713107
39505,169.712968
39506,169.712828
39507,169.712689
39508,169.712550
39509,169.712411
39510,169.712271
39511,169.712132
39512,169.711993
39513,169.711854
39514,169.711715
39515,169.711575
39516,169.711436
39517,169.711297
39518,169.711158
39519,169.711019
39520,169.710880
39521,169.710741
39522,169.710601
39523,169.710462
39524,169.710323
39525,169.710184
39526,169.710045
39527,169.709906
39528,169.709767
39529,169.709628
39530,169.709489
39531,169.709350
39532,169.709211
39533,169.709072
39534,169.708933
39535,169.708794
39536,169.708656
39537,169.708517
39538,169.708378
39539,169.708239
39540,169.708100
39541,169.707961
39542,169.707822
39543,169.707683
39544,169.707545
39545,169.707406
39546,169.707267
39547,169.707128
39548,169.706989
39549,169.706851
39550,169.706712
39551,169.706573
39552,169.706434
39553,169.706296
39554,169.706157
39555,169.706018
39556,169.705880
39557,169.705741
39558,169.705602
39559,169.705464
39560,169.705325
39561,169.705186
39562,169.705048
39563,169.704909
39564,169.704771
39565,169.704632
39566,169.704493
39567,169.704355
39568,169.704216
39569,169.704078
39570,169.703939
39571,169.703801
39572,169.703662
39573,169.703524
39574,169.703385
39575,169.703247
39576,169.703108
39577,169.702970
39578,169.702831
39579,169.702693
39580,169.702555
39581,169.702416
39582,169.702278
39583,169.702140
39584,169.702001
39585,169.701863
39586,169.701725
39587,169.701586
39588,169.701448
39589,169.701310
39590,169.701171
39591,169.701033
39592,169.700895
39593,169.700757
39594,169.700618
39595,169.700480
39596,169.700342
39597,169.700204
39598,169.700065
39599,169.699927
39600,169.699789
39601,169.699651
39602,169.699513
39603,169.699375
39604,169.699237
39605,169.699098
39606,169.698960
39607,169.698822
39608,169.698684
39609,169.698546
39610,169.698408
39611,169.698270
39612,169.698132
39613,169.697994
39614,169.697856
39615,169.697718
39616,169.697580
39617,169.697442
39618,169.697304
39619,169.697166
39620,169.697028
39621,169.696890
39622,169.696752
39623,169.696615
39624,169.696477
39625,169.696339
39626,169.696201
39627,169.696063
39628,169.695925
39629,169.695787
39630,169.695650
39631,169.695512
39632,169.695374
39633,169.695236
39634,169.695098
39635,169.694961
39636,169.694823
39637,169.694685
39638,169.694548
39639,169.694410
39640,169.694272
39641,169.694134
39642,169.693997
39643,169.693859
39644,169.693721
39645,169.693584
39646,169.693446
39647,169.693309
39648,169.693171
39649,169.693033
39650,169.692896
39651,169.692758
39652,169.692621
39653,169.692483
39654,169.692346
39655,169.692208
39656,169.692071
39657,169.691933
39658,169.691796
39659,169.691658
39660,169.691521
39661,169.691383
39662,169.691246
39663,169.691108
39664,169.690971
39665,169.690834
39666,169.690696
39667,169.690559
39668,169.690421
39669,169.690284
39670,169.690147
39671,169.690009
39672,169.689872
39673,169.689735
39674,169.689597
39675,169.689460
39676,169.689323
39677,169.689186
39678,169.689048
39679,169.688911
39680,169.688774
39681,169.688637
39682,169.688500
39683,169.688362
39684,169.688225
39685,169.688088
39686,169.687951
39687,169.687814
39688,169.687677
39689,169.687539
39690,169.687402
39691,169.687265
39692,169.687128
39693,169.686991
39694,169.686854
39695,169.686717
39696,169.686580
39697,169.686443
39698,169.686306
39699,169.686169
39700,169.686032
39701,169.685895
39702,169.685758
39703,169.685621
39704,169.685484
39705,169.685347
39706,169.685210
39707,169.685073
39708,169.684936
39709,169.684799
39710,169.684663
39711,169.684526
39712,169.684389
39713,169.684252
39714,169.684115
39715,169.683978
39716,169.683842
39717,169.683705
39718,169.683568
39719,169.683431
39720,169.683294
39721,169.683158
39722,169.683021
39723,169.682884
39724,169.682748
39725,169.682611
39726,169.682474
39727,169.682337
39728,169.682201
39729,169.682064
39730,169.681928
39731,169.681791
39732,169.681654
39733,169.681518
39734,169.681381
39735,169.681244
39736,169.681108
39737,169.680971
39738,169.680835
39739,169.680698
39740,169.680562
39741,169.680425
39742,169.680289
39743,169.680152
39744,169.680016
39745,169.679879
39746,169.679743
39747,169.679606
39748,169.679470
39749,169.679334
39750,169.679197
39751,169.679061
39752,169.678924
39753,169.678788
39754,169.678652
39755,169.678515
39756,169.678379
39757,169.678243
39758,169.678106
39759,169.677970
39760,169.677834
39761,169.677697
39762,169.677561
39763,169.677425
39764,169.677289
39765,169.677152
39766,169.677016
39767,169.676880
39768,169.676744
39769,169.676608
39770,169.676471
39771,169.676335
39772,169.676199
39773,169.676063
39774,169.675927
39775,169.675791
39776,169.675655
39777,169.675518
39778,169.675382
39779,169.675246
39780,169.675110
39781,169.674974
39782,169.674838
39783,169.674702
39784,169.674566
39785,169.674430
39786,169.674294
39787,169.674158
39788,169.674022
39789,169.673886
39790,169.673750
39791,169.673614
39792,169.673478
39793,169.673342
39794,169.673207
39795,169.673071
39796,169.672935
39797,169.672799
39798,169.672663
39799,169.672527
39800,169.672391
39801,169.672256
39802,169.672120
39803,169.671984
39804,169.671848
39805,169.671712
39806,169.671577
39807,169.671441
39808,169.671305
39809,169.671169
39810,169.671034
39811,169.670898
39812,169.670762
39813,169.670627
39814,169.670491
39815,169.670355
39816,169.670220
39817,169.670084
39818,169.669948
39819,169.669813
39820,169.669677
39821,169.669542
39822,169.669406
39823,169.669271
39824,169.669135
39825,169.668999
39826,169.668864
39827,169.668728
39828,169.668593
39829,169.668457
39830,169.668322
39831,169.668186
39832,169.668051
39833,169.667916
39834,169.667780
39835,169.667645
39836,169.667509
39837,169.667374
39838,169.667238
39839,169.667103
39840,169.666968
39841,169.666832
39842,169.666697
39843,169.666562
39844,169.666426
39845,169.666291
39846,169.666156
39847,169.666020
39848,169.665885
39849,169.665750
39850,169.665615
39851,169.665479
39852,169.665344
39853,169.665209
39854,169.665074
39855,169.664939
39856,169.664803
39857,169.664668
39858,169.664533
39859,169.664398
39860,169.664263
39861,169.664128
39862,169.663993
39863,169.663857
39864,169.663722
39865,169.663587
39866,169.663452
39867,169.663317
39868,169.663182
39869,169.663047
39870,169.662912
39871,169.662777
39872,169.662642
39873,169.662507
39874,169.662372
39875,169.662237
39876,169.662102
39877,169.661967
39878,169.661832
39879,169.661697
39880,169.661562
39881,169.661428
39882,169.661293
39883,169.661158
39884,169.661023
39885,169.660888
39886,169.660753
39887,169.660618
39888,169.660484
39889,169.660349
39890,169.660214
39891,169.660079
39892,169.659945
39893,169.659810
39894,169.659675
39895,169.659540
39896,169.659406
39897,169.659271
39898,169.659136
39899,169.659001
39900,169.658867
39901,169.658732
39902,169.658597
39903,169.658463
39904,169.658328
39905,169.658194
39906,169.658059
39907,169.657924
39908,169.657790
39909,169.657655
39910,169.657521
39911,169.657386
39912,169.657252
39913,169.657117
39914,169.656983
39915,169.656848
39916,169.656714
39917,169.656579
39918,169.656445
39919,169.656310
39920,169.656176
39921,169.656041
39922,169.655907
39923,169.655772
39924,169.655638
39925,169.655504
39926,169.655369
39927,169.655235
39928,169.655100
39929,169.654966
39930,169.654832
39931,169.654697
39932,169.654563
39933,169.654429
39934,169.654295
39935,169.654160
39936,169.654026
39937,169.653892
39938,169.653758
39939,169.653623
39940,169.653489
39941,169.653355
39942,169.653221
39943,169.653087
39944,169.652952
39945,169.652818
39946,169.652684
39947,169.652550
39948,169.652416
39949,169.652282
39950,169.652148
39951,169.652013
39952,169.651879
39953,169.651745
39954,169.651611
39955,169.651477
39956,169.651343
39957,169.651209
39958,169.651075
39959,169.650941
39960,169.650807
39961,169.650673
39962,169.650539
39963,169.650405
39964,169.650271
39965,169.650137
39966,169.650003
39967,169.649870
39968,169.649736
39969,169.649602
39970,169.649468
39971,169.649334
39972,169.649200
39973,169.649066
39974,169.648932
39975,169.648799
39976,169.648665
39977,169.648531
39978,169.648397
39979,169.648264
39980,169.648130
39981,169.647996
39982,169.647862
39983,169.647729
39984,169.647595
39985,169.647461
39986,169.647327
39987,169.647194
39988,169.647060
39989,169.646926
39990,169.646793
39991,169.646659
39992,169.646525
39993,169.646392
39994,169.646258
39995,169.646125
39996,169.645991
39997,169.645858
39998,169.645724
39999,169.645590
40000,169.645457
40001,169.645323
40002,169.645190
40003,169.645056
40004,169.644923
40005,169.644789
40006,169.644656
40007,169.644522
40008,169.644389
40009,169.644256
40010,169.644122
40011,169.643989
40012,169.643855
40013,169.643722
40014,169.643589
40015,169.643455
40016,169.643322
40017,169.643189
40018,169.643055
40019,169.642922
40020,169.642789
40021,169.642655
40022,169.642522
40023,169.642389
40024,169.642256
40025,169.642122
40026,169.641989
40027,169.641856
40028,169.641723
40029,169.641589
40030,169.641456
40031,169.641323
40032,169.641190
40033,169.641057
40034,169.640924
40035,169.640790
40036,169.640657
40037,169.640524
40038,169.640391
40039,169.640258
40040,169.640125
40041,169.639992
40042,169.639859
40043,169.639726
40044,169.639593
40045,169.639460
40046,169.639327
40047,169.639194
40048,169.639061
40049,169.638928
40050,169.638795
40051,169.638662
40052,169.638529
40053,169.638396
40054,169.638263
40055,169.638130
40056,169.637997
40057,169.637864
40058,169.637731
40059,169.637599
40060,169.637466
40061,169.637333
40062,169.637200
40063,169.637067
40064,169.636934
40065,169.636802
40066,169.636669
40067,169.636536
40068,169.636403
40069,169.636271
40070,169.636138
40071,169.636005
40072,169.635872
40073,169.635740
40074,169.635607
40075,169.635474
40076,169.635342
40077,169.635209
40078,169.635076
40079,169.634944
40080,169.634811
40081,169.634678
40082,169.634546
40083,169.634413
40084,169.634281
40085,169.634148
40086,169.634015
40087,169.633883
40088,169.633750
40089,169.633618
40090,169.633485
40091,169.633353
40092,169.633220
40093,169.633088
40094,169.632955
40095,169.632823
40096,169.632691
40097,169.632558
40098,169.632426
40099,169.632293
40100,169.632161
40101,169.632028
40102,169.631896
40103,169.631764
40104,169.631631
40105,169.631499
40106,169.631367
40107,169.631234
40108,169.631102
40109,169.630970
40110,169.630837
40111,169.630705
40112,169.630573
40113,169.630441
40114,169.630308
40115,169.630176
40116,169.630044
40117,169.629912
40118,169.629780
40119,169.629647
40120,169.629515
40121,169.629383
40122,169.629251
40123,169.629119
40124,169.628987
40125,169.628854
40126,169.628722
40127,169.628590
40128,169.628458
40129,169.628326
40130,169.628194
40131,169.628062
40132,169.627930
40133,169.627798
40134,169.627666
40135,169.627534
40136,169.627402
40137,169.627270
40138,169.627138
40139,169.627006
40140,169.626874
40141,169.626742
40142,169.626610
40143,169.626478
40144,169.626346
40145,169.626214
40146,169.626083
40147,169.625951
40148,169.625819
40149,169.625687
40150,169.625555
40151,169.625423
40152,169.625292
40153,169.625160
40154,169.625028
40155,169.624896
40156,169.624764
40157,169.624633
40158,169.624501
40159,169.624369
40160,169.624237
40161,169.624106
40162,169.623974
40163,169.623842
40164,169.623711
40165,169.623579
40166,169.623447
40167,169.623316
40168,169.623184
40169,169.623052
40170,169.622921
40171,169.622789
40172,169.622658
40173,169.622526
40174,169.622394
40175,169.622263
40176,169.622131
40177,169.622000
40178,169.621868
40179,169.621737
40180,169.621605
40181,169.621474
40182,169.621342
40183,169.621211
40184,169.621079
40185,169.620948
40186,169.620816
40187,169.620685
40188,169.620554
40189,169.620422
40190,169.620291
40191,169.620159
40192,169.620028
40193,169.619897
40194,169.619765
40195,169.619634
40196,169.619503
40197,169.619371
40198,169.619240
40199,169.619109
40200,169.618978
40201,169.618846
40202,169.618715
40203,169.618584
40204,169.618453
40205,169.618321
40206,169.618190
40207,169.618059
40208,169.617928
40209,169.617797
40210,169.617665
40211,169.617534
40212,169.617403
40213,169.617272
40214,169.617141
40215,169.617010
40216,169.616879
40217,169.616748
40218,169.616617
40219,169.616485
40220,169.616354
40221,169.616223
40222,169.616092
40223,169.615961
40224,169.615830
40225,169.615699
40226,169.615568
40227,169.615437
40228,169.615306
40229,169.615175
40230,169.615044
40231,169.614914
40232,169.614783
40233,169.614652
40234,169.614521
40235,169.614390
40236,169.614259
40237,169.614128
40238,169.613997
40239,169.613866
40240,169.613736
40241,169.613605
40242,169.613474
40243,169.613343
40244,169.613212
40245,169.613082
40246,169.612951
40247,169.612820
40248,169.612689
40249,169.612559
40250,169.612428
40251,169.612297
40252,169.612167
40253,169.612036
40254,169.611905
40255,169.611775
40256,169.611644
40257,169.611513
40258,169.611383
40259,169.611252
40260,169.611121
40261,169.610991
40262,169.610860
40263,169.610730
40264,169.610599
40265,169.610469
40266,169.610338
40267,169.610207
40268,169.610077
40269,169.609946
40270,169.609816
40271,169.609685
40272,169.609555
40273,169.609424
40274,169.609294
40275,169.609164
40276,169.609033
40277,169.608903
40278,169.608772
40279,169.608642
40280,169.608512
40281,169.608381
40282,169.608251
40283,169.608120
40284,169.607990
40285,169.607860
40286,169.607729
40287,169.607599
40288,169.607469
40289,169.607339
40290,169.607208
40291,169.607078
40292,169.606948
40293,169.606818
40294,169.606687
40295,169.606557
40296,169.606427
40297,169.606297
40298,169.606167
40299,169.606036
40300,169.605906
40301,169.605776
40302,169.605646
40303,169.605516
40304,169.605386
40305,169.605256
40306,169.605125
40307,169.604995
40308,169.604865
40309,169.604735
40310,169.604605
40311,169.604475
40312,169.604345
40313,169.604215
40314,169.604085
40315,169.603955
40316,169.603825
40317,169.603695
40318,169.603565
40319,169.603435
40320,169.603305
40321,169.603175
40322,169.603045
40323,169.602915
40324,169.602786
40325,169.602656
40326,169.602526
40327,169.602396
40328,169.602266
40329,169.602136
40330,169.602006
40331,169.601877
40332,169.601747
40333,169.601617
40334,169.601487
40335,169.601357
40336,169.601228
40337,169.601098
40338,169.600968
40339,169.600838
40340,169.600709
40341,169.600579
40342,169.600449
40343,169.600320
40344,169.600190
40345,169.600060
40346,169.599931
40347,169.599801
40348,169.599671
40349,169.599542
40350,169.599412
40351,169.599283
40352,169.599153
40353,169.599023
40354,169.598894
40355,169.598764
40356,169.598635
40357,169.598505
40358,169.598376
40359,169.598246
40360,169.598117
40361,169.597987
40362,169.597858
40363,169.597728
40364,169.597599
40365,169.597469
40366,169.597340
40367,169.597210
40368,169.597081
40369,169.596952
40370,169.596822
40371,169.596693
40372,169.596563
40373,169.596434
40374,169.596305
40375,169.596175
40376,169.596046
40377,169.595917
40378,169.595788
40379,169.595658
40380,169.595529
40381,169.595400
40382,169.595270
40383,169.595141
40384,169.595012
40385,169.594883
40386,169.594753
40387,169.594624
40388,169.594495
40389,169.594366
40390,169.594237
40391,169.594108
40392,169.593978
40393,169.593849
40394,169.593720
40395,169.593591
40396,169.593462
40397,169.593333
40398,169.593204
40399,169.593075
40400,169.592946
40401,169.592817
40402,169.592688
40403,169.592559
40404,169.592430
40405,169.592301
40406,169.592172
40407,169.592043
40408,169.591914
40409,169.591785
40410,169.591656
40411,169.591527
40412,169.591398
40413,169.591269
40414,169.591140
40415,169.591011
40416,169.590882
40417,169.590753
40418,169.590624
40419,169.590496
40420,169.590367
40421,169.590238
40422,169.590109
40423,169.589980
40424,169.589852
40425,169.589723
40426,169.589594
40427,169.589465
40428,169.589336
40429,169.589208
40430,169.589079
40431,169.588950
40432,169.588822
40433,169.588693
40434,169.588564
40435,169.588435
40436,169.588307
40437,169.588178
40438,169.588050
40439,169.587921
40440,169.587792
40441,169.587664
40442,169.587535
40443,169.587406
40444,169.587278
40445,169.587149
40446,169.587021
40447,169.586892
40448,169.586764
40449,169.586635
40450,169.586507
40451,169.586378
40452,169.586250
40453,169.586121
40454,169.585993
40455,169.585864
40456,169.585736
40457,169.585607
40458,169.585479
40459,169.585351
40460,169.585222
40461,169.585094
40462,169.584965
40463,169.584837
40464,169.584709
40465,169.584580
40466,169.584452
40467,169.584324
40468,169.584195
40469,169.584067
40470,169.583939
40471,169.583810
40472,169.583682
40473,169.583554
40474,169.583426
40475,169.583297
40476,169.583169
40477,169.583041
40478,169.582913
40479,169.582785
40480,169.582656
40481,169.582528
40482,169.582400
40483,169.582272
40484,169.582144
40485,169.582016
40486,169.581888
40487,169.581759
40488,169.581631
40489,169.581503
40490,169.581375
40491,169.581247
40492,169.581119
40493,169.580991
40494,169.580863
40495,169.580735
40496,169.580607
40497,169.580479
40498,169.580351
40499,169.580223
40500,169.580095
40501,169.579967
40502,169.579839
40503,169.579711
40504,169.579583
40505,169.579455
40506,169.579328
40507,169.579200
40508,169.579072
40509,169.578944
40510,169.578816
40511,169.578688
40512,169.578560
40513,169.578433
40514,169.578305
40515,169.578177
40516,169.578049
40517,169.577921
40518,169.577794
40519,169.577666
40520,169.577538
40521,169.577410
40522,169.577283
40523,169.577155
40524,169.577027
40525,169.576899
40526,169.576772
40527,169.576644
40528,169.576516
40529,169.576389
40530,169.576261
40531,169.576134
40532,169.576006
40533,169.575878
40534,169.575751
40535,169.575623
40536,169.575496
40537,169.575368
40538,169.575240
40539,169.575113
40540,169.574985
40541,169.574858
40542,169.574730
40543,169.574603
40544,169.574475
40545,169.574348
40546,169.574220
40547,169.574093
40548,169.573966
40549,169.573838
40550,169.573711
40551,169.573583
40552,169.573456
40553,169.573328
40554,169.573201
40555,169.573074
40556,169.572946
40557,169.572819
40558,169.572692
40559,169.572564
40560,169.572437
40561,169.572310
40562,169.572182
40563,169.572055
40564,169.571928
40565,169.571801
40566,169.571673
40567,169.571546
40568,169.571419
40569,169.571292
40570,169.571165
40571,169.571037
40572,169.570910
40573,169.570783
40574,169.570656
40575,169.570529
40576,169.570402
40577,169.570274
40578,169.570147
40579,169.570020
40580,169.569893
40581,169.569766
40582,169.569639
40583,169.569512
40584,169.569385
40585,169.569258
40586,169.569131
40587,169.569004
40588,169.568877
40589,169.568750
40590,169.568623
40591,169.568496
40592,169.568369
40593,169.568242
40594,169.568115
40595,169.567988
40596,169.567861
40597,169.567734
40598,169.567607
40599,169.567480
40600,169.567353
40601,169.567227
40602,169.567100
40603,169.566973
40604,169.566846
40605,169.566719
40606,169.566592
40607,169.566466
40608,169.566339
40609,169.566212
40610,169.566085
40611,169.565958
40612,169.565832
40613,169.565705
40614,169.565578
40615,169.565452
40616,169.565325
40617,169.565198
40618,169.565071
40619,169.564945
40620,169.564818
40621,169.564691
40622,169.564565
40623,169.564438
40624,169.564312
40625,169.564185
40626,169.564058
40627,169.563932
40628,169.563805
40629,169.563679
40630,169.563552
40631,169.563426
40632,169.563299
40633,169.563172
40634,169.563046
40635,169.562919
40636,169.562793
40637,169.562666
40638,169.562540
40639,169.562414
40640,169.562287
40641,169.562161
40642,169.562034
40643,169.561908
40644,169.561781
40645,169.561655
40646,169.561529
40647,169.561402
40648,169.561276
40649,169.561150
40650,169.561023
40651,169.560897
40652,169.560771
40653,169.560644
40654,169.560518
40655,169.560392
40656,169.560265
40657,169.560139
40658,169.560013
40659,169.559887
40660,169.559760
40661,169.559634
40662,169.559508
40663,169.559382
40664,169.559256
40665,169.559129
40666,169.559003
40667,169.558877
40668,169.558751
40669,169.558625
40670,169.558499
40671,169.558373
40672,169.558246
40673,169.558120
40674,169.557994
40675,169.557868
40676,169.557742
40677,169.557616
40678,169.557490
40679,169.557364
40680,169.557238
40681,169.557112
40682,169.556986
40683,169.556860
40684,169.556734
40685,169.556608
40686,169.556482
40687,169.556356
40688,169.556230
40689,169.556104
40690,169.555978
40691,169.555853
40692,169.555727
40693,169.555601
40694,169.555475
40695,169.555349
40696,169.555223
40697,169.555097
40698,169.554971
40699,169.554846
40700,169.554720
40701,169.554594
40702,169.554468
40703,169.554343
40704,169.554217
40705,169.554091
40706,169.553965
40707,169.553840
40708,169.553714
40709,169.553588
40710,169.553462
40711,169.553337
40712,169.553211
40713,169.553085
40714,169.552960
40715,169.552834
40716,169.552708
40717,169.552583
40718,169.552457
40719,169.552332
40720,169.552206
40721,169.552080
40722,169.551955
40723,169.551829
40724,169.551704
40725,169.551578
40726,169.551453
40727,169.551327
40728,169.551202
40729,169.551076
40730,169.550951
40731,169.550825
40732,169.550700
40733,169.550574
40734,169.550449
40735,169.550323
40736,169.550198
40737,169.550073
40738,169.549947
40739,169.549822
40740,169.549696
40741,169.549571
40742,169.549446
40743,169.549320
40744,169.549195
40745,169.549070
40746,169.548944
40747,169.548819
40748,169.548694
40749,169.548569
40750,169.548443
40751,169.548318
40752,169.548193
40753,169.548068
40754,169.547942
40755,169.547817
40756,169.547692
40757,169.547567
40758,169.547442
40759,169.547316
40760,169.547191
40761,169.547066
40762,169.546941
40763,169.546816
40764,169.546691
40765,169.546566
40766,169.546440
40767,169.546315
40768,169.546190
40769,169.546065
40770,169.545940
40771,169.545815
40772,169.545690
40773,169.545565
40774,169.545440
40775,169.545315
40776,169.545190
40777,169.545065
40778,169.544940
40779,169.544815
40780,169.544690
40781,169.544565
40782,169.544440
40783,169.544315
40784,169.544190
40785,169.544066
40786,169.543941
40787,169.543816
40788,169.543691
40789,169.543566
40790,169.543441
40791,169.543316
40792,169.543192
40793,169.543067
40794,169.542942
40795,169.542817
40796,169.542692
40797,169.542568
40798,169.542443
40799,169.542318
40800,169.542193
40801,169.542069
40802,169.541944
40803,169.541819
40804,169.541695
40805,169.541570
40806,169.541445
40807,169.541321
40808,169.541196
40809,169.541071
40810,169.540947
40811,169.540822
40812,169.540697
40813,169.540573
40814,169.540448
40815,169.540324
40816,169.540199
40817,169.540075
40818,169.539950
40819,169.539825
40820,169.539701
40821,169.539576
40822,169.539452
40823,169.539327
40824,169.539203
40825,169.539078
40826,169.538954
40827,169.538830
40828,169.538705
40829,169.538581
40830,169.538456
40831,169.538332
40832,169.538207
40833,169.538083
40834,169.537959
40835,169.537834
40836,169.537710
40837,169.537586
40838,169.537461
40839,169.537337
40840,169.537213
40841,169.537088
40842,169.536964
40843,169.536840
40844,169.536715
40845,169.536591
40846,169.536467
40847,169.536343
40848,169.536218
40849,169.536094
40850,169.535970
40851,169.535846
40852,169.535722
40853,169.535598
40854,169.535473
40855,169.535349
40856,169.535225
40857,169.535101
40858,169.534977
40859,169.534853
40860,169.534729
40861,169.534604
40862,169.534480
40863,169.534356
40864,169.534232
40865,169.534108
40866,169.533984
40867,169.533860
40868,169.533736
40869,169.533612
40870,169.533488
40871,169.533364
40872,169.533240
40873,169.533116
40874,169.532992
40875,169.532868
40876,169.532744
40877,169.532620
40878,169.532497
40879,169.532373
40880,169.532249
40881,169.532125
40882,169.532001
40883,169.531877
40884,169.531753
40885,169.531629
40886,169.531506
40887,169.531382
40888,169.531258
40889,169.531134
40890,169.531010
40891,169.530887
40892,169.530763
40893,169.530639
40894,169.530515
40895,169.530392
40896,169.530268
40897,169.530144
40898,169.530021
40899,169.529897
40900,169.529773
40901,169.529649
40902,169.529526
40903,169.529402
40904,169.529279
40905,169.529155
40906,169.529031
40907,169.528908
40908,169.528784
40909,169.528660
40910,169.528537
40911,169.528413
40912,169.528290
40913,169.528166
40914,169.528043
40915,169.527919
40916,169.527796
40917,169.527672
40918,169.527549
40919,169.527425
40920,169.527302
40921,169.527178
40922,169.527055
40923,169.526931
40924,169.526808
40925,169.526685
40926,169.526561
40927,169.526438
40928,169.526314
40929,169.526191
40930,169.526068
40931,169.525944
40932,169.525821
40933,169.525698
40934,169.525574
40935,169.525451
40936,169.525328
40937,169.525204
40938,169.525081
40939,169.524958
40940,169.524835
40941,169.524711
40942,169.524588
40943,169.524465
40944,169.524342
40945,169.524218
40946,169.524095
40947,169.523972
40948,169.523849
40949,169.523726
40950,169.523603
40951,169.523479
40952,169.523356
40953,169.523233
40954,169.523110
40955,169.522987
40956,169.522864
40957,169.522741
40958,169.522618
40959,169.522495
40960,169.522372
40961,169.522249
40962,169.522125
40963,169.522002
40964,169.521879
40965,169.521756
40966,169.521633
40967,169.521511
40968,169.521388
40969,169.521265
40970,169.521142
40971,169.521019
40972,169.520896
40973,169.520773
40974,169.520650
40975,169.520527
40976,169.520404
40977,169.520281
40978,169.520158
40979,169.520036
40980,169.519913
40981,169.519790
40982,169.519667
40983,169.519544
40984,169.519422
40985,169.519299
40986,169.519176
40987,169.519053
40988,169.518930
40989,169.518808
40990,169.518685
40991,169.518562
40992,169.518439
40993,169.518317
40994,169.518194
40995,169.518071
40996,169.517949
40997,169.517826
40998,169.517703
40999,169.517581
41000,169.517458
41001,169.517336
41002,169.517213
41003,169.517090
41004,169.516968
41005,169.516845
41006,169.516723
41007,169.516600
41008,169.516477
41009,169.516355
41010,169.516232
41011,169.516110
41012,169.515987
41013,169.515865
41014,169.515742
41015,169.515620
41016,169.515497
41017,169.515375
41018,169.515253
41019,169.515130
41020,169.515008
41021,169.514885
41022,169.514763
41023,169.514640
41024,169.514518
41025,169.514396
41026,169.514273
41027,169.514151
41028,169.514029
41029,169.513906
41030,169.513784
41031,169.513662
41032,169.513539
41033,169.513417
41034,169.513295
41035,169.513173
41036,169.513050
41037,169.512928
41038,169.512806
41039,169.512684
41040,169.512561
41041,169.512439
41042,169.512317
41043,169.512195
41044,169.512073
41045,169.511950
41046,169.511828
41047,169.511706
41048,169.511584
41049,169.511462
41050,169.511340
41051,169.511218
41052,169.511096
41053,169.510974
41054,169.510851
41055,169.510729
41056,169.510607
41057,169.510485
41058,169.510363
41059,169.510241
41060,169.510119
41061,169.509997
41062,169.509875
41063,169.509753
41064,169.509631
41065,169.509509
41066,169.509387
41067,169.509266
41068,169.509144
41069,169.509022
41070,169.508900
41071,169.508778
41072,169.508656
41073,169.508534
41074,169.508412
41075,169.508290
41076,169.508169
41077,169.508047
41078,169.507925
41079,169.507803
41080,169.507681
41081,169.507560
41082,169.507438
41083,169.507316
41084,169.507194
41085,169.507072
41086,169.506951
41087,169.506829
41088,169.506707
41089,169.506586
41090,169.506464
41091,169.506342
41092,169.506221
41093,169.506099
41094,169.505977
41095,169.505856
41096,169.505734
41097,169.505612
41098,169.505491
41099,169.505369
41100,169.505248
41101,169.505126
41102,169.505004
41103,169.504883
41104,169.504761
41105,169.504640
41106,169.504518
41107,169.504397
41108,169.504275
41109,169.504154
41110,169.504032
41111,169.503911
41112,169.503789
41113,169.503668
41114,169.503546
41115,169.503425
41116,169.503303
41117,169.503182
41118,169.503061
41119,169.502939
41120,169.502818
41121,169.502696
41122,169.502575
41123,169.502454
41124,169.502332
41125,169.502211
41126,169.502090
41127,169.501968
41128,169.501847
41129,169.501726
41130,169.501605
41131,169.501483
41132,169.501362
41133,169.501241
41134,169.501119
41135,169.500998
41136,169.500877
41137,169.500756
41138,169.500635
41139,169.500513
41140,169.500392
41141,169.500271
41142,169.500150
41143,169.500029
41144,169.499908
41145,169.499787
41146,169.499665
41147,169.499544
41148,169.499423
41149,169.499302
41150,169.499181
41151,169.499060
41152,169.498939
41153,169.498818
41154,169.498697
41155,169.498576
41156,169.498455
41157,169.498334
41158,169.498213
41159,169.498092
41160,169.497971
41161,169.497850
41162,169.497729
41163,169.497608
41164,169.497487
41165,169.497366
41166,169.497245
41167,169.497124
41168,169.497003
41169,169.496883
41170,169.496762
41171,169.496641
41172,169.496520
41173,169.496399
41174,169.496278
41175,169.496157
41176,169.496037
41177,169.495916
41178,169.495795
41179,169.495674
41180,169.495554
41181,169.495433
41182,169.495312
41183,169.495191
41184,169.495071
41185,169.494950
41186,169.494829
41187,169.494708
41188,169.494588
41189,169.494467
41190,169.494346
41191,169.494226
41192,169.494105
41193,169.493984
41194,169.493864
41195,169.493743
41196,169.493623
41197,169.493502
41198,169.493381
41199,169.493261
41200,169.493140
41201,169.493020
41202,169.492899
41203,169.492779
41204,169.492658
41205,169.492538
41206,169.492417
41207,169.492297
41208,169.492176
41209,169.492056
41210,169.491935
41211,169.491815
41212,169.491694
41213,169.491574
41214,169.491454
41215,169.491333
41216,169.491213
41217,169.491092
41218,169.490972
41219,169.490852
41220,169.490731
41221,169.490611
41222,169.490491
41223,169.490370
41224,169.490250
41225,169.490130
41226,169.490009
41227,169.489889
41228,169.489769
41229,169.489648
41230,169.489528
41231,169.489408
41232,169.489288
41233,169.489168
41234,169.489047
41235,169.488927
41236,169.488807
41237,169.488687
41238,169.488567
41239,169.488446
41240,169.488326
41241,169.488206
41242,169.488086
41243,169.487966
41244,169.487846
41245,169.487726
41246,169.487606
41247,169.487485
41248,169.487365
41249,169.487245
41250,169.487125
41251,169.487005
41252,169.486885
41253,169.486765
41254,169.486645
41255,169.486525
41256,169.486405
41257,169.486285
41258,169.486165
41259,169.486045
41260,169.485925
41261,169.485805
41262,169.485685
41263,169.485566
41264,169.485446
41265,169.485326
41266,169.485206
41267,169.485086
41268,169.484966
41269,169.484846
41270,169.484726
41271,169.484607
41272,169.484487
41273,169.484367
41274,169.484247
41275,169.484127
41276,169.484008
41277,169.483888
41278,169.483768
41279,169.483648
41280,169.483528
41281,169.483409
41282,169.483289
41283,169.483169
41284,169.483050
41285,169.482930
41286,169.482810
41287,169.482691
41288,169.482571
41289,169.482451
41290,169.482332
41291,169.482212
41292,169.482092
41293,169.481973
41294,169.481853
41295,169.481734
41296,169.481614
41297,169.481494
41298,169.481375
41299,169.481255
41300,169.481136
41301,169.481016
41302,169.480897
41303,169.480777
41304,169.480658
41305,169.480538
41306,169.480419
41307,169.480299
41308,169.480180
41309,169.480060
41310,169.479941
41311,169.479821
41312,169.479702
41313,169.479583
41314,169.479463
41315,169.479344
41316,169.479224
41317,169.479105
41318,169.478986
41319,169.478866
41320,169.478747
41321,169.478628
41322,169.478508
41323,169.478389
41324,169.478270
41325,169.478151
41326,169.478031
41327,169.477912
41328,169.477793
41329,169.477673
41330,169.477554
41331,169.477435
41332,169.477316
41333,169.477197
41334,169.477077
41335,169.476958
41336,169.476839
41337,169.476720
41338,169.476601
41339,169.476482
41340,169.476362
41341,169.476243
41342,169.476124
41343,169.476005
41344,169.475886
41345,169.475767
41346,169.475648
41347,169.475529
41348,169.475410
41349,169.475291
41350,169.475172
41351,169.475053
41352,169.474934
41353,169.474815
41354,169.474696
41355,169.474577
41356,169.474458
41357,169.474339
41358,169.474220
41359,169.474101
41360,169.473982
41361,169.473863
41362,169.473744
41363,169.473625
41364,169.473506
41365,169.473387
41366,169.473268
41367,169.473150
41368,169.473031
41369,169.472912
41370,169.472793
41371,169.472674
41372,169.472555
41373,169.472437
41374,169.472318
41375,169.472199
41376,169.472080
41377,169.471962
41378,169.471843
41379,169.471724
41380,169.471605
41381,169.471487
41382,169.471368
41383,169.471249
41384,169.471130
41385,169.471012
41386,169.470893
41387,169.470774
41388,169.470656
41389,169.470537
41390,169.470419
41391,169.470300
41392,169.470181
41393,169.470063
41394,169.469944
41395,169.469826
41396,169.469707
41397,169.469588
41398,169.469470
41399,169.469351
41400,169.469233
41401,169.469114
41402,169.468996
41403,169.468877
41404,169.468759
41405,169.468640
41406,169.468522
41407,169.468403
41408,169.468285
41409,169.468167
41410,169.468048
41411,169.467930
41412,169.467811
41413,169.467693
41414,169.467574
41415,169.467456
41416,169.467338
41417,169.467219
41418,169.467101
41419,169.466983
41420,169.466864
41421,169.466746
41422,169.466628
41423,169.466509
41424,169.466391
41425,169.466273
41426,169.466155
41427,169.466036
41428,169.465918
41429,169.465800
41430,169.465682
41431,169.465563
41432,169.465445
41433,169.465327
41434,169.465209
41435,169.465091
41436,169.464972
41437,169.464854
41438,169.464736
41439,169.464618
41440,169.464500
41441,169.464382
41442,169.464264
41443,169.464146
41444,169.464028
41445,169.463909
41446,169.463791
41447,169.463673
41448,169.463555
41449,169.463437
41450,169.463319
41451,169.463201
41452,169.463083
41453,169.462965
41454,169.462847
41455,169.462729
41456,169.462611
41457,169.462493
41458,169.462375
41459,169.462257
41460,169.462140
41461,169.462022
41462,169.461904
41463,169.461786
41464,169.461668
41465,169.461550
41466,169.461432
41467,169.461314
41468,169.461196
41469,169.461079
41470,169.460961
41471,169.460843
41472,169.460725
41473,169.460607
41474,169.460490
41475,169.460372
41476,169.460254
41477,169.460136
41478,169.460019
41479,169.459901
41480,169.459783
41481,169.459665
41482,169.459548
41483,169.459430
41484,169.459312
41485,169.459195
41486,169.459077
41487,169.458959
41488,169.458842
41489,169.458724
41490,169.458606
41491,169.458489
41492,169.458371
41493,169.458254
41494,169.458136
41495,169.458018
41496,169.457901
41497,169.457783
41498,169.457666
41499,169.457548
41500,169.457431
41501,169.457313
41502,169.457196
41503,169.457078
41504,169.456961
41505,169.456843
41506,169.456726
41507,169.456608
41508,169.456491
41509,169.456373
41510,169.456256
41511,169.456139
41512,169.456021
41513,169.455904
41514,169.455786
41515,169.455669
41516,169.455552
41517,169.455434
41518,169.455317
41519,169.455200
41520,169.455082
41521,169.454965
41522,169.454848
41523,169.454730
41524,169.454613
41525,169.454496
41526,169.454379
41527,169.454261
41528,169.454144
41529,169.454027
41530,169.453910
41531,169.453792
41532,169.453675
41533,169.453558
41534,169.453441
41535,169.453324
41536,169.453206
41537,169.453089
41538,169.452972
41539,169.452855
41540,169.452738
41541,169.452621
41542,169.452504
41543,169.452387
41544,169.452270
41545,169.452152
41546,169.452035
41547,169.451918
41548,169.451801
41549,169.451684
41550,169.451567
41551,169.451450
41552,169.451333
41553,169.451216
41554,169.451099
41555,169.450982
41556,169.450865
41557,169.450748
41558,169.450631
41559,169.450514
41560,169.450397
41561,169.450281
41562,169.450164
41563,169.450047
41564,169.449930
41565,169.449813
41566,169.449696
41567,169.449579
41568,169.449462
41569,169.449346
41570,169.449229
41571,169.449112
41572,169.448995
41573,169.448878
41574,169.448762
41575,169.448645
41576,169.448528
41577,169.448411
41578,169.448295
41579,169.448178
41580,169.448061
41581,169.447944
41582,169.447828
41583,169.447711
41584,169.447594
41585,169.447478
41586,169.447361
41587,169.447244
41588,169.447128
41589,169.447011
41590,169.446894
41591,169.446778
41592,169.446661
41593,169.446544
41594,169.446428
41595,169.446311
41596,169.446195
41597,169.446078
41598,169.445962
41599,169.445845
41600,169.445729
41601,169.445612
41602,169.445496
41603,169.445379
41604,169.445263
41605,169.445146
41606,169.445030
41607,169.444913
41608,169.444797
41609,169.444680
41610,169.444564
41611,169.444447
41612,169.444331
41613,169.444215
41614,169.444098
41615,169.443982
41616,169.443865
41617,169.443749
41618,169.443633
41619,169.443516
41620,169.443400
41621,169.443284
41622,169.443167
41623,169.443051
41624,169.442935
41625,169.442819
41626,169.442702
41627,169.442586
41628,169.442470
41629,169.442354
41630,169.442237
41631,169.442121
41632,169.442005
41633,169.441889
41634,169.441772
41635,169.441656
41636,169.441540
41637,169.441424
41638,169.441308
41639,169.441192
41640,169.441075
41641,169.440959
41642,169.440843
41643,169.440727
41644,169.440611
41645,169.440495
41646,169.440379
41647,169.440263
41648,169.440147
41649,169.440031
41650,169.439915
41651,169.439799
41652,169.439683
41653,169.439567
41654,169.439451
41655,169.439335
41656,169.439219
41657,169.439103
41658,169.438987
41659,169.438871
41660,169.438755
41661,169.438639
41662,169.438523
41663,169.438407
41664,169.438291
41665,169.438175
41666,169.438059
41667,169.437944
41668,169.437828
41669,169.437712
41670,169.437596
41671,169.437480
41672,169.437364
41673,169.437249
41674,169.437133
41675,169.437017
41676,169.436901
41677,169.436785
41678,169.436670
41679,169.436554
41680,169.436438
41681,169.436322
41682,169.436207
41683,169.436091
41684,169.435975
41685,169.435860
41686,169.435744
41687,169.435628
41688,169.435513
41689,169.435397
41690,169.435281
41691,169.435166
41692,169.435050
41693,169.434935
41694,169.434819
41695,169.434703
41696,169.434588
41697,169.434472
41698,169.434357
41699,169.434241
41700,169.434126
41701,169.434010
41702,169.433894
41703,169.433779
41704,169.433663
41705,169.433548
41706,169.433432
41707,169.433317
41708,169.433202
41709,169.433086
41710,169.432971
41711,169.432855
41712,169.432740
41713,169.432624
41714,169.432509
41715,169.432394
41716,169.432278
41717,169.432163
41718,169.432047
41719,169.431932
41720,169.431817
41721,169.431701
41722,169.431586
41723,169.431471
41724,169.431355
41725,169.431240
41726,169.431125
41727,169.431010
41728,169.430894
41729,169.430779
41730,169.430664
41731,169.430549
41732,169.430433
41733,169.430318
41734,169.430203
41735,169.430088
41736,169.429972
41737,169.429857
41738,169.429742
41739,169.429627
41740,169.429512
41741,169.429397
41742,169.429282
41743,169.429166
41744,169.429051
41745,169.428936
41746,169.428821
41747,169.428706
41748,169.428591
41749,169.428476
41750,169.428361
41751,169.428246
41752,169.428131
41753,169.428016
41754,169.427901
41755,169.427786
41756,169.427671
41757,169.427556
41758,169.427441
41759,169.427326
41760,169.427211
41761,169.427096
41762,169.426981
41763,169.426866
41764,169.426751
41765,169.426636
41766,169.426521
41767,169.426406
41768,169.426292
41769,169.426177
41770,169.426062
41771,169.425947
41772,169.425832
41773,169.425717
41774,169.425603
41775,169.425488
41776,169.425373
41777,169.425258
41778,169.425143
41779,169.425029
41780,169.424914
41781,169.424799
41782,169.424684
41783,169.424570
41784,169.424455
41785,169.424340
41786,169.424225
41787,169.424111
41788,169.423996
41789,169.423881
41790,169.423767
41791,169.423652
41792,169.423537
41793,169.423423
41794,169.423308
41795,169.423194
41796,169.423079
41797,169.422964
41798,169.422850
41799,169.422735
41800,169.422621
41801,169.422506
41802,169.422392
41803,169.422277
41804,169.422162
41805,169.422048
41806,169.421933
41807,169.421819
41808,169.421704
41809,169.421590
41810,169.421476
41811,169.421361
41812,169.421247
41813,169.421132
41814,169.421018
41815,169.420903
41816,169.420789
41817,169.420675
41818,169.420560
41819,169.420446
41820,169.420331
41821,169.420217
41822,169.420103
41823,169.419988
41824,169.419874
41825,169.419760
41826,169.419645
41827,169.419531
41828,169.419417
41829,169.419303
41830,169.419188
41831,169.419074
41832,169.418960
41833,169.418845
41834,169.418731
41835,169.418617
41836,169.418503
41837,169.418389
41838,169.418274
41839,169.418160
41840,169.418046
41841,169.417932
41842,169.417818
41843,169.417704
41844,169.417589
41845,169.417475
41846,169.417361
41847,169.417247
41848,169.417133
41849,169.417019
41850,169.416905
41851,169.416791
41852,169.416677
41853,169.416563
41854,169.416449
41855,169.416335
41856,169.416221
41857,169.416107
41858,169.415993
41859,169.415879
41860,169.415765
41861,169.415651
41862,169.415537
41863,169.415423
41864,169.415309
41865,169.415195
41866,169.415081
41867,169.414967
41868,169.414853
41869,169.414739
41870,169.414625
41871,169.414511
41872,169.414398
41873,169.414284
41874,169.414170
41875,169.414056
41876,169.413942
41877,169.413828
41878,169.413715
41879,169.413601
41880,169.413487
41881,169.413373
41882,169.413259
41883,169.413146
41884,169.413032
41885,169.412918
41886,169.412804
41887,169.412691
41888,169.412577
41889,169.412463
41890,169.412350
41891,169.412236
41892,169.412122
41893,169.412009
41894,169.411895
41895,169.411781
41896,169.411668
41897,169.411554
41898,169.411440
41899,169.411327
41900,169.411213
41901,169.411100
41902,169.410986
41903,169.410872
41904,169.410759
41905,169.410645
41906,169.410532
41907,169.410418
41908,169.410305
41909,169.410191
41910,169.410078
41911,169.409964
41912,169.409851
41913,169.409737
41914,169.409624
41915,169.409510
41916,169.409397
41917,169.409284
41918,169.409170
41919,169.409057
41920,169.408943
41921,169.408830
41922,169.408717
41923,169.408603
41924,169.408490
41925,169.408376
41926,169.408263
41927,169.408150
41928,169.408036
41929,169.407923
41930,169.407810
41931,169.407697
41932,169.407583
41933,169.407470
41934,169.407357
41935,169.407243
41936,169.407130
41937,169.407017
41938,169.406904
41939,169.406791
41940,169.406677
41941,169.406564
41942,169.406451
41943,169.406338
41944,169.406225
41945,169.406111
41946,169.405998
41947,169.405885
41948,169.405772
41949,169.405659
41950,169.405546
41951,169.405433
41952,169.405320
41953,169.405206
41954,169.405093
41955,169.404980
41956,169.404867
41957,169.404754
41958,169.404641
41959,169.404528
41960,169.404415
41961,169.404302
41962,169.404189
41963,169.404076
41964,169.403963
41965,169.403850
41966,169.403737
41967,169.403624
41968,169.403511
41969,169.403398
41970,169.403285
41971,169.403173
41972,169.403060
41973,169.402947
41974,169.402834
41975,169.402721
41976,169.402608
41977,169.402495
41978,169.402382
41979,169.402270
41980,169.402157
41981,169.402044
41982,169.401931
41983,169.401818
41984,169.401706
41985,169.401593
41986,169.401480
41987,169.401367
41988,169.401255
41989,169.401142
41990,169.401029
41991,169.400916
41992,169.400804
41993,169.400691
41994,169.400578
41995,169.400466
41996,169.400353
41997,169.400240
41998,169.400128
41999,169.400015
42000,169.399902
42001,169.399790
42002,169.399677
42003,169.399564
42004,169.399452
42005,169.399339
42006,169.399227
42007,169.399114
42008,169.399002
42009,169.398889
42010,169.398776
42011,169.398664
42012,169.398551
42013,169.398439
42014,169.398326
42015,169.398214
42016,169.398101
42017,169.397989
42018,169.397877
42019,169.397764
42020,169.397652
42021,169.397539
42022,169.397427
42023,169.397314
42024,169.397202
42025,169.397090
42026,169.396977
42027,169.396865
42028,169.396752
42029,169.396640
42030,169.396528
42031,169.396415
42032,169.396303
42033,169.396191
42034,169.396078
42035,169.395966
42036,169.395854
42037,169.395742
42038,169.395629
42039,169.395517
42040,169.395405
42041,169.395293
42042,169.395180
42043,169.395068
42044,169.394956
42045,169.394844
42046,169.394731
42047,169.394619
42048,169.394507
42049,169.394395
42050,169.394283
42051,169.394171
42052,169.394058
42053,169.393946
42054,169.393834
42055,169.393722
42056,169.393610
42057,169.393498
42058,169.393386
42059,169.393274
42060,169.393162
42061,169.393050
42062,169.392938
42063,169.392826
42064,169.392714
42065,169.392602
42066,169.392490
42067,169.392378
42068,169.392266
42069,169.392154
42070,169.392042
42071,169.391930
42072,169.391818
42073,169.391706
42074,169.391594
42075,169.391482
42076,169.391370
42077,169.391258
42078,169.391146
42079,169.391034
42080,169.390923
42081,169.390811
42082,169.390699
42083,169.390587
42084,169.390475
42085,169.390363
42086,169.390251
42087,169.390140
42088,169.390028
42089,169.389916
42090,169.389804
42091,169.389693
42092,169.389581
42093,169.389469
42094,169.389357
42095,169.389246
42096,169.389134
42097,169.389022
42098,169.388910
42099,169.388799
42100,169.388687
42101,169.388575
42102,169.388464
42103,169.388352
42104,169.388240
42105,169.388129
42106,169.388017
42107,169.387906
42108,169.387794
42109,169.387682
42110,169.387571
42111,169.387459
42112,169.387348
42113,169.387236
42114,169.387125
42115,169.387013
42116,169.386901
42117,169.386790
42118,169.386678
42119,169.386567
42120,169.386455
42121,169.386344
42122,169.386233
42123,169.386121
42124,169.386010
42125,169.385898
42126,169.385787
42127,169.385675
42128,169.385564
42129,169.385452
42130,169.385341
42131,169.385230
42132,169.385118
42133,169.385007
42134,169.384896
42135,169.384784
42136,169.384673
42137,169.384562
42138,169.384450
42139,169.384339
42140,169.384228
42141,169.384116
42142,169.384005
42143,169.383894
42144,169.383783
42145,169.383671
42146,169.383560
42147,169.383449
42148,169.383338
42149,169.383226
42150,169.383115
42151,169.383004
42152,169.382893
42153,169.382782
42154,169.382670
42155,169.382559
42156,169.382448
42157,169.382337
42158,169.382226
42159,169.382115
42160,169.382004
42161,169.381892
42162,169.381781
42163,169.381670
42164,169.381559
42165,169.381448
42166,169.381337
42167,169.381226
42168,169.381115
42169,169.381004
42170,169.380893
42171,169.380782
42172,169.380671
42173,169.380560
42174,169.380449
42175,169.380338
42176,169.380227
42177,169.380116
42178,169.380005
42179,169.379894
42180,169.379783
42181,169.379672
42182,169.379561
42183,169.379451
42184,169.379340
42185,169.379229
42186,169.379118
42187,169.379007
42188,169.378896
42189,169.378785
42190,169.378675
42191,169.378564
42192,169.378453
42193,169.378342
42194,169.378231
42195,169.378121
42196,169.378010
42197,169.377899
42198,169.377788
42199,169.377678
42200,169.377567
42201,169.377456
42202,169.377345
42203,169.377235
42204,169.377124
42205,169.377013
42206,169.376903
42207,169.376792
42208,169.376681
42209,169.376571
42210,169.376460
42211,169.376349
42212,169.376239
42213,169.376128
42214,169.376017
42215,169.375907
42216,169.375796
42217,169.375686
42218,169.375575
42219,169.375465
42220,169.375354
42221,169.375243
42222,169.375133
42223,169.375022
42224,169.374912
42225,169.374801
42226,169.374691
42227,169.374580
42228,169.374470
42229,169.374360
42230,169.374249
42231,169.374139
42232,169.374028
42233,169.373918
42234,169.373807
42235,169.373697
42236,169.373587
42237,169.373476
42238,169.373366
42239,169.373255
42240,169.373145
42241,169.373035
42242,169.372924
42243,169.372814
42244,169.372704
42245,169.372593
42246,169.372483
42247,169.372373
42248,169.372262
42249,169.372152
42250,169.372042
42251,169.371932
42252,169.371821
42253,169.371711
42254,169.371601
42255,169.371491
42256,169.371381
42257,169.371270
42258,169.371160
42259,169.371050
42260,169.370940
42261,169.370830
42262,169.370719
42263,169.370609
42264,169.370499
42265,169.370389
42266,169.370279
42267,169.370169
42268,169.370059
42269,169.369949
42270,169.369839
42271,169.369729
42272,169.369618
42273,169.369508
42274,169.369398
42275,169.369288
42276,169.369178
42277,169.369068
42278,169.368958
42279,169.368848
42280,169.368738
42281,169.368628
42282,169.368518
42283,169.368408
42284,169.368298
42285,169.368189
42286,169.368079
42287,169.367969
42288,169.367859
42289,169.367749
42290,169.367639
42291,169.367529
42292,169.367419
42293,169.367309
42294,169.367199
42295,169.367090
42296,169.366980
42297,169.366870
42298,169.366760
42299,169.366650
42300,169.366541
42301,169.366431
42302,169.366321
42303,169.366211
42304,169.366101
42305,169.365992
42306,169.365882
42307,169.365772
42308,169.365662
42309,169.365553
42310,169.365443
42311,169.365333
42312,169.365224
42313,169.365114
42314,169.365004
42315,169.364895
42316,169.364785
42317,169.364675
42318,169.364566
42319,169.364456
42320,169.364347
42321,169.364237
42322,169.364127
42323,169.364018
42324,169.363908
42325,169.363799
42326,169.363689
42327,169.363579
42328,169.363470
42329,169.363360
42330,169.363251
42331,169.363141
42332,169.363032
42333,169.362922
42334,169.362813
42335,169.362703
42336,169.362594
42337,169.362485
42338,169.362375
42339,169.362266
42340,169.362156
42341,169.362047
42342,169.361937
42343,169.361828
42344,169.361719
42345,169.361609
42346,169.361500
42347,169.361390
42348,169.361281
42349,169.361172
42350,169.361062
42351,169.360953
42352,169.360844
42353,169.360734
42354,169.360625
42355,169.360516
42356,169.360407
42357,169.360297
42358,169.360188
42359,169.360079
42360,169.359970
42361,169.359860
42362,169.359751
42363,169.359642
42364,169.359533
42365,169.359424
42366,169.359314
42367,169.359205
42368,169.359096
42369,169.358987
42370,169.358878
42371,169.358769
42372,169.358659
42373,169.358550
42374,169.358441
42375,169.358332
42376,169.358223
42377,169.358114
42378,169.358005
42379,169.357896
42380,169.357787
42381,169.357678
42382,169.357569
42383,169.357460
42384,169.357351
42385,169.357242
42386,169.357133
42387,169.357024
42388,169.356915
42389,169.356806
42390,169.356697
42391,169.356588
42392,169.356479
42393,169.356370
42394,169.356261
42395,169.356152
42396,169.356043
42397,169.355934
42398,169.355825
42399,169.355716
42400,169.355608
42401,169.355499
42402,169.355390
42403,169.355281
42404,169.355172
42405,169.355063
42406,169.354955
42407,169.354846
42408,169.354737
42409,169.354628
42410,169.354519
42411,169.354411
42412,169.354302
42413,169.354193
42414,169.354084
42415,169.353976
42416,169.353867
42417,169.353758
42418,169.353649
42419,169.353541
42420,169.353432
42421,169.353323
42422,169.353215
42423,169.353106
42424,169.352997
42425,169.352889
42426,169.352780
42427,169.352672
42428,169.352563
42429,169.352454
42430,169.352346
42431,169.352237
42432,169.352129
42433,169.352020
42434,169.351911
42435,169.351803
42436,169.351694
42437,169.351586
42438,169.351477
42439,169.351369
42440,169.351260
42441,169.351152
42442,169.351043
42443,169.350935
42444,169.350826
42445,169.350718
42446,169.350609
42447,169.350501
42448,169.350393
42449,169.350284
42450,169.350176
42451,169.350067
42452,169.349959
42453,169.349851
42454,169.349742
42455,169.349634
42456,169.349526
42457,169.349417
42458,169.349309
42459,169.349201
42460,169.349092
42461,169.348984
42462,169.348876
42463,169.348767
42464,169.348659
42465,169.348551
42466,169.348442
42467,169.348334
42468,169.348226
42469,169.348118
42470,169.348010
42471,169.347901
42472,169.347793
42473,169.347685
42474,169.347577
42475,169.347469
42476,169.347360
42477,169.347252
42478,169.347144
42479,169.347036
42480,169.346928
42481,169.346820
42482,169.346712
42483,169.346603
42484,169.346495
42485,169.346387
42486,169.346279
42487,169.346171
42488,169.346063
42489,169.345955
42490,169.345847
42491,169.345739
42492,169.345631
42493,169.345523
42494,169.345415
42495,169.345307
42496,169.345199
42497,169.345091
42498,169.344983
42499,169.344875
42500,169.344767
42501,169.344659
42502,169.344551
42503,169.344443
42504,169.344335
42505,169.344227
42506,169.344120
42507,169.344012
42508,169.343904
42509,169.343796
42510,169.343688
42511,169.343580
42512,169.343472
42513,169.343365
42514,169.343257
42515,169.343149
42516,169.343041
42517,169.342933
42518,169.342825
42519,169.342718
42520,169.342610
42521,169.342502
42522,169.342394
42523,169.342287
42524,169.342179
42525,169.342071
42526,169.341964
42527,169.341856
42528,169.341748
42529,169.341640
42530,169.341533
42531,169.341425
42532,169.341317
42533,169.341210
42534,169.341102
42535,169.340995
42536,169.340887
42537,169.340779
42538,169.340672
42539,169.340564
42540,169.340457
42541,169.340349
42542,169.340241
42543,169.340134
42544,169.340026
42545,169.339919
42546,169.339811
42547,169.339704
42548,169.339596
42549,169.339489
42550,169.339381
42551,169.339274
42552,169.339166
42553,169.339059
42554,169.338951
42555,169.338844
42556,169.338736
42557,169.338629
42558,169.338522
42559,169.338414
42560,169.338307
42561,169.338199
42562,169.338092
42563,169.337985
42564,169.337877
42565,169.337770
42566,169.337663
42567,169.337555
42568,169.337448
42569,169.337341
42570,169.337233
42571,169.337126
42572,169.337019
42573,169.336911
42574,169.336804
42575,169.336697
42576,169.336590
42577,169.336482
42578,169.336375
42579,169.336268
42580,169.336161
42581,169.336053
42582,169.335946
42583,169.335839
42584,169.335732
42585,169.335625
42586,169.335518
42587,169.335410
42588,169.335303
42589,169.335196
42590,169.335089
42591,169.334982
42592,169.334875
42593,169.334768
42594,169.334661
42595,169.334553
42596,169.334446
42597,169.334339
42598,169.334232
42599,169.334125
42600,169.334018
42601,169.333911
42602,169.333804
42603,169.333697
42604,169.333590
42605,169.333483
42606,169.333376
42607,169.333269
42608,169.333162
42609,169.333055
42610,169.332948
42611,169.332841
42612,169.332734
42613,169.332627
42614,169.332521
42615,169.332414
42616,169.332307
42617,169.332200
42618,169.332093
42619,169.331986
42620,169.331879
42621,169.331772
42622,169.331666
42623,169.331559
42624,169.331452
42625,169.331345
42626,169.331238
42627,169.331132
42628,169.331025
42629,169.330918
42630,169.330811
42631,169.330704
42632,169.330598
42633,169.330491
42634,169.330384
42635,169.330278
42636,169.330171
42637,169.330064
42638,169.329957
42639,169.329851
42640,169.329744
42641,169.329637
42642,169.329531
42643,169.329424
42644,169.329317
42645,169.329211
42646,169.329104
42647,169.328998
42648,169.328891
42649,169.328784
42650,169.328678
42651,169.328571
42652,169.328465
42653,169.328358
42654,169.328252
42655,169.328145
42656,169.328039
42657,169.327932
42658,169.327825
42659,169.327719
42660,169.327612
42661,169.327506
42662,169.327400
42663,169.327293
42664,169.327187
42665,169.327080
42666,169.326974
42667,169.326867
42668,169.326761
42669,169.326654
42670,169.326548
42671,169.326442
42672,169.326335
42673,169.326229
42674,169.326123
42675,169.326016
42676,169.325910
42677,169.325803
42678,169.325697
42679,169.325591
42680,169.325485
42681,169.325378
42682,169.325272
42683,169.325166
42684,169.325059
42685,169.324953
42686,169.324847
42687,169.324741
42688,169.324634
42689,169.324528
42690,169.324422
42691,169.324316
42692,169.324209
42693,169.324103
42694,169.323997
42695,169.323891
42696,169.323785
42697,169.323679
42698,169.323572
42699,169.323466
42700,169.323360
42701,169.323254
42702,169.323148
42703,169.323042
42704,169.322936
42705,169.322830
42706,169.322724
42707,169.322617
42708,169.322511
42709,169.322405
42710,169.322299
42711,169.322193
42712,169.322087
42713,169.321981
42714,169.321875
42715,169.321769
42716,169.321663
42717,169.321557
42718,169.321451
42719,169.321345
42720,169.321239
42721,169.321133
42722,169.321028
42723,169.320922
42724,169.320816
42725,169.320710
42726,169.320604
42727,169.320498
42728,169.320392
42729,169.320286
42730,169.320180
42731,169.320074
42732,169.319969
42733,169.319863
42734,169.319757
42735,169.319651
42736,169.319545
42737,169.319440
42738,169.319334
42739,169.319228
42740,169.319122
42741,169.319016
42742,169.318911
42743,169.318805
42744,169.318699
42745,169.318593
42746,169.318488
42747,169.318382
42748,169.318276
42749,169.318171
42750,169.318065
42751,169.317959
42752,169.317854
42753,169.317748
42754,169.317642
42755,169.317537
42756,169.317431
42757,169.317325
42758,169.317220
42759,169.317114
42760,169.317009
42761,169.316903
42762,169.316797
42763,169.316692
42764,169.316586
42765,169.316481
42766,169.316375
42767,169.316270
42768,169.316164
42769,169.316059
42770,169.315953
42771,169.315848
42772,169.315742
42773,169.315637
42774,169.315531
42775,169.315426
42776,169.315320
42777,169.315215
42778,169.315109
42779,169.315004
42780,169.314899
42781,169.314793
42782,169.314688
42783,169.314582
42784,169.314477
42785,169.314372
42786,169.314266
42787,169.314161
42788,169.314056
42789,169.313950
42790,169.313845
42791,169.313740
42792,169.313634
42793,169.313529
42794,169.313424
42795,169.313319
42796,169.313213
42797,169.313108
42798,169.313003
42799,169.312897
42800,169.312792
42801,169.312687
42802,169.312582
42803,169.312477
42804,169.312371
42805,169.312266
42806,169.312161
42807,169.312056
42808,169.311951
42809,169.311846
42810,169.311740
42811,169.311635
42812,169.311530
42813,169.311425
42814,169.311320
42815,169.311215
42816,169.311110
42817,169.311005
42818,169.310900
42819,169.310794
42820,169.310689
42821,169.310584
42822,169.310479
42823,169.310374
42824,169.310269
42825,169.310164
42826,169.310059
42827,169.309954
42828,169.309849
42829,169.309744
42830,169.309639
42831,169.309534
42832,169.309429
42833,169.309324
42834,169.309220
42835,169.309115
42836,169.309010
42837,169.308905
42838,169.308800
42839,169.308695
42840,169.308590
42841,169.308485
42842,169.308380
42843,169.308276
42844,169.308171
42845,169.308066
42846,169.307961
42847,169.307856
42848,169.307751
42849,169.307647
42850,169.307542
42851,169.307437
42852,169.307332
42853,169.307227
42854,169.307123
42855,169.307018
42856,169.306913
42857,169.306809
42858,169.306704
42859,169.306599
42860,169.306494
42861,169.306390
42862,169.306285
42863,169.306180
42864,169.306076
42865,169.305971
42866,169.305866
42867,169.305762
42868,169.305657
42869,169.305552
42870,169.305448
42871,169.305343
42872,169.305239
42873,169.305134
42874,169.305030
42875,169.304925
42876,169.304820
42877,169.304716
42878,169.304611
42879,169.304507
42880,169.304402
42881,169.304298
42882,169.304193
42883,169.304089
42884,169.303984
42885,169.303880
42886,169.303775
42887,169.303671
42888,169.303566
42889,169.303462
42890,169.303357
42891,169.303253
42892,169.303149
42893,169.303044
42894,169.302940
42895,169.302835
42896,169.302731
42897,169.302627
42898,169.302522
42899,169.302418
42900,169.302314
42901,169.302209
42902,169.302105
42903,169.302001
42904,169.301896
42905,169.301792
42906,169.301688
42907,169.301583
42908,169.301479
42909,169.301375
42910,169.301271
42911,169.301166
42912,169.301062
42913,169.300958
42914,169.300854
42915,169.300749
42916,169.300645
42917,169.300541
42918,169.300437
42919,169.300333
42920,169.300229
42921,169.300124
42922,169.300020
42923,169.299916
42924,169.299812
42925,169.299708
42926,169.299604
42927,169.299500
42928,169.299396
42929,169.299291
42930,169.299187
42931,169.299083
42932,169.298979
42933,169.298875
42934,169.298771
42935,169.298667
42936,169.298563
42937,169.298459
42938,169.298355
42939,169.298251
42940,169.298147
42941,169.298043
42942,169.297939
42943,169.297835
42944,169.297731
42945,169.297627
42946,169.297523
42947,169.297419
42948,169.297315
42949,169.297211
42950,169.297108
42951,169.297004
42952,169.296900
42953,169.296796
42954,169.296692
42955,169.296588
42956,169.296484
42957,169.296380
42958,169.296277
42959,169.296173
42960,169.296069
42961,169.295965
42962,169.295861
42963,169.295758
42964,169.295654
42965,169.295550
42966,169.295446
42967,169.295343
42968,169.295239
42969,169.295135
42970,169.295031
42971,169.294928
42972,169.294824
42973,169.294720
42974,169.294617
42975,169.294513
42976,169.294409
42977,169.294305
42978,169.294202
42979,169.294098
42980,169.293995
42981,169.293891
42982,169.293787
42983,169.293684
42984,169.293580
42985,169.293476
42986,169.293373
42987,169.293269
42988,169.293166
42989,169.293062
42990,169.292959
42991,169.292855
42992,169.292752
42993,169.292648
42994,169.292544
42995,169.292441
42996,169.292337
42997,169.292234
42998,169.292130
42999,169.292027
43000,169.291924
43001,169.291820
43002,169.291717
43003,169.291613
43004,169.291510
43005,169.291406
43006,169.291303
43007,169.291200
43008,169.291096
43009,169.290993
43010,169.290889
43011,169.290786
43012,169.290683
43013,169.290579
43014,169.290476
43015,169.290373
43016,169.290269
43017,169.290166
43018,169.290063
43019,169.289959
43020,169.289856
43021,169.289753
43022,169.289650
43023,169.289546
43024,169.289443
43025,169.289340
43026,169.289237
43027,169.289133
43028,169.289030
43029,169.288927
43030,169.288824
43031,169.288720
43032,169.288617
43033,169.288514
43034,169.288411
43035,169.288308
43036,169.288205
43037,169.288102
43038,169.287998
43039,169.287895
43040,169.287792
43041,169.287689
43042,169.287586
43043,169.287483
43044,169.287380
43045,169.287277
43046,169.287174
43047,169.287071
43048,169.286968
43049,169.286865
43050,169.286761
43051,169.286658
43052,169.286555
43053,169.286452
43054,169.286349
43055,169.286246
43056,169.286144
43057,169.286041
43058,169.285938
43059,169.285835
43060,169.285732
43061,169.285629
43062,169.285526
43063,169.285423
43064,169.285320
43065,169.285217
43066,169.285114
43067,169.285011
43068,169.284908
43069,169.284806
43070,169.284703
43071,169.284600
43072,169.284497
43073,169.284394
43074,169.284291
43075,169.284189
43076,169.284086
43077,169.283983
43078,169.283880
43079,169.283778
43080,169.283675
43081,169.283572
43082,169.283469
43083,169.283366
43084,169.283264
43085,169.283161
43086,169.283058
43087,169.282956
43088,169.282853
43089,169.282750
43090,169.282648
43091,169.282545
43092,169.282442
43093,169.282340
43094,169.282237
43095,169.282134
43096,169.282032
43097,169.281929
43098,169.281826
43099,169.281724
43100,169.281621
43101,169.281519
43102,169.281416
43103,169.281314
43104,169.281211
43105,169.281108
43106,169.281006
43107,169.280903
43108,169.280801
43109,169.280698
43110,169.280596
43111,169.280493
43112,169.280391
43113,169.280288
43114,169.280186
43115,169.280083
43116,169.279981
43117,169.279879
43118,169.279776
43119,169.279674
43120,169.279571
43121,169.279469
43122,169.279366
43123,169.279264
43124,169.279162
43125,169.279059
43126,169.278957
43127,169.278855
43128,169.278752
43129,169.278650
43130,169.278548
43131,169.278445
43132,169.278343
43133,169.278241
43134,169.278138
43135,169.278036
43136,169.277934
43137,169.277832
43138,169.277729
43139,169.277627
43140,169.277525
43141,169.277423
43142,169.277320
43143,169.277218
43144,169.277116
43145,169.277014
43146,169.276911
43147,169.276809
43148,169.276707
43149,169.276605
43150,169.276503
43151,169.276401
43152,169.276299
43153,169.276196
43154,169.276094
43155,169.275992
43156,169.275890
43157,169.275788
43158,169.275686
43159,169.275584
43160,169.275482
43161,169.275380
43162,169.275278
43163,169.275176
43164,169.275074
43165,169.274971
43166,169.274869
43167,169.274767
43168,169.274665
43169,169.274563
43170,169.274461
43171,169.274360
43172,169.274258
43173,169.274156
43174,169.274054
43175,169.273952
43176,169.273850
43177,169.273748
43178,169.273646
43179,169.273544
43180,169.273442
43181,169.273340
43182,169.273238
43183,169.273136
43184,169.273035
43185,169.272933
43186,169.272831
43187,169.272729
43188,169.272627
43189,169.272525
43190,169.272424
43191,169.272322
43192,169.272220
43193,169.272118
43194,169.272016
43195,169.271915
43196,169.271813
43197,169.271711
43198,169.271609
43199,169.271508
43200,169.271406
43201,169.271304
43202,169.271203
43203,169.271101
43204,169.270999
43205,169.270898
43206,169.270796
43207,169.270694
43208,169.270593
43209,169.270491
43210,169.270389
43211,169.270288
43212,169.270186
43213,169.270084
43214,169.269983
43215,169.269881
43216,169.269780
43217,169.269678
43218,169.269576
43219,169.269475
43220,169.269373
43221,169.269272
43222,169.269170
43223,169.269069
43224,169.268967
43225,169.268866
43226,169.268764
43227,169.268663
43228,169.268561
43229,169.268460
43230,169.268358
43231,169.268257
43232,169.268155
43233,169.268054
43234,169.267952
43235,169.267851
43236,169.267750
43237,169.267648
43238,169.267547
43239,169.267445
43240,169.267344
43241,169.267243
43242,169.267141
43243,169.267040
43244,169.266939
43245,169.266837
43246,169.266736
43247,169.266635
43248,169.266533
43249,169.266432
43250,169.266331
43251,169.266229
43252,169.266128
43253,169.266027
43254,169.265926
43255,169.265824
43256,169.265723
43257,169.265622
43258,169.265521
43259,169.265420
43260,169.265318
43261,169.265217
43262,169.265116
43263,169.265015
43264,169.264914
43265,169.264812
43266,169.264711
43267,169.264610
43268,169.264509
43269,169.264408
43270,169.264307
43271,169.264206
43272,169.264104
43273,169.264003
43274,169.263902
43275,169.263801
43276,169.263700
43277,169.263599
43278,169.263498
43279,169.263397
43280,169.263296
43281,169.263195
43282,169.263094
43283,169.262993
43284,169.262892
43285,169.262791
43286,169.262690
43287,169.262589
43288,169.262488
43289,169.262387
43290,169.262286
43291,169.262185
43292,169.262084
43293,169.261983
43294,169.261882
43295,169.261781
43296,169.261681
43297,169.261580
43298,169.261479
43299,169.261378
43300,169.261277
43301,169.261176
43302,169.261075
43303,169.260974
43304,169.260874
43305,169.260773
43306,169.260672
43307,169.260571
43308,169.260470
43309,169.260370
43310,169.260269
43311,169.260168
43312,169.260067
43313,169.259967
43314,169.259866
43315,169.259765
43316,169.259664
43317,169.259564
43318,169.259463
43319,169.259362
43320,169.259261
43321,169.259161
43322,169.259060
43323,169.258959
43324,169.258859
43325,169.258758
43326,169.258657
43327,169.258557
43328,169.258456
43329,169.258356
43330,169.258255
43331,169.258154
43332,169.258054
43333,169.257953
43334,169.257853
43335,169.257752
43336,169.257652
43337,169.257551
43338,169.257450
43339,169.257350
43340,169.257249
43341,169.257149
43342,169.257048
43343,169.256948
43344,169.256847
43345,169.256747
43346,169.256646
43347,169.256546
43348,169.256446
43349,169.256345
43350,169.256245
43351,169.256144
43352,169.256044
43353,169.255943
43354,169.255843
43355,169.255743
43356,169.255642
43357,169.255542
43358,169.255441
43359,169.255341
43360,169.255241
43361,169.255140
43362,169.255040
43363,169.254940
43364,169.254839
43365,169.254739
43366,169.254639
43367,169.254538
43368,169.254438
43369,169.254338
43370,169.254238
43371,169.254137
43372,169.254037
43373,169.253937
43374,169.253837
43375,169.253736
43376,169.253636
43377,169.253536
43378,169.253436
43379,169.253336
43380,169.253235
43381,169.253135
43382,169.253035
43383,169.252935
43384,169.252835
43385,169.252735
43386,169.252634
43387,169.252534
43388,169.252434
43389,169.252334
43390,169.252234
43391,169.252134
43392,169.252034
43393,169.251934
43394,169.251834
43395,169.251734
43396,169.251634
43397,169.251534
43398,169.251434
43399,169.251334
43400,169.251234
43401,169.251134
43402,169.251034
43403,169.250934
43404,169.250834
43405,169.250734
43406,169.250634
43407,169.250534
43408,169.250434
43409,169.250334
43410,169.250234
43411,169.250134
43412,169.250034
43413,169.249934
43414,169.249834
43415,169.249734
43416,169.249634
43417,169.249535
43418,169.249435
43419,169.249335
43420,169.249235
43421,169.249135
43422,169.249035
43423,169.248936
43424,169.248836
43425,169.248736
43426,169.248636
43427,169.248536
43428,169.248437
43429,169.248337
43430,169.248237
43431,169.248137
43432,169.248038
43433,169.247938
43434,169.247838
43435,169.247738
43436,169.247639
43437,169.247539
43438,169.247439
43439,169.247340
43440,169.247240
43441,169.247140
43442,169.247041
43443,169.246941
43444,169.246841
43445,169.246742
43446,169.246642
43447,169.246542
43448,169.246443
43449,169.246343
43450,169.246244
43451,169.246144
43452,169.246044
43453,169.245945
43454,169.245845
43455,169.245746
43456,169.245646
43457,169.245547
43458,169.245447
43459,169.245348
43460,169.245248
43461,169.245149
43462,169.245049
43463,169.244950
43464,169.244850
43465,169.244751
43466,169.244651
43467,169.244552
43468,169.244452
43469,169.244353
43470,169.244254
43471,169.244154
43472,169.244055
43473,169.243955
43474,169.243856
43475,169.243757
43476,169.243657
43477,169.243558
43478,169.243459
43479,169.243359
43480,169.243260
43481,169.243161
43482,169.243061
43483,169.242962
43484,169.242863
43485,169.242763
43486,169.242664
43487,169.242565
43488,169.242465
43489,169.242366
43490,169.242267
43491,169.242168
43492,169.242068
43493,169.241969
43494,169.241870
43495,169.241771
43496,169.241672
43497,169.241572
43498,169.241473
43499,169.241374
43500,169.241275
43501,169.241176
43502,169.241077
43503,169.240977
43504,169.240878
43505,169.240779
43506,169.240680
43507,169.240581
43508,169.240482
43509,169.240383
43510,169.240284
43511,169.240185
43512,169.240085
43513,169.239986
43514,169.239887
43515,169.239788
43516,169.239689
43517,169.239590
43518,169.239491
43519,169.239392
43520,169.239293
43521,169.239194
43522,169.239095
43523,169.238996
43524,169.238897
43525,169.238798
43526,169.238699
43527,169.238600
43528,169.238502
43529,169.238403
43530,169.238304
43531,169.238205
43532,169.238106
43533,169.238007
43534,169.237908
43535,169.237809
43536,169.237710
43537,169.237611
43538,169.237513
43539,169.237414
43540,169.237315
43541,169.237216
43542,169.237117
43543,169.237018
43544,169.236920
43545,169.236821
43546,169.236722
43547,169.236623
43548,169.236525
43549,169.236426
43550,169.236327
43551,169.236228
43552,169.236130
43553,169.236031
43554,169.235932
43555,169.235833
43556,169.235735
43557,169.235636
43558,169.235537
43559,169.235439
43560,169.235340
43561,169.235241
43562,169.235143
43563,169.235044
43564,169.234945
43565,169.234847
43566,169.234748
43567,169.234650
43568,169.234551
43569,169.234452
43570,169.234354
43571,169.234255
43572,169.234157
43573,169.234058
43574,169.233960
43575,169.233861
43576,169.233762
43577,169.233664
43578,169.233565
43579,169.233467
43580,169.233368
43581,169.233270
43582,169.233171
43583,169.233073
43584,169.232975
43585,169.232876
43586,169.232778
43587,169.232679
43588,169.232581
43589,169.232482
43590,169.232384
43591,169.232286
43592,169.232187
43593,169.232089
43594,169.231990
43595,169.231892
43596,169.231794
43597,169.231695
43598,169.231597
43599,169.231499
43600,169.231400
43601,169.231302
43602,169.231204
43603,169.231105
43604,169.231007
43605,169.230909
43606,169.230810
43607,169.230712
43608,169.230614
43609,169.230516
43610,169.230417
43611,169.230319
43612,169.230221
43613,169.230123
43614,169.230024
43615,169.229926
43616,169.229828
43617,169.229730
43618,169.229632
43619,169.229533
43620,169.229435
43621,169.229337
43622,169.229239
43623,169.229141
43624,169.229043
43625,169.228945
43626,169.228846
43627,169.228748
43628,169.228650
43629,169.228552
43630,169.228454
43631,169.228356
43632,169.228258
43633,169.228160
43634,169.228062
43635,169.227964
43636,169.227866
43637,169.227768
43638,169.227670
43639,169.227572
43640,169.227474
43641,169.227376
43642,169.227278
43643,169.227180
43644,169.227082
43645,169.226984
43646,169.226886
43647,169.226788
43648,169.226690
43649,169.226592
43650,169.226494
43651,169.226396
43652,169.226298
43653,169.226200
43654,169.226103
43655,169.226005
43656,169.225907
43657,169.225809
43658,169.225711
43659,169.225613
43660,169.225515
43661,169.225418
43662,169.225320
43663,169.225222
43664,169.225124
43665,169.225026
43666,169.224929
43667,169.224831
43668,169.224733
43669,169.224635
43670,169.224538
43671,169.224440
43672,169.224342
43673,169.224244
43674,169.224147
43675,169.224049
43676,169.223951
43677,169.223854
43678,169.223756
43679,169.223658
43680,169.223561
43681,169.223463
43682,169.223365
43683,169.223268
43684,169.223170
43685,169.223072
43686,169.222975
43687,169.222877
43688,169.222780
43689,169.222682
43690,169.222584
43691,169.222487
43692,169.222389
43693,169.222292
43694,169.222194
43695,169.222097
43696,169.221999
43697,169.221901
43698,169.221804
43699,169.221706
43700,169.221609
43701,169.221511
43702,169.221414
43703,169.221316
43704,169.221219
43705,169.221122
43706,169.221024
43707,169.220927
43708,169.220829
43709,169.220732
43710,169.220634
43711,169.220537
43712,169.220440
43713,169.220342
43714,169.220245
43715,169.220147
43716,169.220050
43717,169.219953
43718,169.219855
43719,169.219758
43720,169.219661
43721,169.219563
43722,169.219466
43723,169.219369
43724,169.219271
43725,169.219174
43726,169.219077
43727,169.218979
43728,169.218882
43729,169.218785
43730,169.218688
43731,169.218590
43732,169.218493
43733,169.218396
43734,169.218299
43735,169.218202
43736,169.218104
43737,169.218007
43738,169.217910
43739,169.217813
43740,169.217716
43741,169.217618
43742,169.217521
43743,169.217424
43744,169.217327
43745,169.217230
43746,169.217133
43747,169.217036
43748,169.216938
43749,169.216841
43750,169.216744
43751,169.216647
43752,169.216550
43753,169.216453
43754,169.216356
43755,169.216259
43756,169.216162
43757,169.216065
43758,169.215968
43759,169.215871
43760,169.215774
43761,169.215677
43762,169.215580
43763,169.215483
43764,169.215386
43765,169.215289
43766,169.215192
43767,169.215095
43768,169.214998
43769,169.214901
43770,169.214804
43771,169.214707
43772,169.214610
43773,169.214513
43774,169.214417
43775,169.214320
43776,169.214223
43777,169.214126
43778,169.214029
43779,169.213932
43780,169.213835
43781,169.213739
43782,169.213642
43783,169.213545
43784,169.213448
43785,169.213351
43786,169.213255
43787,169.213158
43788,169.213061
43789,169.212964
43790,169.212867
43791,169.212771
43792,169.212674
43793,169.212577
43794,169.212480
43795,169.212384
43796,169.212287
43797,169.212190
43798,169.212094
43799,169.211997
43800,169.211900
43801,169.211804
43802,169.211707
43803,169.211610
43804,169.211514
43805,169.211417
43806,169.211320
43807,169.211224
43808,169.211127
43809,169.211031
43810,169.210934
43811,169.210837
43812,169.210741
43813,169.210644
43814,169.210548
43815,169.210451
43816,169.210354
43817,169.210258
43818,169.210161
43819,169.210065
43820,169.209968
43821,169.209872
43822,169.209775
43823,169.209679
43824,169.209582
43825,169.209486
43826,169.209389
43827,169.209293
43828,169.209197
43829,169.209100
43830,169.209004
43831,169.208907
43832,169.208811
43833,169.208714
43834,169.208618
43835,169.208522
43836,169.208425
43837,169.208329
43838,169.208232
43839,169.208136
43840,169.208040
43841,169.207943
43842,169.207847
43843,169.207751
43844,169.207654
43845,169.207558
43846,169.207462
43847,169.207366
43848,169.207269
43849,169.207173
43850,169.207077
43851,169.206980
43852,169.206884
43853,169.206788
43854,169.206692
43855,169.206595
43856,169.206499
43857,169.206403
43858,169.206307
43859,169.206211
43860,169.206114
43861,169.206018
43862,169.205922
43863,169.205826
43864,169.205730
43865,169.205634
43866,169.205537
43867,169.205441
43868,169.205345
43869,169.205249
43870,169.205153
43871,169.205057
43872,169.204961
43873,169.204865
43874,169.204769
43875,169.204673
43876,169.204576
43877,169.204480
43878,169.204384
43879,169.204288
43880,169.204192
43881,169.204096
43882,169.204000
43883,169.203904
43884,169.203808
43885,169.203712
43886,169.203616
43887,169.203520
43888,169.203424
43889,169.203328
43890,169.203232
43891,169.203137
43892,169.203041
43893,169.202945
43894,169.202849
43895,169.202753
43896,169.202657
43897,169.202561
43898,169.202465
43899,169.202369
43900,169.202273
43901,169.202178
43902,169.202082
43903,169.201986
43904,169.201890
43905,169.201794
43906,169.201698
43907,169.201603
43908,169.201507
43909,169.201411
43910,169.201315
43911,169.201220
43912,169.201124
43913,169.201028
43914,169.200932
43915,169.200836
43916,169.200741
43917,169.200645
43918,169.200549
43919,169.200454
43920,169.200358
43921,169.200262
43922,169.200167
43923,169.200071
43924,169.199975
43925,169.199880
43926,169.199784
43927,169.199688
43928,169.199593
43929,169.199497
43930,169.199401
43931,169.199306
43932,169.199210
43933,169.199115
43934,169.199019
43935,169.198923
43936,169.198828
43937,169.198732
43938,169.198637
43939,169.198541
43940,169.198446
43941,169.198350
43942,169.198254
43943,169.198159
43944,169.198063
43945,169.197968
43946,169.197872
43947,169.197777
43948,169.197682
43949,169.197586
43950,169.197491
43951,169.197395
43952,169.197300
43953,169.197204
43954,169.197109
43955,169.197013
43956,169.196918
43957,169.196823
43958,169.196727
43959,169.196632
43960,169.196536
43961,169.196441
43962,169.196346
43963,169.196250
43964,169.196155
43965,169.196060
43966,169.195964
43967,169.195869
43968,169.195774
43969,169.195678
43970,169.195583
43971,169.195488
43972,169.195393
43973,169.195297
43974,169.195202
43975,169.195107
43976,169.195011
43977,169.194916
43978,169.194821
43979,169.194726
43980,169.194631
43981,169.194535
43982,169.194440
43983,169.194345
43984,169.194250
43985,169.194155
43986,169.194059
43987,169.193964
43988,169.193869
43989,169.193774
43990,169.193679
43991,169.193584
43992,169.193489
43993,169.193393
43994,169.193298
43995,169.193203
43996,169.193108
43997,169.193013
43998,169.192918
43999,169.192823
44000,169.192728
44001,169.192633
44002,169.192538
44003,169.192443
44004,169.192348
44005,169.192253
44006,169.192158
44007,169.192063
44008,169.191968
44009,169.191873
44010,169.191778
44011,169.191683
44012,169.191588
44013,169.191493
44014,169.191398
44015,169.191303
44016,169.191208
44017,169.191113
44018,169.191018
44019,169.190923
44020,169.190828
44021,169.190734
44022,169.190639
44023,169.190544
44024,169.190449
44025,169.190354
44026,169.190259
44027,169.190164
44028,169.190070
44029,169.189975
44030,169.189880
44031,169.189785
44032,169.189690
44033,169.189596
44034,169.189501
44035,169.189406
44036,169.189311
44037,169.189216
44038,169.189122
44039,169.189027
44040,169.188932
44041,169.188838
44042,169.188743
44043,169.188648
44044,169.188553
44045,169.188459
44046,169.188364
44047,169.188269
44048,169.188175
44049,169.188080
44050,169.187985
44051,169.187891
44052,169.187796
44053,169.187701
44054,169.187607
44055,169.187512
44056,169.187418
44057,169.187323
44058,169.187228
44059,169.187134
44060,169.187039
44061,169.186945
44062,169.186850
44063,169.186756
44064,169.186661
44065,169.186567
44066,169.186472
44067,169.186377
44068,169.186283
44069,169.186188
44070,169.186094
44071,169.185999
44072,169.185905
44073,169.185811
44074,169.185716
44075,169.185622
44076,169.185527
44077,169.185433
44078,169.185338
44079,169.185244
44080,169.185149
44081,169.185055
44082,169.184961
44083,169.184866
44084,169.184772
44085,169.184678
44086,169.184583
44087,169.184489
44088,169.184394
44089,169.184300
44090,169.184206
44091,169.184111
44092,169.184017
44093,169.183923
44094,169.183828
44095,169.183734
44096,169.183640
44097,169.183546
44098,169.183451
44099,169.183357
44100,169.183263
44101,169.183169
44102,169.183074
44103,169.182980
44104,169.182886
44105,169.182792
44106,169.182697
44107,169.182603
44108,169.182509
44109,169.182415
44110,169.182321
44111,169.182227
44112,169.182132
44113,169.182038
44114,169.181944
44115,169.181850
44116,169.181756
44117,169.181662
44118,169.181568
44119,169.181474
44120,169.181379
44121,169.181285
44122,169.181191
44123,169.181097
44124,169.181003
44125,169.180909
44126,169.180815
44127,169.180721
44128,169.180627
44129,169.180533
44130,169.180439
44131,169.180345
44132,169.180251
44133,169.180157
44134,169.180063
44135,169.179969
44136,169.179875
44137,169.179781
44138,169.179687
44139,169.179593
44140,169.179499
44141,169.179405
44142,169.179311
44143,169.179217
44144,169.179124
44145,169.179030
44146,169.178936
44147,169.178842
44148,169.178748
44149,169.178654
44150,169.178560
44151,169.178466
44152,169.178373
44153,169.178279
44154,169.178185
44155,169.178091
44156,169.177997
44157,169.177904
44158,169.177810
44159,169.177716
44160,169.177622
44161,169.177528
44162,169.177435
44163,169.177341
44164,169.177247
44165,169.177153
44166,169.177060
44167,169.176966
44168,169.176872
44169,169.176779
44170,169.176685
44171,169.176591
44172,169.176497
44173,169.176404
44174,169.176310
44175,169.176216
44176,169.176123
44177,169.176029
44178,169.175936
44179,169.175842
44180,169.175748
44181,169.175655
44182,169.175561
44183,169.175467
44184,169.175374
44185,169.175280
44186,169.175187
44187,169.175093
44188,169.175000
44189,169.174906
44190,169.174813
44191,169.174719
44192,169.174625
44193,169.174532
44194,169.174438
44195,169.174345
44196,169.174251
44197,169.174158
44198,169.174065
44199,169.173971
44200,169.173878
44201,169.173784
44202,169.173691
44203,169.173597
44204,169.173504
44205,169.173410
44206,169.173317
44207,169.173224
44208,169.173130
44209,169.173037
44210,169.172943
44211,169.172850
44212,169.172757
44213,169.172663
44214,169.172570
44215,169.172477
44216,169.172383
44217,169.172290
44218,169.172197
44219,169.172103
44220,169.172010
44221,169.171917
44222,169.171823
44223,169.171730
44224,169.171637
44225,169.171544
44226,169.171450
44227,169.171357
44228,169.171264
44229,169.171171
44230,169.171077
44231,169.170984
44232,169.170891
44233,169.170798
44234,169.170705
44235,169.170611
44236,169.170518
44237,169.170425
44238,169.170332
44239,169.170239
44240,169.170146
44241,169.170053
44242,169.169959
44243,169.169866
44244,169.169773
44245,169.169680
44246,169.169587
44247,169.169494
44248,169.169401
44249,169.169308
44250,169.169215
44251,169.169122
44252,169.169029
44253,169.168936
44254,169.168842
44255,169.168749
44256,169.168656
44257,169.168563
44258,169.168470
44259,169.168377
44260,169.168284
44261,169.168191
44262,169.168098
44263,169.168006
44264,169.167913
44265,169.167820
44266,169.167727
44267,169.167634
44268,169.167541
44269,169.167448
44270,169.167355
44271,169.167262
44272,169.167169
44273,169.167076
44274,169.166983
44275,169.166891
44276,169.166798
44277,169.166705
44278,169.166612
44279,169.166519
44280,169.166426
44281,169.166334
44282,169.166241
44283,169.166148
44284,169.166055
44285,169.165962
44286,169.165870
44287,169.165777
44288,169.165684
44289,169.165591
44290,169.165499
44291,169.165406
44292,169.165313
44293,169.165220
44294,169.165128
44295,169.165035
44296,169.164942
44297,169.164849
44298,169.164757
44299,169.164664
44300,169.164571
44301,169.164479
44302,169.164386
44303,169.164293
44304,169.164201
44305,169.164108
44306,169.164016
44307,169.163923
44308,169.163830
44309,169.163738
44310,169.163645
44311,169.163553
44312,169.163460
44313,169.163367
44314,169.163275
44315,169.163182
44316,169.163090
44317,169.162997
44318,169.162905
44319,169.162812
44320,169.162720
44321,169.162627
44322,169.162535
44323,169.162442
44324,169.162350
44325,169.162257
44326,169.162165
44327,169.162072
44328,169.161980
44329,169.161887
44330,169.161795
44331,169.161702
44332,169.161610
44333,169.161518
44334,169.161425
44335,169.161333
44336,169.161240
44337,169.161148
44338,169.161056
44339,169.160963
44340,169.160871
44341,169.160779
44342,169.160686
44343,169.160594
44344,169.160502
44345,169.160409
44346,169.160317
44347,169.160225
44348,169.160132
44349,169.160040
44350,169.159948
44351,169.159856
44352,169.159763
44353,169.159671
44354,169.159579
44355,169.159487
44356,169.159394
44357,169.159302
44358,169.159210
44359,169.159118
44360,169.159025
44361,169.158933
44362,169.158841
44363,169.158749
44364,169.158657
44365,169.158565
44366,169.158472
44367,169.158380
44368,169.158288
44369,169.158196
44370,169.158104
44371,169.158012
44372,169.157920
44373,169.157828
44374,169.157735
44375,169.157643
44376,169.157551
44377,169.157459
44378,169.157367
44379,169.157275
44380,169.157183
44381,169.157091
44382,169.156999
44383,169.156907
44384,169.156815
44385,169.156723
44386,169.156631
44387,169.156539
44388,169.156447
44389,169.156355
44390,169.156263
44391,169.156171
44392,169.156079
44393,169.155987
44394,169.155895
44395,169.155803
44396,169.155711
44397,169.155619
44398,169.155528
44399,169.155436
44400,169.155344
44401,169.155252
44402,169.155160
44403,169.155068
44404,169.154976
44405,169.154884
44406,169.154793
44407,169.154701
44408,169.154609
44409,169.154517
44410,169.154425
44411,169.154333
44412,169.154242
44413,169.154150
44414,169.154058
44415,169.153966
44416,169.153875
44417,169.153783
44418,169.153691
44419,169.153599
44420,169.153508
44421,169.153416
44422,169.153324
44423,169.153232
44424,169.153141
44425,169.153049
44426,169.152957
44427,169.152866
44428,169.152774
44429,169.152682
44430,169.152591
44431,169.152499
44432,169.152407
44433,169.152316
44434,169.152224
44435,169.152132
44436,169.152041
44437,169.151949
44438,169.151858
44439,169.151766
44440,169.151674
44441,169.151583
44442,169.151491
44443,169.151400
44444,169.151308
44445,169.151217
44446,169.151125
44447,169.151034
44448,169.150942
44449,169.150851
44450,169.150759
44451,169.150668
44452,169.150576
44453,169.150485
44454,169.150393
44455,169.150302
44456,169.150210
44457,169.150119
44458,169.150027
44459,169.149936
44460,169.149844
44461,169.149753
44462,169.149662
44463,169.149570
44464,169.149479
44465,169.149387
44466,169.149296
44467,169.149205
44468,169.149113
44469,169.149022
44470,169.148931
44471,169.148839
44472,169.148748
44473,169.148657
44474,169.148565
44475,169.148474
44476,169.148383
44477,169.148291
44478,169.148200
44479,169.148109
44480,169.148018
44481,169.147926
44482,169.147835
44483,169.147744
44484,169.147653
44485,169.147561
44486,169.147470
44487,169.147379
44488,169.147288
44489,169.147196
44490,169.147105
44491,169.147014
44492,169.146923
44493,169.146832
44494,169.146741
44495,169.146649
44496,169.146558
44497,169.146467
44498,169.146376
44499,169.146285
44500,169.146194
44501,169.146103
44502,169.146012
44503,169.145920
44504,169.145829
44505,169.145738
44506,169.145647
44507,169.145556
44508,169.145465
44509,169.145374
44510,169.145283
44511,169.145192
44512,169.145101
44513,169.145010
44514,169.144919
44515,169.144828
44516,169.144737
44517,169.144646
44518,169.144555
44519,169.144464
44520,169.144373
44521,169.144282
44522,169.144191
44523,169.144100
44524,169.144009
44525,169.143918
44526,169.143827
44527,169.143737
44528,169.143646
44529,169.143555
44530,169.143464
44531,169.143373
44532,169.143282
44533,169.143191
44534,169.143100
44535,169.143010
44536,169.142919
44537,169.142828
44538,169.142737
44539,169.142646
44540,169.142555
44541,169.142465
44542,169.142374
44543,169.142283
44544,169.142192
44545,169.142101
44546,169.142011
44547,169.141920
44548,169.141829
44549,169.141738
44550,169.141648
44551,169.141557
44552,169.141466
44553,169.141376
44554,169.141285
44555,169.141194
44556,169.141104
44557,169.141013
44558,169.140922
44559,169.140832
44560,169.140741
44561,169.140650
44562,169.140560
44563,169.140469
44564,169.140378
44565,169.140288
44566,169.140197
44567,169.140106
44568,169.140016
44569,169.139925
44570,169.139835
44571,169.139744
44572,169.139654
44573,169.139563
44574,169.139472
44575,169.139382
44576,169.139291
44577,169.139201
44578,169.139110
44579,169.139020
44580,169.138929
44581,169.138839
44582,169.138748
44583,169.138658
44584,169.138567
44585,169.138477
44586,169.138387
44587,169.138296
44588,169.138206
44589,169.138115
44590,169.138025
44591,169.137934
44592,169.137844
44593,169.137754
44594,169.137663
44595,169.137573
44596,169.137482
44597,169.137392
44598,169.137302
44599,169.137211
44600,169.137121
44601,169.137031
44602,169.136940
44603,169.136850
44604,169.136760
44605,169.136669
44606,169.136579
44607,169.136489
44608,169.136398
44609,169.136308
44610,169.136218
44611,169.136128
44612,169.136037
44613,169.135947
44614,169.135857
44615,169.135767
44616,169.135676
44617,169.135586
44618,169.135496
44619,169.135406
44620,169.135316
44621,169.135225
44622,169.135135
44623,169.135045
44624,169.134955
44625,169.134865
44626,169.134775
44627,169.134684
44628,169.134594
44629,169.134504
44630,169.134414
44631,169.134324
44632,169.134234
44633,169.134144
44634,169.134054
44635,169.133964
44636,169.133873
44637,169.133783
44638,169.133693
44639,169.133603
44640,169.133513
44641,169.133423
44642,169.133333
44643,169.133243
44644,169.133153
44645,169.133063
44646,169.132973
44647,169.132883
44648,169.132793
44649,169.132703
44650,169.132613
44651,169.132523
44652,169.132433
44653,169.132343
44654,169.132253
44655,169.132163
44656,169.132074
44657,169.131984
44658,169.131894
44659,169.131804
44660,169.131714
44661,169.131624
44662,169.131534
44663,169.131444
44664,169.131354
44665,169.131265
44666,169.131175
44667,169.131085
44668,169.130995
44669,169.130905
44670,169.130815
44671,169.130726
44672,169.130636
44673,169.130546
44674,169.130456
44675,169.130366
44676,169.130277
44677,169.130187
44678,169.130097
44679,169.130007
44680,169.129918
44681,169.129828
44682,169.129738
44683,169.129649
44684,169.129559
44685,169.129469
44686,169.129379
44687,169.129290
44688,169.129200
44689,169.129110
44690,169.129021
44691,169.128931
44692,169.128841
44693,169.128752
44694,169.128662
44695,169.128573
44696,169.128483
44697,169.128393
44698,169.128304
44699,169.128214
44700,169.128124
44701,169.128035
44702,169.127945
44703,169.127856
44704,169.127766
44705,169.127677
44706,169.127587
44707,169.127498
44708,169.127408
44709,169.127319
44710,169.127229
44711,169.127140
44712,169.127050
44713,169.126961
44714,169.126871
44715,169.126782
44716,169.126692
44717,169.126603
44718,169.126513
44719,169.126424
44720,169.126334
44721,169.126245
44722,169.126155
44723,169.126066
44724,169.125977
44725,169.125887
44726,169.125798
44727,169.125708
44728,169.125619
44729,169.125530
44730,169.125440
44731,169.125351
44732,169.125262
44733,169.125172
44734,169.125083
44735,169.124994
44736,169.124904
44737,169.124815
44738,169.124726
44739,169.124636
44740,169.124547
44741,169.124458
44742,169.124369
44743,169.124279
44744,169.124190
44745,169.124101
44746,169.124012
44747,169.123922
44748,169.123833
44749,169.123744
44750,169.123655
44751,169.123566
44752,169.123476
44753,169.123387
44754,169.123298
44755,169.123209
44756,169.123120
44757,169.123030
44758,169.122941
44759,169.122852
44760,169.122763
44761,169.122674
44762,169.122585
44763,169.122496
44764,169.122407
44765,169.122317
44766,169.122228
44767,169.122139
44768,169.122050
44769,169.121961
44770,169.121872
44771,169.121783
44772,169.121694
44773,169.121605
44774,169.121516
44775,169.121427
44776,169.121338
44777,169.121249
44778,169.121160
44779,169.121071
44780,169.120982
44781,169.120893
44782,169.120804
44783,169.120715
44784,169.120626
44785,169.120537
44786,169.120448
44787,169.120359
44788,169.120270
44789,169.120181
44790,169.120092
44791,169.120004
44792,169.119915
44793,169.119826
44794,169.119737
44795,169.119648
44796,169.119559
44797,169.119470
44798,169.119381
44799,169.119293
44800,169.119204
44801,169.119115
44802,169.119026
44803,169.118937
44804,169.118849
44805,169.118760
44806,169.118671
44807,169.118582
44808,169.118493
44809,169.118405
44810,169.118316
44811,169.118227
44812,169.118138
44813,169.118050
44814,169.117961
44815,169.117872
44816,169.117784
44817,169.117695
44818,169.117606
44819,169.117517
44820,169.117429
44821,169.117340
44822,169.117251
44823,169.117163
44824,169.117074
44825,169.116985
44826,169.116897
44827,169.116808
44828,169.116720
44829,169.116631
44830,169.116542
44831,169.116454
44832,169.116365
44833,169.116277
44834,169.116188
44835,169.116099
44836,169.116011
44837,169.115922
44838,169.115834
44839,169.115745
44840,169.115657
44841,169.115568
44842,169.115480
44843,169.115391
44844,169.115303
44845,169.115214
44846,169.115126
44847,169.115037
44848,169.114949
44849,169.114860
44850,169.114772
44851,169.114683
44852,169.114595
44853,169.114506
44854,169.114418
44855,169.114330
44856,169.114241
44857,169.114153
44858,169.114064
44859,169.113976
44860,169.113888
44861,169.113799
44862,169.113711
44863,169.113622
44864,169.113534
44865,169.113446
44866,169.113357
44867,169.113269
44868,169.113181
44869,169.113092
44870,169.113004
44871,169.112916
44872,169.112827
44873,169.112739
44874,169.112651
44875,169.112563
44876,169.112474
44877,169.112386
44878,169.112298
44879,169.112210
44880,169.112121
44881,169.112033
44882,169.111945
44883,169.111857
44884,169.111769
44885,169.111680
44886,169.111592
44887,169.111504
44888,169.111416
44889,169.111328
44890,169.111239
44891,169.111151
44892,169.111063
44893,169.110975
44894,169.110887
44895,169.110799
44896,169.110711
44897,169.110623
44898,169.110534
44899,169.110446
44900,169.110358
44901,169.110270
44902,169.110182
44903,169.110094
44904,169.110006
44905,169.109918
44906,169.109830
44907,169.109742
44908,169.109654
44909,169.109566
44910,169.109478
44911,169.109390
44912,169.109302
44913,169.109214
44914,169.109126
44915,169.109038
44916,169.108950
44917,169.108862
44918,169.108774
44919,169.108686
44920,169.108598
44921,169.108510
44922,169.108422
44923,169.108334
44924,169.108246
44925,169.108159
44926,169.108071
44927,169.107983
44928,169.107895
44929,169.107807
44930,169.107719
44931,169.107631
44932,169.107543
44933,169.107456
44934,169.107368
44935,169.107280
44936,169.107192
44937,169.107104
44938,169.107017
44939,169.106929
44940,169.106841
44941,169.106753
44942,169.106665
44943,169.106578
44944,169.106490
44945,169.106402
44946,169.106314
44947,169.106227
44948,169.106139
44949,169.106051
44950,169.105963
44951,169.105876
44952,169.105788
44953,169.105700
44954,169.105613
44955,169.105525
44956,169.105437
44957,169.105350
44958,169.105262
44959,169.105174
44960,169.105087
44961,169.104999
44962,169.104911
44963,169.104824
44964,169.104736
44965,169.104649
44966,169.104561
44967,169.104473
44968,169.104386
44969,169.104298
44970,169.104211
44971,169.104123
44972,169.104036
44973,169.103948
44974,169.103861
44975,169.103773
44976,169.103685
44977,169.103598
44978,169.103510
44979,169.103423
44980,169.103335
44981,169.103248
44982,169.103161
44983,169.103073
44984,169.102986
44985,169.102898
44986,169.102811
44987,169.102723
44988,169.102636
44989,169.102548
44990,169.102461
44991,169.102374
44992,169.102286
44993,169.102199
44994,169.102111
44995,169.102024
44996,169.101937
44997,169.101849
44998,169.101762
44999,169.101675
45000,169.101587
45001,169.101500
45002,169.101413
45003,169.101325
45004,169.101238
45005,169.101151
45006,169.101063
45007,169.100976
45008,169.100889
45009,169.100801
45010,169.100714
45011,169.100627
45012,169.100540
45013,169.100452
45014,169.100365
45015,169.100278
45016,169.100191
45017,169.100103
45018,169.100016
45019,169.099929
45020,169.099842
45021,169.099755
45022,169.099667
45023,169.099580
45024,169.099493
45025,169.099406
45026,169.099319
45027,169.099232
45028,169.099145
45029,169.099057
45030,169.098970
45031,169.098883
45032,169.098796
45033,169.098709
45034,169.098622
45035,169.098535
45036,169.098448
45037,169.098361
45038,169.098274
45039,169.098187
45040,169.098099
45041,169.098012
45042,169.097925
45043,169.097838
45044,169.097751
45045,169.097664
45046,169.097577
45047,169.097490
45048,169.097403
45049,169.097316
45050,169.097229
45051,169.097142
45052,169.097055
45053,169.096968
45054,169.096882
45055,169.096795
45056,169.096708
45057,169.096621
45058,169.096534
45059,169.096447
45060,169.096360
45061,169.096273
45062,169.096186
45063,169.096099
45064,169.096012
45065,169.095926
45066,169.095839
45067,169.095752
45068,169.095665
45069,169.095578
45070,169.095491
45071,169.095405
45072,169.095318
45073,169.095231
45074,169.095144
45075,169.095057
45076,169.094971
45077,169.094884
45078,169.094797
45079,169.094710
45080,169.094623
45081,169.094537
45082,169.094450
45083,169.094363
45084,169.094277
45085,169.094190
45086,169.094103
45087,169.094016
45088,169.093930
45089,169.093843
45090,169.093756
45091,169.093670
45092,169.093583
45093,169.093496
45094,169.093410
45095,169.093323
45096,169.093236
45097,169.093150
45098,169.093063
45099,169.092977
45100,169.092890
45101,169.092803
45102,169.092717
45103,169.092630
45104,169.092544
45105,169.092457
45106,169.092370
45107,169.092284
45108,169.092197
45109,169.092111
45110,169.092024
45111,169.091938
45112,169.091851
45113,169.091765
45114,169.091678
45115,169.091592
45116,169.091505
45117,169.091419
45118,169.091332
45119,169.091246
45120,169.091159
45121,169.091073
45122,169.090986
45123,169.090900
45124,169.090813
45125,169.090727
45126,169.090641
45127,169.090554
45128,169.090468
45129,169.090381
45130,169.090295
45131,169.090209
45132,169.090122
45133,169.090036
45134,169.089950
45135,169.089863
45136,169.089777
45137,169.089691
45138,169.089604
45139,169.089518
45140,169.089432
45141,169.089345
45142,169.089259
45143,169.089173
45144,169.089086
45145,169.089000
45146,169.088914
45147,169.088828
45148,169.088741
45149,169.088655
45150,169.088569
45151,169.088483
45152,169.088396
45153,169.088310
45154,169.088224
45155,169.088138
45156,169.088051
45157,169.087965
45158,169.087879
45159,169.087793
45160,169.087707
45161,169.087621
45162,169.087534
45163,169.087448
45164,169.087362
45165,169.087276
45166,169.087190
45167,169.087104
45168,169.087018
45169,169.086932
45170,169.086845
45171,169.086759
45172,169.086673
45173,169.086587
45174,169.086501
45175,169.086415
45176,169.086329
45177,169.086243
45178,169.086157
45179,169.086071
45180,169.085985
45181,169.085899
45182,169.085813
45183,169.085727
45184,169.085641
45185,169.085555
45186,169.085469
45187,169.085383
45188,169.085297
45189,169.085211
45190,169.085125
45191,169.085039
45192,169.084953
45193,169.084867
45194,169.084781
45195,169.084695
45196,169.084609
45197,169.084524
45198,169.084438
45199,169.084352
45200,169.084266
45201,169.084180
45202,169.084094
45203,169.084008
45204,169.083922
45205,169.083837
45206,169.083751
45207,169.083665
45208,169.083579
45209,169.083493
45210,169.083407
45211,169.083322
45212,169.083236
45213,169.083150
45214,169.083064
45215,169.082979
45216,169.082893
45217,169.082807
45218,169.082721
45219,169.082636
45220,169.082550
45221,169.082464
45222,169.082378
45223,169.082293
45224,169.082207
45225,169.082121
45226,169.082036
45227,169.081950
45228,169.081864
45229,169.081778
45230,169.081693
45231,169.081607
45232,169.081522
45233,169.081436
45234,169.081350
45235,169.081265
45236,169.081179
45237,169.081093
45238,169.081008
45239,169.080922
45240,169.080837
45241,169.080751
45242,169.080665
45243,169.080580
45244,169.080494
45245,169.080409
45246,169.080323
45247,169.080238
45248,169.080152
45249,169.080067
45250,169.079981
45251,169.079896
45252,169.079810
45253,169.079725
45254,169.079639
45255,169.079554
45256,169.079468
45257,169.079383
45258,169.079297
45259,169.079212
45260,169.079126
45261,169.079041
45262,169.078955
45263,169.078870
45264,169.078785
45265,169.078699
45266,169.078614
45267,169.078528
45268,169.078443
45269,169.078358
45270,169.078272
45271,169.078187
45272,169.078101
45273,169.078016
45274,169.077931
45275,169.077845
45276,169.077760
45277,169.077675
45278,169.077589
45279,169.077504
45280,169.077419
45281,169.077334
45282,169.077248
45283,169.077163
45284,169.077078
45285,169.076992
45286,169.076907
45287,169.076822
45288,169.076737
45289,169.076651
45290,169.076566
45291,169.076481
45292,169.076396
45293,169.076311
45294,169.076225
45295,169.076140
45296,169.076055
45297,169.075970
45298,169.075885
45299,169.075799
45300,169.075714
45301,169.075629
45302,169.075544
45303,169.075459
45304,169.075374
45305,169.075289
45306,169.075204
45307,169.075118
45308,169.075033
45309,169.074948
45310,169.074863
45311,169.074778
45312,169.074693
45313,169.074608
45314,169.074523
45315,169.074438
45316,169.074353
45317,169.074268
45318,169.074183
45319,169.074098
45320,169.074013
45321,169.073928
45322,169.073843
45323,169.073758
45324,169.073673
45325,169.073588
45326,169.073503
45327,169.073418
45328,169.073333
45329,169.073248
45330,169.073163
45331,169.073078
45332,169.072993
45333,169.072908
45334,169.072823
45335,169.072738
45336,169.072653
45337,169.072569
45338,169.072484
45339,169.072399
45340,169.072314
45341,169.072229
45342,169.072144
45343,169.072059
45344,169.071975
45345,169.071890
45346,169.071805
45347,169.071720
45348,169.071635
45349,169.071550
45350,169.071466
45351,169.071381
45352,169.071296
45353,169.071211
45354,169.071126
45355,169.071042
45356,169.070957
45357,169.070872
45358,169.070787
45359,169.070703
45360,169.070618
45361,169.070533
45362,169.070449
45363,169.070364
45364,169.070279
45365,169.070194
45366,169.070110
45367,169.070025
45368,169.069940
45369,169.069856
45370,169.069771
45371,169.069686
45372,169.069602
45373,169.069517
45374,169.069433
45375,169.069348
45376,169.069263
45377,169.069179
45378,169.069094
45379,169.069010
45380,169.068925
45381,169.068840
45382,169.068756
45383,169.068671
45384,169.068587
45385,169.068502
45386,169.068418
45387,169.068333
45388,169.068249
45389,169.068164
45390,169.068080
45391,169.067995
45392,169.067910
45393,169.067826
45394,169.067742
45395,169.067657
45396,169.067573
45397,169.067488
45398,169.067404
45399,169.067319
45400,169.067235
45401,169.067150
45402,169.067066
45403,169.066981
45404,169.066897
45405,169.066813
45406,169.066728
45407,169.066644
45408,169.066559
45409,169.066475
45410,169.066391
45411,169.066306
45412,169.066222
45413,169.066138
45414,169.066053
45415,169.065969
45416,169.065885
45417,169.065800
45418,169.065716
45419,169.065632
45420,169.065547
45421,169.065463
45422,169.065379
45423,169.065295
45424,169.065210
45425,169.065126
45426,169.065042
45427,169.064958
45428,169.064873
45429,169.064789
45430,169.064705
45431,169.064621
45432,169.064536
45433,169.064452
45434,169.064368
45435,169.064284
45436,169.064200
45437,169.064115
45438,169.064031
45439,169.063947
45440,169.063863
45441,169.063779
45442,169.063695
45443,169.063611
45444,169.063526
45445,169.063442
45446,169.063358
45447,169.063274
45448,169.063190
45449,169.063106
45450,169.063022
45451,169.062938
45452,169.062854
45453,169.062770
45454,169.062685
45455,169.062601
45456,169.062517
45457,169.062433
45458,169.062349
45459,169.062265
45460,169.062181
45461,169.062097
45462,169.062013
45463,169.061929
45464,169.061845
45465,169.061761
45466,169.061677
45467,169.061593
45468,169.061509
45469,169.061425
45470,169.061342
45471,169.061258
45472,169.061174
45473,169.061090
45474,169.061006
45475,169.060922
45476,169.060838
45477,169.060754
45478,169.060670
45479,169.060586
45480,169.060502
45481,169.060419
45482,169.060335
45483,169.060251
45484,169.060167
45485,169.060083
45486,169.059999
45487,169.059916
45488,169.059832
45489,169.059748
45490,169.059664
45491,169.059580
45492,169.059497
45493,169.059413
45494,169.059329
45495,169.059245
45496,169.059161
45497,169.059078
45498,169.058994
45499,169.058910
45500,169.058826
45501,169.058743
45502,169.058659
45503,169.058575
45504,169.058492
45505,169.058408
45506,169.058324
45507,169.058241
45508,169.058157
45509,169.058073
45510,169.057990
45511,169.057906
45512,169.057822
45513,169.057739
45514,169.057655
45515,169.057571
45516,169.057488
45517,169.057404
45518,169.057321
45519,169.057237
45520,169.057153
45521,169.057070
45522,169.056986
45523,169.056903
45524,169.056819
45525,169.056736
45526,169.056652
45527,169.056568
45528,169.056485
45529,169.056401
45530,169.056318
45531,169.056234
45532,169.056151
45533,169.056067
45534,169.055984
45535,169.055900
45536,169.055817
45537,169.055733
45538,169.055650
45539,169.055566
45540,169.055483
45541,169.055400
45542,169.055316
45543,169.055233
45544,169.055149
45545,169.055066
45546,169.054982
45547,169.054899
45548,169.054816
45549,169.054732
45550,169.054649
45551,169.054566
45552,169.054482
45553,169.054399
45554,169.054315
45555,169.054232
45556,169.054149
45557,169.054065
45558,169.053982
45559,169.053899
45560,169.053816
45561,169.053732
45562,169.053649
45563,169.053566
45564,169.053482
45565,169.053399
45566,169.053316
45567,169.053233
45568,169.053149
45569,169.053066
45570,169.052983
45571,169.052900
45572,169.052816
45573,169.052733
45574,169.052650
45575,169.052567
45576,169.052484
45577,169.052400
45578,169.052317
45579,169.052234
45580,169.052151
45581,169.052068
45582,169.051985
45583,169.051901
45584,169.051818
45585,169.051735
45586,169.051652
45587,169.051569
45588,169.051486
45589,169.051403
45590,169.051320
45591,169.051236
45592,169.051153
45593,169.051070
45594,169.050987
45595,169.050904
45596,169.050821
45597,169.050738
45598,169.050655
45599,169.050572
45600,169.050489
45601,169.050406
45602,169.050323
45603,169.050240
45604,169.050157
45605,169.050074
45606,169.049991
45607,169.049908
45608,169.049825
45609,169.049742
45610,169.049659
45611,169.049576
45612,169.049493
45613,169.049410
45614,169.049327
45615,169.049244
45616,169.049161
45617,169.049079
45618,169.048996
45619,169.048913
45620,169.048830
45621,169.048747
45622,169.048664
45623,169.048581
45624,169.048498
45625,169.048416
45626,169.048333
45627,169.048250
45628,169.048167
45629,169.048084
45630,169.048001
45631,169.047919
45632,169.047836
45633,169.047753
45634,169.047670
45635,169.047587
45636,169.047505
45637,169.047422
45638,169.047339
45639,169.047256
45640,169.047174
45641,169.047091
45642,169.047008
45643,169.046925
45644,169.046843
45645,169.046760
45646,169.046677
45647,169.046595
45648,169.046512
45649,169.046429
45650,169.046346
45651,169.046264
45652,169.046181
45653,169.046098
45654,169.046016
45655,169.045933
45656,169.045851
45657,169.045768
45658,169.045685
45659,169.045603
45660,169.045520
45661,169.045437
45662,169.045355
45663,169.045272
45664,169.045190
45665,169.045107
45666,169.045025
45667,169.044942
45668,169.044859
45669,169.044777
45670,169.044694
45671,169.044612
45672,169.044529
45673,169.044447
45674,169.044364
45675,169.044282
45676,169.044199
45677,169.044117
45678,169.044034
45679,169.043952
45680,169.043869
45681,169.043787
45682,169.043704
45683,169.043622
45684,169.043540
45685,169.043457
45686,169.043375
45687,169.043292
45688,169.043210
45689,169.043127
45690,169.043045
45691,169.042963
45692,169.042880
45693,169.042798
45694,169.042716
45695,169.042633
45696,169.042551
45697,169.042468
45698,169.042386
45699,169.042304
45700,169.042221
45701,169.042139
45702,169.042057
45703,169.041975
45704,169.041892
45705,169.041810
45706,169.041728
45707,169.041645
45708,169.041563
45709,169.041481
45710,169.041399
45711,169.041316
45712,169.041234
45713,169.041152
45714,169.041070
45715,169.040987
45716,169.040905
45717,169.040823
45718,169.040741
45719,169.040659
45720,169.040576
45721,169.040494
45722,169.040412
45723,169.040330
45724,169.040248
45725,169.040165
45726,169.040083
45727,169.040001
45728,169.039919
45729,169.039837
45730,169.039755
45731,169.039673
45732,169.039591
45733,169.039508
45734,169.039426
45735,169.039344
45736,169.039262
45737,169.039180
45738,169.039098
45739,169.039016
45740,169.038934
45741,169.038852
45742,169.038770
45743,169.038688
45744,169.038606
45745,169.038524
45746,169.038442
45747,169.038360
45748,169.038278
45749,169.038196
45750,169.038114
45751,169.038032
45752,169.037950
45753,169.037868
45754,169.037786
45755,169.037704
45756,169.037622
45757,169.037540
45758,169.037458
45759,169.037376
45760,169.037294
45761,169.037212
45762,169.037131
45763,169.037049
45764,169.036967
45765,169.036885
45766,169.036803
45767,169.036721
45768,169.036639
45769,169.036557
45770,169.036476
45771,169.036394
45772,169.036312
45773,169.036230
45774,169.036148
45775,169.036066
45776,169.035985
45777,169.035903
45778,169.035821
45779,169.035739
45780,169.035658
45781,169.035576
45782,169.035494
45783,169.035412
45784,169.035330
45785,169.035249
45786,169.035167
45787,169.035085
45788,169.035004
45789,169.034922
45790,169.034840
45791,169.034758
45792,169.034677
45793,169.034595
45794,169.034513
45795,169.034432
45796,169.034350
45797,169.034268
45798,169.034187
45799,169.034105
45800,169.034023
45801,169.033942
45802,169.033860
45803,169.033779
45804,169.033697
45805,169.033615
45806,169.033534
45807,169.033452
45808,169.033371
45809,169.033289
45810,169.033207
45811,169.033126
45812,169.033044
45813,169.032963
45814,169.032881
45815,169.032800
45816,169.032718
45817,169.032637
45818,169.032555
45819,169.032474
45820,169.032392
45821,169.032311
45822,169.032229
45823,169.032148
45824,169.032066
45825,169.031985
45826,169.031903
45827,169.031822
45828,169.031740
45829,169.031659
45830,169.031578
45831,169.031496
45832,169.031415
45833,169.031333
45834,169.031252
45835,169.031170
45836,169.031089
45837,169.031008
45838,169.030926
45839,169.030845
45840,169.030764
45841,169.030682
45842,169.030601
45843,169.030520
45844,169.030438
45845,169.030357
45846,169.030276
45847,169.030194
45848,169.030113
45849,169.030032
45850,169.029950
45851,169.029869
45852,169.029788
45853,169.029706
45854,169.029625
45855,169.029544
45856,169.029463
45857,169.029381
45858,169.029300
45859,169.029219
45860,169.029138
45861,169.029057
45862,169.028975
45863,169.028894
45864,169.028813
45865,169.028732
45866,169.028651
45867,169.028569
45868,169.028488
45869,169.028407
45870,169.028326
45871,169.028245
45872,169.028164
45873,169.028082
45874,169.028001
45875,169.027920
45876,169.027839
45877,169.027758
45878,169.027677
45879,169.027596
45880,169.027515
45881,169.027434
45882,169.027353
45883,169.027271
45884,169.027190
45885,169.027109
45886,169.027028
45887,169.026947
45888,169.026866
45889,169.026785
45890,169.026704
45891,169.026623
45892,169.026542
45893,169.026461
45894,169.026380
45895,169.026299
45896,169.026218
45897,169.026137
45898,169.026056
45899,169.025975
45900,169.025894
45901,169.025813
45902,169.025732
45903,169.025652
45904,169.025571
45905,169.025490
45906,169.025409
45907,169.025328
45908,169.025247
45909,169.025166
45910,169.025085
45911,169.025004
45912,169.024923
45913,169.024843
45914,169.024762
45915,169.024681
45916,169.024600
45917,169.024519
45918,169.024438
45919,169.024358
45920,169.024277
45921,169.024196
45922,169.024115
45923,169.024034
45924,169.023954
45925,169.023873
45926,169.023792
45927,169.023711
45928,169.023630
45929,169.023550
45930,169.023469
45931,169.023388
45932,169.023307
45933,169.023227
45934,169.023146
45935,169.023065
45936,169.022985
45937,169.022904
45938,169.022823
45939,169.022743
45940,169.022662
45941,169.022581
45942,169.022501
45943,169.022420
45944,169.022339
45945,169.022259
45946,169.022178
45947,169.022097
45948,169.022017
45949,169.021936
45950,169.021855
45951,169.021775
45952,169.021694
45953,169.021614
45954,169.021533
45955,169.021452
45956,169.021372
45957,169.021291
45958,169.021211
45959,169.021130
45960,169.021050
45961,169.020969
45962,169.020889
45963,169.020808
45964,169.020728
45965,169.020647
45966,169.020567
45967,169.020486
45968,169.020406
45969,169.020325
45970,169.020245
45971,169.020164
45972,169.020084
45973,169.020003
45974,169.019923
45975,169.019842
45976,169.019762
45977,169.019682
45978,169.019601
45979,169.019521
45980,169.019440
45981,169.019360
45982,169.019279
45983,169.019199
45984,169.019119
45985,169.019038
45986,169.018958
45987,169.018878
45988,169.018797
45989,169.018717
45990,169.018637
45991,169.018556
45992,169.018476
45993,169.018396
45994,169.018315
45995,169.018235
45996,169.018155
45997,169.018074
45998,169.017994
45999,169.017914
46000,169.017834
46001,169.017753
46002,169.017673
46003,169.017593
46004,169.017513
46005,169.017432
46006,169.017352
46007,169.017272
46008,169.017192
46009,169.017111
46010,169.017031
46011,169.016951
46012,169.016871
46013,169.016791
46014,169.016710
46015,169.016630
46016,169.016550
46017,169.016470
46018,169.016390
46019,169.016310
46020,169.016230
46021,169.016149
46022,169.016069
46023,169.015989
46024,169.015909
46025,169.015829
46026,169.015749
46027,169.015669
46028,169.015589
46029,169.015509
46030,169.015429
46031,169.015348
46032,169.015268
46033,169.015188
46034,169.015108
46035,169.015028
46036,169.014948
46037,169.014868
46038,169.014788
46039,169.014708
46040,169.014628
46041,169.014548
46042,169.014468
46043,169.014388
46044,169.014308
46045,169.014228
46046,169.014148
46047,169.014068
46048,169.013988
46049,169.013909
46050,169.013829
46051,169.013749
46052,169.013669
46053,169.013589
46054,169.013509
46055,169.013429
46056,169.013349
46057,169.013269
46058,169.013189
46059,169.013109
46060,169.013030
46061,169.012950
46062,169.012870
46063,169.012790
46064,169.012710
46065,169.012630
46066,169.012551
46067,169.012471
46068,169.012391
46069,169.012311
46070,169.012231
46071,169.012152
46072,169.012072
46073,169.011992
46074,169.011912
46075,169.011832
46076,169.011753
46077,169.011673
46078,169.011593
46079,169.011513
46080,169.011434
46081,169.011354
46082,169.011274
46083,169.011195
46084,169.011115
46085,169.011035
46086,169.010955
46087,169.010876
46088,169.010796
46089,169.010716
46090,169.010637
46091,169.010557
46092,169.010477
46093,169.010398
46094,169.010318
46095,169.010238
46096,169.010159
46097,169.010079
46098,169.010000
46099,169.009920
46100,169.009840
46101,169.009761
46102,169.009681
46103,169.009602
46104,169.009522
46105,169.009443
46106,169.009363
46107,169.009283
46108,169.009204
46109,169.009124
46110,169.009045
46111,169.008965
46112,169.008886
46113,169.008806
46114,169.008727
46115,169.008647
46116,169.008568
46117,169.008488
46118,169.008409
46119,169.008329
46120,169.008250
46121,169.008170
46122,169.008091
46123,169.008012
46124,169.007932
46125,169.007853
46126,169.007773
46127,169.007694
46128,169.007614
46129,169.007535
46130,169.007456
46131,169.007376
46132,169.007297
46133,169.007217
46134,169.007138
46135,169.007059
46136,169.006979
46137,169.006900
46138,169.006821
46139,169.006741
46140,169.006662
46141,169.006583
46142,169.006503
46143,169.006424
46144,169.006345
46145,169.006265
46146,169.006186
46147,169.006107
46148,169.006028
46149,169.005948
46150,169.005869
46151,169.005790
46152,169.005711
46153,169.005631
46154,169.005552
46155,169.005473
46156,169.005394
46157,169.005314
46158,169.005235
46159,169.005156
46160,169.005077
46161,169.004998
46162,169.004918
46163,169.004839
46164,169.004760
46165,169.004681
46166,169.004602
46167,169.004523
46168,169.004444
46169,169.004364
46170,169.004285
46171,169.004206
46172,169.004127
46173,169.004048
46174,169.003969
46175,169.003890
46176,169.003811
46177,169.003732
46178,169.003652
46179,169.003573
46180,169.003494
46181,169.003415
46182,169.003336
46183,169.003257
46184,169.003178
46185,169.003099
46186,169.003020
46187,169.002941
46188,169.002862
46189,169.002783
46190,169.002704
46191,169.002625
46192,169.002546
46193,169.002467
46194,169.002388
46195,169.002309
46196,169.002230
46197,169.002151
46198,169.002072
46199,169.001993
46200,169.001914
46201,169.001836
46202,169.001757
46203,169.001678
46204,169.001599
46205,169.001520
46206,169.001441
46207,169.001362
46208,169.001283
46209,169.001204
46210,169.001126
46211,169.001047
46212,169.000968
46213,169.000889
46214,169.000810
46215,169.000731
46216,169.000652
46217,169.000574
46218,169.000495
46219,169.000416
46220,169.000337
46221,169.000258
46222,169.000180
46223,169.000101
46224,169.000022
46225,168.999943
46226,168.999865
46227,168.999786
46228,168.999707
46229,168.999628
46230,168.999550
46231,168.999471
46232,168.999392
46233,168.999314
46234,168.999235
46235,168.999156
46236,168.999077
46237,168.998999
46238,168.998920
46239,168.998841
46240,168.998763
46241,168.998684
46242,168.998605
46243,168.998527
46244,168.998448
46245,168.998370
46246,168.998291
46247,168.998212
46248,168.998134
46249,168.998055
46250,168.997976
46251,168.997898
46252,168.997819
46253,168.997741
46254,168.997662
46255,168.997584
46256,168.997505
46257,168.997426
46258,168.997348
46259,168.997269
46260,168.997191
46261,168.997112
46262,168.997034
46263,168.996955
46264,168.996877
46265,168.996798
46266,168.996720
46267,168.996641
46268,168.996563
46269,168.996484
46270,168.996406
46271,168.996327
46272,168.996249
46273,168.996171
46274,168.996092
46275,168.996014
46276,168.995935
46277,168.995857
46278,168.995778
46279,168.995700
46280,168.995622
46281,168.995543
46282,168.995465
46283,168.995386
46284,168.995308
46285,168.995230
46286,168.995151
46287,168.995073
46288,168.994995
46289,168.994916
46290,168.994838
46291,168.994760
46292,168.994681
46293,168.994603
46294,168.994525
46295,168.994446
46296,168.994368
46297,168.994290
46298,168.994212
46299,168.994133
46300,168.994055
46301,168.993977
46302,168.993898
46303,168.993820
46304,168.993742
46305,168.993664
46306,168.993586
46307,168.993507
46308,168.993429
46309,168.993351
46310,168.993273
46311,168.993195
46312,168.993116
46313,168.993038
46314,168.992960
46315,168.992882
46316,168.992804
46317,168.992725
46318,168.992647
46319,168.992569
46320,168.992491
46321,168.992413
46322,168.992335
46323,168.992257
46324,168.992179
46325,168.992100
46326,168.992022
46327,168.991944
46328,168.991866
46329,168.991788
46330,168.991710
46331,168.991632
46332,168.991554
46333,168.991476
46334,168.991398
46335,168.991320
46336,168.991242
46337,168.991164
46338,168.991086
46339,168.991008
46340,168.990930
46341,168.990852
46342,168.990774
46343,168.990696
46344,168.990618
46345,168.990540
46346,168.990462
46347,168.990384
46348,168.990306
46349,168.990228
46350,168.990150
46351,168.990072
46352,168.989994
46353,168.989916
46354,168.989838
46355,168.989760
46356,168.989683
46357,168.989605
46358,168.989527
46359,168.989449
46360,168.989371
46361,168.989293
46362,168.989215
46363,168.989137
46364,168.989060
46365,168.988982
46366,168.988904
46367,168.988826
46368,168.988748
46369,168.988670
46370,168.988593
46371,168.988515
46372,168.988437
46373,168.988359
46374,168.988282
46375,168.988204
46376,168.988126
46377,168.988048
46378,168.987970
46379,168.987893
46380,168.987815
46381,168.987737
46382,168.987660
46383,168.987582
46384,168.987504
46385,168.987426
46386,168.987349
46387,168.987271
46388,168.987193
46389,168.987116
46390,168.987038
46391,168.986960
46392,168.986883
46393,168.986805
46394,168.986727
46395,168.986650
46396,168.986572
46397,168.986494
46398,168.986417
46399,168.986339
46400,168.986262
46401,168.986184
46402,168.986106
46403,168.986029
46404,168.985951
46405,168.985874
46406,168.985796
46407,168.985718
46408,168.985641
46409,168.985563
46410,168.985486
46411,168.985408
46412,168.985331
46413,168.985253
46414,168.985176
46415,168.985098
46416,168.985021
46417,168.984943
46418,168.984866
46419,168.984788
46420,168.984711
46421,168.984633
46422,168.984556
46423,168.984478
46424,168.984401
46425,168.984323
46426,168.984246
46427,168.984169
46428,168.984091
46429,168.984014
46430,168.983936
46431,168.983859
46432,168.983781
46433,168.983704
46434,168.983627
46435,168.983549
46436,168.983472
46437,168.983395
46438,168.983317
46439,168.983240
46440,168.983162
46441,168.983085
46442,168.983008
46443,168.982930
46444,168.982853
46445,168.982776
46446,168.982699
46447,168.982621
46448,168.982544
46449,168.982467
46450,168.982389
46451,168.982312
46452,168.982235
46453,168.982158
46454,168.982080
46455,168.982003
46456,168.981926
46457,168.981849
46458,168.981771
46459,168.981694
46460,168.981617
46461,168.981540
46462,168.981462
46463,168.981385
46464,168.981308
46465,168.981231
46466,168.981154
46467,168.981077
46468,168.980999
46469,168.980922
46470,168.980845
46471,168.980768
46472,168.980691
46473,168.980614
46474,168.980537
46475,168.980459
46476,168.980382
46477,168.980305
46478,168.980228
46479,168.980151
46480,168.980074
46481,168.979997
46482,168.979920
46483,168.979843
46484,168.979766
46485,168.979689
46486,168.979611
46487,168.979534
46488,168.979457
46489,168.979380
46490,168.979303
46491,168.979226
46492,168.979149
46493,168.979072
46494,168.978995
46495,168.978918
46496,168.978841
46497,168.978764
46498,168.978687
46499,168.978610
46500,168.978533
46501,168.978457
46502,168.978380
46503,168.978303
46504,168.978226
46505,168.978149
46506,168.978072
46507,168.977995
46508,168.977918
46509,168.977841
46510,168.977764
46511,168.977687
46512,168.977610
46513,168.977534
46514,168.977457
46515,168.977380
46516,168.977303
46517,168.977226
46518,168.977149
46519,168.977072
46520,168.976996
46521,168.976919
46522,168.976842
46523,168.976765
46524,168.976688
46525,168.976612
46526,168.976535
46527,168.976458
46528,168.976381
46529,168.976304
46530,168.976228
46531,168.976151
46532,168.976074
46533,168.975997
46534,168.975921
46535,168.975844
46536,168.975767
46537,168.975691
46538,168.975614
46539,168.975537
46540,168.975460
46541,168.975384
46542,168.975307
46543,168.975230
46544,168.975154
46545,168.975077
46546,168.975000
46547,168.974924
46548,168.974847
46549,168.974770
46550,168.974694
46551,168.974617
46552,168.974541
46553,168.974464
46554,168.974387
46555,168.974311
46556,168.974234
46557,168.974158
46558,168.974081
46559,168.974004
46560,168.973928
46561,168.973851
46562,168.973775
46563,168.973698
46564,168.973622
46565,168.973545
46566,168.973468
46567,168.973392
46568,168.973315
46569,168.973239
46570,168.973162
46571,168.973086
46572,168.973009
46573,168.972933
46574,168.972856
46575,168.972780
46576,168.972704
46577,168.972627
46578,168.972551
46579,168.972474
46580,168.972398
46581,168.972321
46582,168.972245
46583,168.972168
46584,168.972092
46585,168.972016
46586,168.971939
46587,168.971863
46588,168.971786
46589,168.971710
46590,168.971634
46591,168.971557
46592,168.971481
46593,168.971405
46594,168.971328
46595,168.971252
46596,168.971176
46597,168.971099
46598,168.971023
46599,168.970947
46600,168.970870
46601,168.970794
46602,168.970718
46603,168.970641
46604,168.970565
46605,168.970489
46606,168.970412
46607,168.970336
46608,168.970260
46609,168.970184
46610,168.970107
46611,168.970031
46612,168.969955
46613,168.969879
46614,168.969803
46615,168.969726
46616,168.969650
46617,168.969574
46618,168.969498
46619,168.969422
46620,168.969345
46621,168.969269
46622,168.969193
46623,168.969117
46624,168.969041
46625,168.968964
46626,168.968888
46627,168.968812
46628,168.968736
46629,168.968660
46630,168.968584
46631,168.968508
46632,168.968432
46633,168.968356
46634,168.968279
46635,168.968203
46636,168.968127
46637,168.968051
46638,168.967975
46639,168.967899
46640,168.967823
46641,168.967747
46642,168.967671
46643,168.967595
46644,168.967519
46645,168.967443
46646,168.967367
46647,168.967291
46648,168.967215
46649,168.967139
46650,168.967063
46651,168.966987
46652,168.966911
46653,168.966835
46654,168.966759
46655,168.966683
46656,168.966607
46657,168.966531
46658,168.966455
46659,168.966379
46660,168.966303
46661,168.966227
46662,168.966151
46663,168.966075
46664,168.966000
46665,168.965924
46666,168.965848
46667,168.965772
46668,168.965696
46669,168.965620
46670,168.965544
46671,168.965468
46672,168.965393
46673,168.965317
46674,168.965241
46675,168.965165
46676,168.965089
46677,168.965013
46678,168.964938
46679,168.964862
46680,168.964786
46681,168.964710
46682,168.964634
46683,168.964559
46684,168.964483
46685,168.964407
46686,168.964331
46687,168.964256
46688,168.964180
46689,168.964104
46690,168.964028
46691,168.963953
46692,168.963877
46693,168.963801
46694,168.963725
46695,168.963650
46696,168.963574
46697,168.963498
46698,168.963423
46699,168.963347
46700,168.963271
46701,168.963196
46702,168.963120
46703,168.963044
46704,168.962969
46705,168.962893
46706,168.962817
46707,168.962742
46708,168.962666
46709,168.962591
46710,168.962515
46711,168.962439
46712,168.962364
46713,168.962288
46714,168.962213
46715,168.962137
46716,168.962061
46717,168.961986
46718,168.961910
46719,168.961835
46720,168.961759
46721,168.961684
46722,168.961608
46723,168.961533
46724,168.961457
46725,168.961382
46726,168.961306
46727,168.961231
46728,168.961155
46729,168.961080
46730,168.961004
46731,168.960929
46732,168.960853
46733,168.960778
46734,168.960702
46735,168.960627
46736,168.960551
46737,168.960476
46738,168.960400
46739,168.960325
46740,168.960250
46741,168.960174
46742,168.960099
46743,168.960023
46744,168.959948
46745,168.959873
46746,168.959797
46747,168.959722
46748,168.959646
46749,168.959571
46750,168.959496
46751,168.959420
46752,168.959345
46753,168.959270
46754,168.959194
46755,168.959119
46756,168.959044
46757,168.958968
46758,168.958893
46759,168.958818
46760,168.958743
46761,168.958667
46762,168.958592
46763,168.958517
46764,168.958441
46765,168.958366
46766,168.958291
46767,168.958216
46768,168.958140
46769,168.958065
46770,168.957990
46771,168.957915
46772,168.957840
46773,168.957764
46774,168.957689
46775,168.957614
46776,168.957539
46777,168.957464
46778,168.957388
46779,168.957313
46780,168.957238
46781,168.957163
46782,168.957088
46783,168.957013
46784,168.956937
46785,168.956862
46786,168.956787
46787,168.956712
46788,168.956637
46789,168.956562
46790,168.956487
46791,168.956412
46792,168.956337
46793,168.956261
46794,168.956186
46795,168.956111
46796,168.956036
46797,168.955961
46798,168.955886
46799,168.955811
46800,168.955736
46801,168.955661
46802,168.955586
46803,168.955511
46804,168.955436
46805,168.955361
46806,168.955286
46807,168.955211
46808,168.955136
46809,168.955061
46810,168.954986
46811,168.954911
46812,168.954836
46813,168.954761
46814,168.954686
46815,168.954611
46816,168.954536
46817,168.954461
46818,168.954386
46819,168.954312
46820,168.954237
46821,168.954162
46822,168.954087
46823,168.954012
46824,168.953937
46825,168.953862
46826,168.953787
46827,168.953712
46828,168.953638
46829,168.953563
46830,168.953488
46831,168.953413
46832,168.953338
46833,168.953263
46834,168.953188
46835,168.953114
46836,168.953039
46837,168.952964
46838,168.952889
46839,168.952814
46840,168.952740
46841,168.952665
46842,168.952590
46843,168.952515
46844,168.952441
46845,168.952366
46846,168.952291
46847,168.952216
46848,168.952142
46849,168.952067
46850,168.951992
46851,168.951917
46852,168.951843
46853,168.951768
46854,168.951693
46855,168.951619
46856,168.951544
46857,168.951469
46858,168.951395
46859,168.951320
46860,168.951245
46861,168.951171
46862,168.951096
46863,168.951021
46864,168.950947
46865,168.950872
46866,168.950797
46867,168.950723
46868,168.950648
46869,168.950574
46870,168.950499
46871,168.950424
46872,168.950350
46873,168.950275
46874,168.950201
46875,168.950126
46876,168.950052
46877,168.949977
46878,168.949902
46879,168.949828
46880,168.949753
46881,168.949679
46882,168.949604
46883,168.949530
46884,168.949455
46885,168.949381
46886,168.949306
46887,168.949232
46888,168.949157
46889,168.949083
46890,168.949008
46891,168.948934
46892,168.948859
46893,168.948785
46894,168.948711
46895,168.948636
46896,168.948562
46897,168.948487
46898,168.948413
46899,168.948338
46900,168.948264
46901,168.948190
46902,168.948115
46903,168.948041
46904,168.947966
46905,168.947892
46906,168.947818
46907,168.947743
46908,168.947669
46909,168.947595
46910,168.947520
46911,168.947446
46912,168.947372
46913,168.947297
46914,168.947223
46915,168.947149
46916,168.947074
46917,168.947000
46918,168.946926
46919,168.946851
46920,168.946777
46921,168.946703
46922,168.946629
46923,168.946554
46924,168.946480
46925,168.946406
46926,168.946332
46927,168.946257
46928,168.946183
46929,168.946109
46930,168.946035
46931,168.945960
46932,168.945886
46933,168.945812
46934,168.945738
46935,168.945664
46936,168.945589
46937,168.945515
46938,168.945441
46939,168.945367
46940,168.945293
46941,168.945219
46942,168.945144
46943,168.945070
46944,168.944996
46945,168.944922
46946,168.944848
46947,168.944774
46948,168.944700
46949,168.944626
46950,168.944551
46951,168.944477
46952,168.944403
46953,168.944329
46954,168.944255
46955,168.944181
46956,168.944107
46957,168.944033
46958,168.943959
46959,168.943885
46960,168.943811
46961,168.943737
46962,168.943663
46963,168.943589
46964,168.943515
46965,168.943441
46966,168.943367
46967,168.943293
46968,168.943219
46969,168.943145
46970,168.943071
46971,168.942997
46972,168.942923
46973,168.942849
46974,168.942775
46975,168.942701
46976,168.942627
46977,168.942553
46978,168.942479
46979,168.942405
46980,168.942331
46981,168.942258
46982,168.942184
46983,168.942110
46984,168.942036
46985,168.941962
46986,168.941888
46987,168.941814
46988,168.941740
46989,168.941667
46990,168.941593
46991,168.941519
46992,168.941445
46993,168.941371
46994,168.941297
46995,168.941224
46996,168.941150
46997,168.941076
46998,168.941002
46999,168.940928
47000,168.940855
47001,168.940781
47002,168.940707
47003,168.940633
47004,168.940559
47005,168.940486
47006,168.940412
47007,168.940338
47008,168.940265
47009,168.940191
47010,168.940117
47011,168.940043
47012,168.939970
47013,168.939896
47014,168.939822
47015,168.939749
47016,168.939675
47017,168.939601
47018,168.939527
47019,168.939454
47020,168.939380
47021,168.939307
47022,168.939233
47023,168.939159
47024,168.939086
47025,168.939012
47026,168.938938
47027,168.938865
47028,168.938791
47029,168.938717
47030,168.938644
47031,168.938570
47032,168.938497
47033,168.938423
47034,168.938350
47035,168.938276
47036,168.938202
47037,168.938129
47038,168.938055
47039,168.937982
47040,168.937908
47041,168.937835
47042,168.937761
47043,168.937688
47044,168.937614
47045,168.937541
47046,168.937467
47047,168.937394
47048,168.937320
47049,168.937247
47050,168.937173
47051,168.937100
47052,168.937026
47053,168.936953
47054,168.936879
47055,168.936806
47056,168.936732
47057,168.936659
47058,168.936586
47059,168.936512
47060,168.936439
47061,168.936365
47062,168.936292
47063,168.936219
47064,168.936145
47065,168.936072
47066,168.935998
47067,168.935925
47068,168.935852
47069,168.935778
47070,168.935705
47071,168.935632
47072,168.935558
47073,168.935485
47074,168.935412
47075,168.935338
47076,168.935265
47077,168.935192
47078,168.935118
47079,168.935045
47080,168.934972
47081,168.934898
47082,168.934825
47083,168.934752
47084,168.934679
47085,168.934605
47086,168.934532
47087,168.934459
47088,168.934386
47089,168.934312
47090,168.934239
47091,168.934166
47092,168.934093
47093,168.934020
47094,168.933946
47095,168.933873
47096,168.933800
47097,168.933727
47098,168.933654
47099,168.933580
47100,168.933507
47101,168.933434
47102,168.933361
47103,168.933288
47104,168.933215
47105,168.933141
47106,168.933068
47107,168.932995
47108,168.932922
47109,168.932849
47110,168.932776
47111,168.932703
47112,168.932630
47113,168.932557
47114,168.932484
47115,168.932410
47116,168.932337
47117,168.932264
47118,168.932191
47119,168.932118
47120,168.932045
47121,168.931972
47122,168.931899
47123,168.931826
47124,168.931753
47125,168.931680
47126,168.931607
47127,168.931534
47128,168.931461
47129,168.931388
47130,168.931315
47131,168.931242
47132,168.931169
47133,168.931096
47134,168.931023
47135,168.930950
47136,168.930877
47137,168.930804
47138,168.930731
47139,168.930658
47140,168.930586
47141,168.930513
47142,168.930440
47143,168.930367
47144,168.930294
47145,168.930221
47146,168.930148
47147,168.930075
47148,168.930002
47149,168.929930
47150,168.929857
47151,168.929784
47152,168.929711
47153,168.929638
47154,168.929565
47155,168.929492
47156,168.929420
47157,168.929347
47158,168.929274
47159,168.929201
47160,168.929128
47161,168.929056
47162,168.928983
47163,168.928910
47164,168.928837
47165,168.928765
47166,168.928692
47167,168.928619
47168,168.928546
47169,168.928474
47170,168.928401
47171,168.928328
47172,168.928255
47173,168.928183
47174,168.928110
47175,168.928037
47176,168.927964
47177,168.927892
47178,168.927819
47179,168.927746
47180,168.927674
47181,168.927601
47182,168.927528
47183,168.927456
47184,168.927383
47185,168.927310
47186,168.927238
47187,168.927165
47188,168.927093
47189,168.927020
47190,168.926947
47191,168.926875
47192,168.926802
47193,168.926729
47194,168.926657
47195,168.926584
47196,168.926512
47197,168.926439
47198,168.926367
47199,168.926294
47200,168.926221
47201,168.926149
47202,168.926076
47203,168.926004
47204,168.925931
47205,168.925859
47206,168.925786
47207,168.925714
47208,168.925641
47209,168.925569
47210,168.925496
47211,168.925424
47212,168.925351
47213,168.925279
47214,168.925206
47215,168.925134
47216,168.925061
47217,168.924989
47218,168.924917
47219,168.924844
47220,168.924772
47221,168.924699
47222,168.924627
47223,168.924554
47224,168.924482
47225,168.924410
47226,168.924337
47227,168.924265
47228,168.924192
47229,168.924120
47230,168.924048
47231,168.923975
47232,168.923903
47233,168.923831
47234,168.923758
47235,168.923686
47236,168.923614
47237,168.923541
47238,168.923469
47239,168.923397
47240,168.923324
47241,168.923252
47242,168.923180
47243,168.923107
47244,168.923035
47245,168.922963
47246,168.922891
47247,168.922818
47248,168.922746
47249,168.922674
47250,168.922601
47251,168.922529
47252,168.922457
47253,168.922385
47254,168.922313
47255,168.922240
47256,168.922168
47257,168.922096
47258,168.922024
47259,168.921952
47260,168.921879
47261,168.921807
47262,168.921735
47263,168.921663
47264,168.921591
47265,168.921518
47266,168.921446
47267,168.921374
47268,168.921302
47269,168.921230
47270,168.921158
47271,168.921086
47272,168.921014
47273,168.920941
47274,168.920869
47275,168.920797
47276,168.920725
47277,168.920653
47278,168.920581
47279,168.920509
47280,168.920437
47281,168.920365
47282,168.920293
47283,168.920221
47284,168.920149
47285,168.920077
47286,168.920005
47287,168.919933
47288,168.919860
47289,168.919788
47290,168.919716
47291,168.919644
47292,168.919572
47293,168.919500
47294,168.919428
47295,168.919357
47296,168.919285
47297,168.919213
47298,168.919141
47299,168.919069
47300,168.918997
47301,168.918925
47302,168.918853
47303,168.918781
47304,168.918709
47305,168.918637
47306,168.918565
47307,168.918493
47308,168.918421
47309,168.918349
47310,168.918278
47311,168.918206
47312,168.918134
47313,168.918062
47314,168.917990
47315,168.917918
47316,168.917846
47317,168.917775
47318,168.917703
47319,168.917631
47320,168.917559
47321,168.917487
47322,168.917415
47323,168.917344
47324,168.917272
47325,168.917200
47326,168.917128
47327,168.917056
47328,168.916985
47329,168.916913
47330,168.916841
47331,168.916769
47332,168.916698
47333,168.916626
47334,168.916554
47335,168.916482
47336,168.916411
47337,168.916339
47338,168.916267
47339,168.916195
47340,168.916124
47341,168.916052
47342,168.915980
47343,168.915909
47344,168.915837
47345,168.915765
47346,168.915694
47347,168.915622
47348,168.915550
47349,168.915479
47350,168.915407
47351,168.915335
47352,168.915264
47353,168.915192
47354,168.915121
47355,168.915049
47356,168.914977
47357,168.914906
47358,168.914834
47359,168.914763
47360,168.914691
47361,168.914619
47362,168.914548
47363,168.914476
47364,168.914405
47365,168.914333
47366,168.914262
47367,168.914190
47368,168.914118
47369,168.914047
47370,168.913975
47371,168.913904
47372,168.913832
47373,168.913761
47374,168.913689
47375,168.913618
47376,168.913546
47377,168.913475
47378,168.913403
47379,168.913332
47380,168.913261
47381,168.913189
47382,168.913118
47383,168.913046
47384,168.912975
47385,168.912903
47386,168.912832
47387,168.912760
47388,168.912689
47389,168.912618
47390,168.912546
47391,168.912475
47392,168.912403
47393,168.912332
47394,168.912261
47395,168.912189
47396,168.912118
47397,168.912047
47398,168.911975
47399,168.911904
47400,168.911832
47401,168.911761
47402,168.911690
47403,168.911618
47404,168.911547
47405,168.911476
47406,168.911405
47407,168.911333
47408,168.911262
47409,168.911191
47410,168.911119
47411,168.911048
47412,168.910977
47413,168.910906
47414,168.910834
47415,168.910763
47416,168.910692
47417,168.910621
47418,168.910549
47419,168.910478
47420,168.910407
47421,168.910336
47422,168.910264
47423,168.910193
47424,168.910122
47425,168.910051
47426,168.909980
47427,168.909908
47428,168.909837
47429,168.909766
47430,168.909695
47431,168.909624
47432,168.909553
47433,168.909481
47434,168.909410
47435,168.909339
47436,168.909268
47437,168.909197
47438,168.909126
47439,168.909055
47440,168.908984
47441,168.908912
47442,168.908841
47443,168.908770
47444,168.908699
47445,168.908628
47446,168.908557
47447,168.908486
47448,168.908415
47449,168.908344
47450,168.908273
47451,168.908202
47452,168.908131
47453,168.908060
47454,168.907989
47455,168.907918
47456,168.907847
47457,168.907776
47458,168.907705
47459,168.907634
47460,168.907563
47461,168.907492
47462,168.907421
47463,168.907350
47464,168.907279
47465,168.907208
47466,168.907137
47467,168.907066
47468,168.906995
47469,168.906924
47470,168.906853
47471,168.906782
47472,168.906711
47473,168.906640
47474,168.906570
47475,168.906499
47476,168.906428
47477,168.906357
47478,168.906286
47479,168.906215
47480,168.906144
47481,168.906073
47482,168.906003
47483,168.905932
47484,168.905861
47485,168.905790
47486,168.905719
47487,168.905648
47488,168.905578
47489,168.905507
47490,168.905436
47491,168.905365
47492,168.905294
47493,168.905224
47494,168.905153
47495,168.905082
47496,168.905011
47497,168.904940
47498,168.904870
47499,168.904799
47500,168.904728
47501,168.904657
47502,168.904587
47503,168.904516
47504,168.904445
47505,168.904375
47506,168.904304
47507,168.904233
47508,168.904162
47509,168.904092
47510,168.904021
47511,168.903950
47512,168.903880
47513,168.903809
47514,168.903738
47515,168.903668
47516,168.903597
47517,168.903526
47518,168.903456
47519,168.903385
47520,168.903315
47521,168.903244
47522,168.903173
47523,168.903103
47524,168.903032
47525,168.902961
47526,168.902891
47527,168.902820
47528,168.902750
47529,168.902679
47530,168.902609
47531,168.902538
47532,168.902467
47533,168.902397
47534,168.902326
47535,168.902256
47536,168.902185
47537,168.902115
47538,168.902044
47539,168.901974
47540,168.901903
47541,168.901833
47542,168.901762
47543,168.901692
47544,168.901621
47545,168.901551
47546,168.901480
47547,168.901410
47548,168.901339
47549,168.901269
47550,168.901198
47551,168.901128
47552,168.901058
47553,168.900987
47554,168.900917
47555,168.900846
47556,168.900776
47557,168.900705
47558,168.900635
47559,168.900565
47560,168.900494
47561,168.900424
47562,168.900353
47563,168.900283
47564,168.900213
47565,168.900142
47566,168.900072
47567,168.900002
47568,168.899931
47569,168.899861
47570,168.899791
47571,168.899720
47572,168.899650
47573,168.899580
47574,168.899509
47575,168.899439
47576,168.899369
47577,168.899298
47578,168.899228
47579,168.899158
47580,168.899088
47581,168.899017
47582,168.898947
47583,168.898877
47584,168.898807
47585,168.898736
47586,168.898666
47587,168.898596
47588,168.898526
47589,168.898455
47590,168.898385
47591,168.898315
47592,168.898245
47593,168.898175
47594,168.898104
47595,168.898034
47596,168.897964
47597,168.897894
47598,168.897824
47599,168.897754
47600,168.897683
47601,168.897613
47602,168.897543
47603,168.897473
47604,168.897403
47605,168.897333
47606,168.897263
47607,168.897192
47608,168.897122
47609,168.897052
47610,168.896982
47611,168.896912
47612,168.896842
47613,168.896772
47614,168.896702
47615,168.896632
47616,168.896562
47617,168.896492
47618,168.896422
47619,168.896352
47620,168.896282
47621,168.896211
47622,168.896141
47623,168.896071
47624,168.896001
47625,168.895931
47626,168.895861
47627,168.895791
47628,168.895721
47629,168.895651
47630,168.895581
47631,168.895511
47632,168.895442
47633,168.895372
47634,168.895302
47635,168.895232
47636,168.895162
47637,168.895092
47638,168.895022
47639,168.894952
47640,168.894882
47641,168.894812
47642,168.894742
47643,168.894672
47644,168.894602
47645,168.894532
47646,168.894463
47647,168.894393
47648,168.894323
47649,168.894253
47650,168.894183
47651,168.894113
47652,168.894043
47653,168.893974
47654,168.893904
47655,168.893834
47656,168.893764
47657,168.893694
47658,168.893624
47659,168.893555
47660,168.893485
47661,168.893415
47662,168.893345
47663,168.893275
47664,168.893206
47665,168.893136
47666,168.893066
47667,168.892996
47668,168.892927
47669,168.892857
47670,168.892787
47671,168.892717
47672,168.892648
47673,168.892578
47674,168.892508
47675,168.892439
47676,168.892369
47677,168.892299
47678,168.892229
47679,168.892160
47680,168.892090
47681,168.892020
47682,168.891951
47683,168.891881
47684,168.891811
47685,168.891742
47686,168.891672
47687,168.891602
47688,168.891533
47689,168.891463
47690,168.891393
47691,168.891324
47692,168.891254
47693,168.891185
47694,168.891115
47695,168.891045
47696,168.890976
47697,168.890906
47698,168.890837
47699,168.890767
47700,168.890698
47701,168.890628
47702,168.890558
47703,168.890489
47704,168.890419
47705,168.890350
47706,168.890280
47707,168.890211
47708,168.890141
47709,168.890072
47710,168.890002
47711,168.889933
47712,168.889863
47713,168.889794
47714,168.889724
47715,168.889655
47716,168.889585
47717,168.889516
47718,168.889446
47719,168.889377
47720,168.889307
47721,168.889238
47722,168.889169
47723,168.889099
47724,168.889030
47725,168.888960
47726,168.888891
47727,168.888821
47728,168.888752
47729,168.888683
47730,168.888613
47731,168.888544
47732,168.888474
47733,168.888405
47734,168.888336
47735,168.888266
47736,168.888197
47737,168.888128
47738,168.888058
47739,168.887989
47740,168.887920
47741,168.887850
47742,168.887781
47743,168.887712
47744,168.887642
47745,168.887573
47746,168.887504
47747,168.887434
47748,168.887365
47749,168.887296
47750,168.887227
47751,168.887157
47752,168.887088
47753,168.887019
47754,168.886950
47755,168.886880
47756,168.886811
47757,168.886742
47758,168.886673
47759,168.886603
47760,168.886534
47761,168.886465
47762,168.886396
47763,168.886326
47764,168.886257
47765,168.886188
47766,168.886119
47767,168.886050
47768,168.885981
47769,168.885911
47770,168.885842
47771,168.885773
47772,168.885704
47773,168.885635
47774,168.885566
47775,168.885497
47776,168.885427
47777,168.885358
47778,168.885289
47779,168.885220
47780,168.885151
47781,168.885082
47782,168.885013
47783,168.884944
47784,168.884875
47785,168.884806
47786,168.884736
47787,168.884667
47788,168.884598
47789,168.884529
47790,168.884460
47791,168.884391
47792,168.884322
47793,168.884253
47794,168.884184
47795,168.884115
47796,168.884046
47797,168.883977
47798,168.883908
47799,168.883839
47800,168.883770
47801,168.883701
47802,168.883632
47803,168.883563
47804,168.883494
47805,168.883425
47806,168.883356
47807,168.883287
47808,168.883218
47809,168.883150
47810,168.883081
47811,168.883012
47812,168.882943
47813,168.882874
47814,168.882805
47815,168.882736
47816,168.882667
47817,168.882598
47818,168.882529
47819,168.882460
47820,168.882392
47821,168.882323
47822,168.882254
47823,168.882185
47824,168.882116
47825,168.882047
47826,168.881979
47827,168.881910
47828,168.881841
47829,168.881772
47830,168.881703
47831,168.881634
47832,168.881566
47833,168.881497
47834,168.881428
47835,168.881359
47836,168.881290
47837,168.881222
47838,168.881153
47839,168.881084
47840,168.881015
47841,168.880947
47842,168.880878
47843,168.880809
47844,168.880740
47845,168.880672
47846,168.880603
47847,168.880534
47848,168.880466
47849,168.880397
47850,168.880328
47851,168.880259
47852,168.880191
47853,168.880122
47854,168.880053
47855,168.879985
47856,168.879916
47857,168.879847
47858,168.879779
47859,168.879710
47860,168.879642
47861,168.879573
47862,168.879504
47863,168.879436
47864,168.879367
47865,168.879298
47866,168.879230
47867,168.879161
47868,168.879093
47869,168.879024
47870,168.878955
47871,168.878887
47872,168.878818
47873,168.878750
47874,168.878681
47875,168.878613
47876,168.878544
47877,168.878476
47878,168.878407
47879,168.878338
47880,168.878270
47881,168.878201
47882,168.878133
47883,168.878064
47884,168.877996
47885,168.877927
47886,168.877859
47887,168.877790
47888,168.877722
47889,168.877653
47890,168.877585
47891,168.877517
47892,168.877448
47893,168.877380
47894,168.877311
47895,168.877243
47896,168.877174
47897,168.877106
47898,168.877037
47899,168.876969
47900,168.876901
47901,168.876832
47902,168.876764
47903,168.876695
47904,168.876627
47905,168.876559
47906,168.876490
47907,168.876422
47908,168.876354
47909,168.876285
47910,168.876217
47911,168.876149
47912,168.876080
47913,168.876012
47914,168.875944
47915,168.875875
47916,168.875807
47917,168.875739
47918,168.875670
47919,168.875602
47920,168.875534
47921,168.875465
47922,168.875397
47923,168.875329
47924,168.875261
47925,168.875192
47926,168.875124
47927,168.875056
47928,168.874988
47929,168.874919
47930,168.874851
47931,168.874783
47932,168.874715
47933,168.874646
47934,168.874578
47935,168.874510
47936,168.874442
47937,168.874374
47938,168.874305
47939,168.874237
47940,168.874169
47941,168.874101
47942,168.874033
47943,168.873964
47944,168.873896
47945,168.873828
47946,168.873760
47947,168.873692
47948,168.873624
47949,168.873556
47950,168.873487
47951,168.873419
47952,168.873351
47953,168.873283
47954,168.873215
47955,168.873147
47956,168.873079
47957,168.873011
47958,168.872943
47959,168.872875
47960,168.872807
47961,168.872739
47962,168.872670
47963,168.872602
47964,168.872534
47965,168.872466
47966,168.872398
47967,168.872330
47968,168.872262
47969,168.872194
47970,168.872126
47971,168.872058
47972,168.871990
47973,168.871922
47974,168.871854
47975,168.871786
47976,168.871718
47977,168.871650
47978,168.871582
47979,168.871514
47980,168.871446
47981,168.871378
47982,168.871311
47983,168.871243
47984,168.871175
47985,168.871107
47986,168.871039
47987,168.870971
47988,168.870903
47989,168.870835
47990,168.870767
47991,168.870699
47992,168.870631
47993,168.870564
47994,168.870496
47995,168.870428
47996,168.870360
47997,168.870292
47998,168.870224
47999,168.870156
48000,168.870089
48001,168.870021
48002,168.869953
48003,168.869885
48004,168.869817
48005,168.869750
48006,168.869682
48007,168.869614
48008,168.869546
48009,168.869478
48010,168.869411
48011,168.869343
48012,168.869275
48013,168.869207
48014,168.869139
48015,168.869072
48016,168.869004
48017,168.868936
48018,168.868869
48019,168.868801
48020,168.868733
48021,168.868665
48022,168.868598
48023,168.868530
48024,168.868462
48025,168.868395
48026,168.868327
48027,168.868259
48028,168.868191
48029,168.868124
48030,168.868056
48031,168.867988
48032,168.867921
48033,168.867853
48034,168.867786
48035,168.867718
48036,168.867650
48037,168.867583
48038,168.867515
48039,168.867447
48040,168.867380
48041,168.867312
48042,168.867245
48043,168.867177
48044,168.867109
48045,168.867042
48046,168.866974
48047,168.866907
48048,168.866839
48049,168.866772
48050,168.866704
48051,168.866636
48052,168.866569
48053,168.866501
48054,168.866434
48055,168.866366
48056,168.866299
48057,168.866231
48058,168.866164
48059,168.866096
48060,168.866029
48061,168.865961
48062,168.865894
48063,168.865826
48064,168.865759
48065,168.865691
48066,168.865624
48067,168.865556
48068,168.865489
48069,168.865422
48070,168.865354
48071,168.865287
48072,168.865219
48073,168.865152
48074,168.865084
48075,168.865017
48076,168.864950
48077,168.864882
48078,168.864815
48079,168.864747
48080,168.864680
48081,168.864613
48082,168.864545
48083,168.864478
48084,168.864411
48085,168.864343
48086,168.864276
48087,168.864208
48088,168.864141
48089,168.864074
48090,168.864006
48091,168.863939
48092,168.863872
48093,168.863805
48094,168.863737
48095,168.863670
48096,168.863603
48097,168.863535
48098,168.863468
48099,168.863401
48100,168.863334
48101,168.863266
48102,168.863199
48103,168.863132
48104,168.863064
48105,168.862997
48106,168.862930
48107,168.862863
48108,168.862796
48109,168.862728
48110,168.862661
48111,168.862594
48112,168.862527
48113,168.862460
48114,168.862392
48115,168.862325
48116,168.862258
48117,168.862191
48118,168.862124
48119,168.862056
48120,168.861989
48121,168.861922
48122,168.861855
48123,168.861788
48124,168.861721
48125,168.861654
48126,168.861586
48127,168.861519
48128,168.861452
48129,168.861385
48130,168.861318
48131,168.861251
48132,168.861184
48133,168.861117
48134,168.861050
48135,168.860983
48136,168.860916
48137,168.860848
48138,168.860781
48139,168.860714
48140,168.860647
48141,168.860580
48142,168.860513
48143,168.860446
48144,168.860379
48145,168.860312
48146,168.860245
48147,168.860178
48148,168.860111
48149,168.860044
48150,168.859977
48151,168.859910
48152,168.859843
48153,168.859776
48154,168.859709
48155,168.859642
48156,168.859575
48157,168.859508
48158,168.859441
48159,168.859375
48160,168.859308
48161,168.859241
48162,168.859174
48163,168.859107
48164,168.859040
48165,168.858973
48166,168.858906
48167,168.858839
48168,168.858772
48169,168.858705
48170,168.858639
48171,168.858572
48172,168.858505
48173,168.858438
48174,168.858371
48175,168.858304
48176,168.858237
48177,168.858171
48178,168.858104
48179,168.858037
48180,168.857970
48181,168.857903
48182,168.857836
48183,168.857770
48184,168.857703
48185,168.857636
48186,168.857569
48187,168.857503
48188,168.857436
48189,168.857369
48190,168.857302
48191,168.857235
48192,168.857169
48193,168.857102
48194,168.857035
48195,168.856968
48196,168.856902
48197,168.856835
48198,168.856768
48199,168.856702
48200,168.856635
48201,168.856568
48202,168.856501
48203,168.856435
48204,168.856368
48205,168.856301
48206,168.856235
48207,168.856168
48208,168.856101
48209,168.856035
48210,168.855968
48211,168.855901
48212,168.855835
48213,168.855768
48214,168.855702
48215,168.855635
48216,168.855568
48217,168.855502
48218,168.855435
48219,168.855368
48220,168.855302
48221,168.855235
48222,168.855169
48223,168.855102
48224,168.855036
48225,168.854969
48226,168.854902
48227,168.854836
48228,168.854769
48229,168.854703
48230,168.854636
48231,168.854570
48232,168.854503
48233,168.854437
48234,168.854370
48235,168.854304
48236,168.854237
48237,168.854171
48238,168.854104
48239,168.854038
48240,168.853971
48241,168.853905
48242,168.853838
48243,168.853772
48244,168.853705
48245,168.853639
48246,168.853572
48247,168.853506
48248,168.853439
48249,168.853373
48250,168.853307
48251,168.853240
48252,168.853174
48253,168.853107
48254,168.853041
48255,168.852975
48256,168.852908
48257,168.852842
48258,168.852775
48259,168.852709
48260,168.852643
48261,168.852576
48262,168.852510
48263,168.852443
48264,168.852377
48265,168.852311
48266,168.852244
48267,168.852178
48268,168.852112
48269,168.852045
48270,168.851979
48271,168.851913
48272,168.851847
48273,168.851780
48274,168.851714
48275,168.851648
48276,168.851581
48277,168.851515
48278,168.851449
48279,168.851383
48280,168.851316
48281,168.851250
48282,168.851184
48283,168.851118
48284,168.851051
48285,168.850985
48286,168.850919
48287,168.850853
48288,168.850786
48289,168.850720
48290,168.850654
48291,168.850588
48292,168.850522
48293,168.850455
48294,168.850389
48295,168.850323
48296,168.850257
48297,168.850191
48298,168.850125
48299,168.850058
48300,168.849992
48301,168.849926
48302,168.849860
48303,168.849794
48304,168.849728
48305,168.849662
48306,168.849595
48307,168.849529
48308,168.849463
48309,168.849397
48310,168.849331
48311,168.849265
48312,168.849199
48313,168.849133
48314,168.849067
48315,168.849001
48316,168.848935
48317,168.848868
48318,168.848802
48319,168.848736
48320,168.848670
48321,168.848604
48322,168.848538
48323,168.848472
48324,168.848406
48325,168.848340
48326,168.848274
48327,168.848208
48328,168.848142
48329,168.848076
48330,168.848010
48331,168.847944
48332,168.847878
48333,168.847812
48334,168.847746
48335,168.847680
48336,168.847614
48337,168.847548
48338,168.847483
48339,168.847417
48340,168.847351
48341,168.847285
48342,168.847219
48343,168.847153
48344,168.847087
48345,168.847021
48346,168.846955
48347,168.846889
48348,168.846823
48349,168.846758
48350,168.846692
48351,168.846626
48352,168.846560
48353,168.846494
48354,168.846428
48355,168.846362
48356,168.846297
48357,168.846231
48358,168.846165
48359,168.846099
48360,168.846033
48361,168.845967
48362,168.845902
48363,168.845836
48364,168.845770
48365,168.845704
48366,168.845638
48367,168.845573
48368,168.845507
48369,168.845441
48370,168.845375
48371,168.845310
48372,168.845244
48373,168.845178
48374,168.845112
48375,168.845047
48376,168.844981
48377,168.844915
48378,168.844849
48379,168.844784
48380,168.844718
48381,168.844652
48382,168.844587
48383,168.844521
48384,168.844455
48385,168.844390
48386,168.844324
48387,168.844258
48388,168.844193
48389,168.844127
48390,168.844061
48391,168.843996
48392,168.843930
48393,168.843864
48394,168.843799
48395,168.843733
48396,168.843667
48397,168.843602
48398,168.843536
48399,168.843471
48400,168.843405
48401,168.843339
48402,168.843274
48403,168.843208
48404,168.843143
48405,168.843077
48406,168.843012
48407,168.842946
48408,168.842880
48409,168.842815
48410,168.842749
48411,168.842684
48412,168.842618
48413,168.842553
48414,168.842487
48415,168.842422
48416,168.842356
48417,168.842291
48418,168.842225
48419,168.842160
48420,168.842094
48421,168.842029
48422,168.841963
48423,168.841898
48424,168.841832
48425,168.841767
48426,168.841701
48427,168.841636
48428,168.841570
48429,168.841505
48430,168.841440
48431,168.841374
48432,168.841309
48433,168.841243
48434,168.841178
48435,168.841113
48436,168.841047
48437,168.840982
48438,168.840916
48439,168.840851
48440,168.840786
48441,168.840720
48442,168.840655
48443,168.840589
48444,168.840524
48445,168.840459
48446,168.840393
48447,168.840328
48448,168.840263
48449,168.840197
48450,168.840132
48451,168.840067
48452,168.840001
48453,168.839936
48454,168.839871
48455,168.839806
48456,168.839740
48457,168.839675
48458,168.839610
48459,168.839544
48460,168.839479
48461,168.839414
48462,168.839349
48463,168.839283
48464,168.839218
48465,168.839153
48466,168.839088
48467,168.839022
48468,168.838957
48469,168.838892
48470,168.838827
48471,168.838762
48472,168.838696
48473,168.838631
48474,168.838566
48475,168.838501
48476,168.838436
48477,168.838370
48478,168.838305
48479,168.838240
48480,168.838175
48481,168.838110
48482,168.838045
48483,168.837979
48484,168.837914
48485,168.837849
48486,168.837784
48487,168.837719
48488,168.837654
48489,168.837589
48490,168.837524
48491,168.837458
48492,168.837393
48493,168.837328
48494,168.837263
48495,168.837198
48496,168.837133
48497,168.837068
48498,168.837003
48499,168.836938
48500,168.836873
48501,168.836808
48502,168.836743
48503,168.836678
48504,168.836613
48505,168.836548
48506,168.836483
48507,168.836418
48508,168.836353
48509,168.836288
48510,168.836223
48511,168.836158
48512,168.836093
48513,168.836028
48514,168.835963
48515,168.835898
48516,168.835833
48517,168.835768
48518,168.835703
48519,168.835638
48520,168.835573
48521,168.835508
48522,168.835443
48523,168.835378
48524,168.835313
48525,168.835248
48526,168.835183
48527,168.835119
48528,168.835054
48529,168.834989
48530,168.834924
48531,168.834859
48532,168.834794
48533,168.834729
48534,168.834664
48535,168.834599
48536,168.834535
48537,168.834470
48538,168.834405
48539,168.834340
48540,168.834275
48541,168.834210
48542,168.834146
48543,168.834081
48544,168.834016
48545,168.833951
48546,168.833886
48547,168.833822
48548,168.833757
48549,168.833692
48550,168.833627
48551,168.833562
48552,168.833498
48553,168.833433
48554,168.833368
48555,168.833303
48556,168.833239
48557,168.833174
48558,168.833109
48559,168.833044
48560,168.832980
48561,168.832915
48562,168.832850
48563,168.832786
48564,168.832721
48565,168.832656
48566,168.832591
48567,168.832527
48568,168.832462
48569,168.832397
48570,168.832333
48571,168.832268
48572,168.832203
48573,168.832139
48574,168.832074
48575,168.832009
48576,168.831945
48577,168.831880
48578,168.831816
48579,168.831751
48580,168.831686
48581,168.831622
48582,168.831557
48583,168.831493
48584,168.831428
48585,168.831363
48586,168.831299
48587,168.831234
48588,168.831170
48589,168.831105
48590,168.831040
48591,168.830976
48592,168.830911
48593,168.830847
48594,168.830782
48595,168.830718
48596,168.830653
48597,168.830589
48598,168.830524
48599,168.830460
48600,168.830395
48601,168.830331
48602,168.830266
48603,168.830202
48604,168.830137
48605,168.830073
48606,168.830008
48607,168.829944
48608,168.829879
48609,168.829815
48610,168.829750
48611,168.829686
48612,168.829621
48613,168.829557
48614,168.829493
48615,168.829428
48616,168.829364
48617,168.829299
48618,168.829235
48619,168.829171
48620,168.829106
48621,168.829042
48622,168.828977
48623,168.828913
48624,168.828849
48625,168.828784
48626,168.828720
48627,168.828655
48628,168.828591
48629,168.828527
48630,168.828462
48631,168.828398
48632,168.828334
48633,168.828269
48634,168.828205
48635,168.828141
48636,168.828076
48637,168.828012
48638,168.827948
48639,168.827884
48640,168.827819
48641,168.827755
48642,168.827691
48643,168.827626
48644,168.827562
48645,168.827498
48646,168.827434
48647,168.827369
48648,168.827305
48649,168.827241
48650,168.827177
48651,168.827112
48652,168.827048
48653,168.826984
48654,168.826920
48655,168.826856
48656,168.826791
48657,168.826727
48658,168.826663
48659,168.826599
48660,168.826535
48661,168.826470
48662,168.826406
48663,168.826342
48664,168.826278
48665,168.826214
48666,168.826150
48667,168.826085
48668,168.826021
48669,168.825957
48670,168.825893
48671,168.825829
48672,168.825765
48673,168.825701
48674,168.825637
48675,168.825572
48676,168.825508
48677,168.825444
48678,168.825380
48679,168.825316
48680,168.825252
48681,168.825188
48682,168.825124
48683,168.825060
48684,168.824996
48685,168.824932
48686,168.824868
48687,168.824804
48688,168.824740
48689,168.824676
48690,168.824612
48691,168.824548
48692,168.824483
48693,168.824419
48694,168.824355
48695,168.824291
48696,168.824227
48697,168.824164
48698,168.824100
48699,168.824036
48700,168.823972
48701,168.823908
48702,168.823844
48703,168.823780
48704,168.823716
48705,168.823652
48706,168.823588
48707,168.823524
48708,168.823460
48709,168.823396
48710,168.823332
48711,168.823268
48712,168.823204
48713,168.823140
48714,168.823077
48715,168.823013
48716,168.822949
48717,168.822885
48718,168.822821
48719,168.822757
48720,168.822693
48721,168.822629
48722,168.822566
48723,168.822502
48724,168.822438
48725,168.822374
48726,168.822310
48727,168.822246
48728,168.822183
48729,168.822119
48730,168.822055
48731,168.821991
48732,168.821927
48733,168.821864
48734,168.821800
48735,168.821736
48736,168.821672
48737,168.821608
48738,168.821545
48739,168.821481
48740,168.821417
48741,168.821353
48742,168.821290
48743,168.821226
48744,168.821162
48745,168.821098
48746,168.821035
48747,168.820971
48748,168.820907
48749,168.820844
48750,168.820780
48751,168.820716
48752,168.820653
48753,168.820589
48754,168.820525
48755,168.820461
48756,168.820398
48757,168.820334
48758,168.820270
48759,168.820207
48760,168.820143
48761,168.820080
48762,168.820016
48763,168.819952
48764,168.819889
48765,168.819825
48766,168.819761
48767,168.819698
48768,168.819634
48769,168.819571
48770,168.819507
48771,168.819443
48772,168.819380
48773,168.819316
48774,168.819253
48775,168.819189
48776,168.819126
48777,168.819062
48778,168.818998
48779,168.818935
48780,168.818871
48781,168.818808
48782,168.818744
48783,168.818681
48784,168.818617
48785,168.818554
48786,168.818490
48787,168.818427
48788,168.818363
48789,168.818300
48790,168.818236
48791,168.818173
48792,168.818109
48793,168.818046
48794,168.817982
48795,168.817919
48796,168.817855
48797,168.817792
48798,168.817728
48799,168.817665
48800,168.817602
48801,168.817538
48802,168.817475
48803,168.817411
48804,168.817348
48805,168.817284
48806,168.817221
48807,168.817158
48808,168.817094
48809,168.817031
48810,168.816968
48811,168.816904
48812,168.816841
48813,168.816777
48814,168.816714
48815,168.816651
48816,168.816587
48817,168.816524
48818,168.816461
48819,168.816397
48820,168.816334
48821,168.816271
48822,168.816207
48823,168.816144
48824,168.816081
48825,168.816017
48826,168.815954
48827,168.815891
48828,168.815828
48829,168.815764
48830,168.815701
48831,168.815638
48832,168.815574
48833,168.815511
48834,168.815448
48835,168.815385
48836,168.815321
48837,168.815258
48838,168.815195
48839,168.815132
48840,168.815069
48841,168.815005
48842,168.814942
48843,168.814879
48844,168.814816
48845,168.814752
48846,168.814689
48847,168.814626
48848,168.814563
48849,168.814500
48850,168.814437
48851,168.814373
48852,168.814310
48853,168.814247
48854,168.814184
48855,168.814121
48856,168.814058
48857,168.813995
48858,168.813931
48859,168.813868
48860,168.813805
48861,168.813742
48862,168.813679
48863,168.813616
48864,168.813553
48865,168.813490
48866,168.813427
48867,168.813363
48868,168.813300
48869,168.813237
48870,168.813174
48871,168.813111
48872,168.813048
48873,168.812985
48874,168.812922
48875,168.812859
48876,168.812796
48877,168.812733
48878,168.812670
48879,168.812607
48880,168.812544
48881,168.812481
48882,168.812418
48883,168.812355
48884,168.812292
48885,168.812229
48886,168.812166
48887,168.812103
48888,168.812040
48889,168.811977
48890,168.811914
48891,168.811851
48892,168.811788
48893,168.811725
48894,168.811662
48895,168.811599
48896,168.811536
48897,168.811473
48898,168.811411
48899,168.811348
48900,168.811285
48901,168.811222
48902,168.811159
48903,168.811096
48904,168.811033
48905,168.810970
48906,168.810907
48907,168.810845
48908,168.810782
48909,168.810719
48910,168.810656
48911,168.810593
48912,168.810530
48913,168.810467
48914,168.810405
48915,168.810342
48916,168.810279
48917,168.810216
48918,168.810153
48919,168.810091
48920,168.810028
48921,168.809965
48922,168.809902
48923,168.809839
48924,168.809777
48925,168.809714
48926,168.809651
48927,168.809588
48928,168.809525
48929,168.809463
48930,168.809400
48931,168.809337
48932,168.809274
48933,168.809212
48934,168.809149
48935,168.809086
48936,168.809024
48937,168.808961
48938,168.808898
48939,168.808835
48940,168.808773
48941,168.808710
48942,168.808647
48943,168.808585
48944,168.808522
48945,168.808459
48946,168.808397
48947,168.808334
48948,168.808271
48949,168.808209
48950,168.808146
48951,168.808083
48952,168.808021
48953,168.807958
48954,168.807896
48955,168.807833
48956,168.807770
48957,168.807708
48958,168.807645
48959,168.807583
48960,168.807520
48961,168.807457
48962,168.807395
48963,168.807332
48964,168.807270
48965,168.807207
48966,168.807144
48967,168.807082
48968,168.807019
48969,168.806957
48970,168.806894
48971,168.806832
48972,168.806769
48973,168.806707
48974,168.806644
48975,168.806582
48976,168.806519
48977,168.806457
48978,168.806394
48979,168.806332
48980,168.806269
48981,168.806207
48982,168.806144
48983,168.806082
48984,168.806019
48985,168.805957
48986,168.805894
48987,168.805832
48988,168.805769
48989,168.805707
48990,168.805645
48991,168.805582
48992,168.805520
48993,168.805457
48994,168.805395
48995,168.805333
48996,168.805270
48997,168.805208
48998,168.805145
48999,168.805083
49000,168.805021
49001,168.804958
49002,168.804896
49003,168.804833
49004,168.804771
49005,168.804709
49006,168.804646
49007,168.804584
49008,168.804522
49009,168.804459
49010,168.804397
49011,168.804335
49012,168.804272
49013,168.804210
49014,168.804148
49015,168.804085
49016,168.804023
49017,168.803961
49018,168.803899
49019,168.803836
49020,168.803774
49021,168.803712
49022,168.803649
49023,168.803587
49024,168.803525
49025,168.803463
49026,168.803400
49027,168.803338
49028,168.803276
49029,168.803214
49030,168.803152
49031,168.803089
49032,168.803027
49033,168.802965
49034,168.802903
49035,168.802840
49036,168.802778
49037,168.802716
49038,168.802654
49039,168.802592
49040,168.802530
49041,168.802467
49042,168.802405
49043,168.802343
49044,168.802281
49045,168.802219
49046,168.802157
49047,168.802094
49048,168.802032
49049,168.801970
49050,168.801908
49051,168.801846
49052,168.801784
49053,168.801722
49054,168.801660
49055,168.801598
49056,168.801535
49057,168.801473
49058,168.801411
49059,168.801349
49060,168.801287
49061,168.801225
49062,168.801163
49063,168.801101
49064,168.801039
49065,168.800977
49066,168.800915
49067,168.800853
49068,168.800791
49069,168.800729
49070,168.800667
49071,168.800605
49072,168.800543
49073,168.800481
49074,168.800419
49075,168.800357
49076,168.800295
49077,168.800233
49078,168.800171
49079,168.800109
49080,168.800047
49081,168.799985
49082,168.799923
49083,168.799861
49084,168.799799
49085,168.799737
49086,168.799675
49087,168.799613
49088,168.799551
49089,168.799489
49090,168.799427
49091,168.799366
49092,168.799304
49093,168.799242
49094,168.799180
49095,168.799118
49096,168.799056
49097,168.798994
49098,168.798932
49099,168.798870
49100,168.798809
49101,168.798747
49102,168.798685
49103,168.798623
49104,168.798561
49105,168.798499
49106,168.798438
49107,168.798376
49108,168.798314
49109,168.798252
49110,168.798190
49111,168.798128
49112,168.798067
49113,168.798005
49114,168.797943
49115,168.797881
49116,168.797820
49117,168.797758
49118,168.797696
49119,168.797634
49120,168.797572
49121,168.797511
49122,168.797449
49123,168.797387
49124,168.797325
49125,168.797264
49126,168.797202
49127,168.797140
49128,168.797079
49129,168.797017
49130,168.796955
49131,168.796893
49132,168.796832
49133,168.796770
49134,168.796708
49135,168.796647
49136,168.796585
49137,168.796523
49138,168.796462
49139,168.796400
49140,168.796338
49141,168.796277
49142,168.796215
49143,168.796153
49144,168.796092
49145,168.796030
49146,168.795969
49147,168.795907
49148,168.795845
49149,168.795784
49150,168.795722
49151,168.795660
49152,168.795599
49153,168.795537
49154,168.795476
49155,168.795414
49156,168.795353
49157,168.795291
49158,168.795229
49159,168.795168
49160,168.795106
49161,168.795045
49162,168.794983
49163,168.794922
49164,168.794860
49165,168.794799
49166,168.794737
49167,168.794676
49168,168.794614
49169,168.794553
49170,168.794491
49171,168.794430
49172,168.794368
49173,168.794307
49174,168.794245
49175,168.794184
49176,168.794122
49177,168.794061
49178,168.793999
49179,168.793938
49180,168.793876
49181,168.793815
49182,168.793753
49183,168.793692
49184,168.793631
49185,168.793569
49186,168.793508
49187,168.793446
49188,168.793385
49189,168.793324
49190,168.793262
49191,168.793201
49192,168.793139
49193,168.793078
49194,168.793017
49195,168.792955
49196,168.792894
49197,168.792832
49198,168.792771
49199,168.792710
49200,168.792648
49201,168.792587
49202,168.792526
49203,168.792464
49204,168.792403
49205,168.792342
49206,168.792280
49207,168.792219
49208,168.792158
49209,168.792097
49210,168.792035
49211,168.791974
49212,168.791913
49213,168.791851
49214,168.791790
49215,168.791729
49216,168.791668
49217,168.791606
49218,168.791545
49219,168.791484
49220,168.791423
49221,168.791361
49222,168.791300
49223,168.791239
49224,168.791178
49225,168.791116
49226,168.791055
49227,168.790994
49228,168.790933
49229,168.790872
49230,168.790810
49231,168.790749
49232,168.790688
49233,168.790627
49234,168.790566
49235,168.790505
49236,168.790443
49237,168.790382
49238,168.790321
49239,168.790260
49240,168.790199
49241,168.790138
49242,168.790076
49243,168.790015
49244,168.789954
49245,168.789893
49246,168.789832
49247,168.789771
49248,168.789710
49249,168.789649
49250,168.789588
49251,168.789527
49252,168.789465
49253,168.789404
49254,168.789343
49255,168.789282
49256,168.789221
49257,168.789160
49258,168.789099
49259,168.789038
49260,168.788977
49261,168.788916
49262,168.788855
49263,168.788794
49264,168.788733
49265,168.788672
49266,168.788611
49267,168.788550
49268,168.788489
49269,168.788428
49270,168.788367
49271,168.788306
49272,168.788245
49273,168.788184
49274,168.788123
49275,168.788062
49276,168.788001
49277,168.787940
49278,168.787879
49279,168.787818
49280,168.787757
49281,168.787696
49282,168.787635
49283,168.787574
49284,168.787514
49285,168.787453
49286,168.787392
49287,168.787331
49288,168.787270
49289,168.787209
49290,168.787148
49291,168.787087
49292,168.787026
49293,168.786966
49294,168.786905
49295,168.786844
49296,168.786783
49297,168.786722
49298,168.786661
49299,168.786600
49300,168.786540
49301,168.786479
49302,168.786418
49303,168.786357
49304,168.786296
49305,168.786235
49306,168.786175
49307,168.786114
49308,168.786053
49309,168.785992
49310,168.785931
49311,168.785871
49312,168.785810
49313,168.785749
49314,168.785688
49315,168.785628
49316,168.785567
49317,168.785506
49318,168.785445
49319,168.785385
49320,168.785324
49321,168.785263
49322,168.785202
49323,168.785142
49324,168.785081
49325,168.785020
49326,168.784960
49327,168.784899
49328,168.784838
49329,168.784778
49330,168.784717
49331,168.784656
49332,168.784595
49333,168.784535
49334,168.784474
49335,168.784414
49336,168.784353
49337,168.784292
49338,168.784232
49339,168.784171
49340,168.784110
49341,168.784050
49342,168.783989
49343,168.783928
49344,168.783868
49345,168.783807
49346,168.783747
49347,168.783686
49348,168.783625
49349,168.783565
49350,168.783504
49351,168.783444
49352,168.783383
49353,168.783323
49354,168.783262
49355,168.783201
49356,168.783141
49357,168.783080
49358,168.783020
49359,168.782959
49360,168.782899
49361,168.782838
49362,168.782778
49363,168.782717
49364,168.782657
49365,168.782596
49366,168.782536
49367,168.782475
49368,168.782415
49369,168.782354
49370,168.782294
49371,168.782233
49372,168.782173
49373,168.782112
49374,168.782052
49375,168.781991
49376,168.781931
49377,168.781870
49378,168.781810
49379,168.781750
49380,168.781689
49381,168.781629
49382,168.781568
49383,168.781508
49384,168.781447
49385,168.781387
49386,168.781327
49387,168.781266
49388,168.781206
49389,168.781145
49390,168.781085
49391,168.781025
49392,168.780964
49393,168.780904
49394,168.780844
49395,168.780783
49396,168.780723
49397,168.780663
49398,168.780602
49399,168.780542
49400,168.780482
49401,168.780421
49402,168.780361
49403,168.780301
49404,168.780240
49405,168.780180
49406,168.780120
49407,168.780059
49408,168.779999
49409,168.779939
49410,168.779879
49411,168.779818
49412,168.779758
49413,168.779698
49414,168.779638
49415,168.779577
49416,168.779517
49417,168.779457
49418,168.779397
49419,168.779336
49420,168.779276
49421,168.779216
49422,168.779156
49423,168.779095
49424,168.779035
49425,168.778975
49426,168.778915
49427,168.778855
49428,168.778794
49429,168.778734
49430,168.778674
49431,168.778614
49432,168.778554
49433,168.778494
49434,168.778433
49435,168.778373
49436,168.778313
49437,168.778253
49438,168.778193
49439,168.778133
49440,168.778073
49441,168.778012
49442,168.777952
49443,168.777892
49444,168.777832
49445,168.777772
49446,168.777712
49447,168.777652
49448,168.777592
49449,168.777532
49450,168.777472
49451,168.777411
49452,168.777351
49453,168.777291
49454,168.777231
49455,168.777171
49456,168.777111
49457,168.777051
49458,168.776991
49459,168.776931
49460,168.776871
49461,168.776811
49462,168.776751
49463,168.776691
49464,168.776631
49465,168.776571
49466,168.776511
49467,168.776451
49468,168.776391
49469,168.776331
49470,168.776271
49471,168.776211
49472,168.776151
49473,168.776091
49474,168.776031
49475,168.775971
49476,168.775911
49477,168.775851
49478,168.775791
49479,168.775731
49480,168.775672
49481,168.775612
49482,168.775552
49483,168.775492
49484,168.775432
49485,168.775372
49486,168.775312
49487,168.775252
49488,168.775192
49489,168.775132
49490,168.775073
49491,168.775013
49492,168.774953
49493,168.774893
49494,168.774833
49495,168.774773
49496,168.774713
49497,168.774654
49498,168.774594
49499,168.774534
49500,168.774474
49501,168.774414
49502,168.774354
49503,168.774295
49504,168.774235
49505,168.774175
49506,168.774115
49507,168.774055
49508,168.773996
49509,168.773936
49510,168.773876
49511,168.773816
49512,168.773757
49513,168.773697
49514,168.773637
49515,168.773577
49516,168.773518
49517,168.773458
49518,168.773398
49519,168.773338
49520,168.773279
49521,168.773219
49522,168.773159
49523,168.773099
49524,168.773040
49525,168.772980
49526,168.772920
49527,168.772861
49528,168.772801
49529,168.772741
49530,168.772682
49531,168.772622
49532,168.772562
49533,168.772503
49534,168.772443
49535,168.772383
49536,168.772324
49537,168.772264
49538,168.772204
49539,168.772145
49540,168.772085
49541,168.772025
49542,168.771966
49543,168.771906
49544,168.771847
49545,168.771787
49546,168.771727
49547,168.771668
49548,168.771608
49549,168.771549
49550,168.771489
49551,168.771430
49552,168.771370
49553,168.771310
49554,168.771251
49555,168.771191
49556,168.771132
49557,168.771072
49558,168.771013
49559,168.770953
49560,168.770894
49561,168.770834
49562,168.770775
49563,168.770715
49564,168.770656
49565,168.770596
49566,168.770537
49567,168.770477
49568,168.770418
49569,168.770358
49570,168.770299
49571,168.770239
49572,168.770180
49573,168.770120
49574,168.770061
49575,168.770001
49576,168.769942
49577,168.769882
49578,168.769823
49579,168.769764
49580,168.769704
49581,168.769645
49582,168.769585
49583,168.769526
49584,168.769466
49585,168.769407
49586,168.769348
49587,168.769288
49588,168.769229
49589,168.769169
49590,168.769110
49591,168.769051
49592,168.768991
49593,168.768932
49594,168.768873
49595,168.768813
49596,168.768754
49597,168.768695
49598,168.768635
49599,168.768576
49600,168.768517
49601,168.768457
49602,168.768398
49603,168.768339
49604,168.768279
49605,168.768220
49606,168.768161
49607,168.768101
49608,168.768042
49609,168.767983
49610,168.767924
49611,168.767864
49612,168.767805
49613,168.767746
49614,168.767686
49615,168.767627
49616,168.767568
49617,168.767509
49618,168.767449
49619,168.767390
49620,168.767331
49621,168.767272
49622,168.767213
49623,168.767153
49624,168.767094
49625,168.767035
49626,168.766976
49627,168.766917
49628,168.766857
49629,168.766798
49630,168.766739
49631,168.766680
49632,168.766621
49633,168.766561
49634,168.766502
49635,168.766443
49636,168.766384
49637,168.766325
49638,168.766266
49639,168.766207
49640,168.766147
49641,168.766088
49642,168.766029
49643,168.765970
49644,168.765911
49645,168.765852
49646,168.765793
49647,168.765734
49648,168.765675
49649,168.765615
49650,168.765556
49651,168.765497
49652,168.765438
49653,168.765379
49654,168.765320
49655,168.765261
49656,168.765202
49657,168.765143
49658,168.765084
49659,168.765025
49660,168.764966
49661,168.764907
49662,168.764848
49663,168.764789
49664,168.764730
49665,168.764671
49666,168.764612
49667,168.764553
49668,168.764494
49669,168.764435
49670,168.764376
49671,168.764317
49672,168.764258
49673,168.764199
49674,168.764140
49675,168.764081
49676,168.764022
49677,168.763963
49678,168.763904
49679,168.763845
49680,168.763786
49681,168.763727
49682,168.763668
49683,168.763609
49684,168.763551
49685,168.763492
49686,168.763433
49687,168.763374
49688,168.763315
49689,168.763256
49690,168.763197
49691,168.763138
49692,168.763079
49693,168.763021
49694,168.762962
49695,168.762903
49696,168.762844
49697,168.762785
49698,168.762726
49699,168.762667
49700,168.762609
49701,168.762550
49702,168.762491
49703,168.762432
49704,168.762373
49705,168.762315
49706,168.762256
49707,168.762197
49708,168.762138
49709,168.762079
49710,168.762021
49711,168.761962
49712,168.761903
49713,168.761844
49714,168.761785
49715,168.761727
49716,168.761668
49717,168.761609
49718,168.761550
49719,168.761492
49720,168.761433
49721,168.761374
49722,168.761315
49723,168.761257
49724,168.761198
49725,168.761139
49726,168.761081
49727,168.761022
49728,168.760963
49729,168.760905
49730,168.760846
49731,168.760787
49732,168.760728
49733,168.760670
49734,168.760611
49735,168.760552
49736,168.760494
49737,168.760435
49738,168.760377
49739,168.760318
49740,168.760259
49741,168.760201
49742,168.760142
49743,168.760083
49744,168.760025
49745,168.759966
49746,168.759907
49747,168.759849
49748,168.759790
49749,168.759732
49750,168.759673
49751,168.759615
49752,168.759556
49753,168.759497
49754,168.759439
49755,168.759380
49756,168.759322
49757,168.759263
49758,168.759205
49759,168.759146
49760,168.759087
49761,168.759029
49762,168.758970
49763,168.758912
49764,168.758853
49765,168.758795
49766,168.758736
49767,168.758678
49768,168.758619
49769,168.758561
49770,168.758502
49771,168.758444
49772,168.758385
49773,168.758327
49774,168.758268
49775,168.758210
49776,168.758151
49777,168.758093
49778,168.758035
49779,168.757976
49780,168.757918
49781,168.757859
49782,168.757801
49783,168.757742
49784,168.757684
49785,168.757626
49786,168.757567
49787,168.757509
49788,168.757450
49789,168.757392
49790,168.757334
49791,168.757275
49792,168.757217
49793,168.757158
49794,168.757100
49795,168.757042
49796,168.756983
49797,168.756925
49798,168.756867
49799,168.756808
49800,168.756750
49801,168.756691
49802,168.756633
49803,168.756575
49804,168.756517
49805,168.756458
49806,168.756400
49807,168.756342
49808,168.756283
49809,168.756225
49810,168.756167
49811,168.756108
49812,168.756050
49813,168.755992
49814,168.755934
49815,168.755875
49816,168.755817
49817,168.755759
49818,168.755700
49819,168.755642
49820,168.755584
49821,168.755526
49822,168.755467
49823,168.755409
49824,168.755351
49825,168.755293
49826,168.755235
49827,168.755176
49828,168.755118
49829,168.755060
49830,168.755002
49831,168.754944
49832,168.754885
49833,168.754827
49834,168.754769
49835,168.754711
49836,168.754653
49837,168.754594
49838,168.754536
49839,168.754478
49840,168.754420
49841,168.754362
49842,168.754304
49843,168.754246
49844,168.754187
49845,168.754129
49846,168.754071
49847,168.754013
49848,168.753955
49849,168.753897
49850,168.753839
49851,168.753781
49852,168.753723
49853,168.753664
49854,168.753606
49855,168.753548
49856,168.753490
49857,168.753432
49858,168.753374
49859,168.753316
49860,168.753258
49861,168.753200
49862,168.753142
49863,168.753084
49864,168.753026
49865,168.752968
49866,168.752910
49867,168.752852
49868,168.752794
49869,168.752736
49870,168.752678
49871,168.752620
49872,168.752562
49873,168.752504
49874,168.752446
49875,168.752388
49876,168.752330
49877,168.752272
49878,168.752214
49879,168.752156
49880,168.752098
49881,168.752040
49882,168.751982
49883,168.751924
49884,168.751866
49885,168.751808
49886,168.751750
49887,168.751692
49888,168.751634
49889,168.751577
49890,168.751519
49891,168.751461
49892,168.751403
49893,168.751345
49894,168.751287
49895,168.751229
49896,168.751171
49897,168.751113
49898,168.751056
49899,168.750998
49900,168.750940
49901,168.750882
49902,168.750824
49903,168.750766
49904,168.750708
49905,168.750651
49906,168.750593
49907,168.750535
49908,168.750477
49909,168.750419
49910,168.750361
49911,168.750304
49912,168.750246
49913,168.750188
49914,168.750130
49915,168.750072
49916,168.750015
49917,168.749957
49918,168.749899
49919,168.749841
49920,168.749784
49921,168.749726
49922,168.749668
49923,168.749610
49924,168.749553
49925,168.749495
49926,168.749437
49927,168.749379
49928,168.749322
49929,168.749264
49930,168.749206
49931,168.749149
49932,168.749091
49933,168.749033
49934,168.748975
49935,168.748918
49936,168.748860
49937,168.748802
49938,168.748745
49939,168.748687
49940,168.748629
49941,168.748572
49942,168.748514
49943,168.748456
49944,168.748399
49945,168.748341
49946,168.748283
49947,168.748226
49948,168.748168
49949,168.748111
49950,168.748053
49951,168.747995
49952,168.747938
49953,168.747880
49954,168.747822
49955,168.747765
49956,168.747707
49957,168.747650
49958,168.747592
49959,168.747535
49960,168.747477
49961,168.747419
49962,168.747362
49963,168.747304
49964,168.747247
49965,168.747189
49966,168.747132
49967,168.747074
49968,168.747017
49969,168.746959
49970,168.746902
49971,168.746844
49972,168.746786
49973,168.746729
49974,168.746671
49975,168.746614
49976,168.746556
49977,168.746499
49978,168.746442
49979,168.746384
49980,168.746327
49981,168.746269
49982,168.746212
49983,168.746154
49984,168.746097
49985,168.746039
49986,168.745982
49987,168.745924
49988,168.745867
49989,168.745809
49990,168.745752
49991,168.745695
49992,168.745637
49993,168.745580
49994,168.745522
49995,168.745465
49996,168.745408
49997,168.745350
49998,168.745293
49999,168.745235
50000,168.745178
50001,168.745121
50002,168.745063
50003,168.745006
50004,168.744949
50005,168.744891
50006,168.744834
50007,168.744777
50008,168.744719
50009,168.744662
50010,168.744605
50011,168.744547
50012,168.744490
50013,168.744433
50014,168.744375
50015,168.744318
50016,168.744261
50017,168.744203
50018,168.744146
50019,168.744089
50020,168.744031
50021,168.743974
50022,168.743917
50023,168.743860
50024,168.743802
50025,168.743745
50026,168.743688
50027,168.743631
50028,168.743573
50029,168.743516
50030,168.743459
50031,168.743402
50032,168.743344
50033,168.743287
50034,168.743230
50035,168.743173
50036,168.743116
50037,168.743058
50038,168.743001
50039,168.742944
50040,168.742887
50041,168.742830
50042,168.742772
50043,168.742715
50044,168.742658
50045,168.742601
50046,168.742544
50047,168.742487
50048,168.742429
50049,168.742372
50050,168.742315
50051,168.742258
50052,168.742201
50053,168.742144
50054,168.742087
50055,168.742030
50056,168.741972
50057,168.741915
50058,168.741858
50059,168.741801
50060,168.741744
50061,168.741687
50062,168.741630
50063,168.741573
50064,168.741516
50065,168.741459
50066,168.741402
50067,168.741345
50068,168.741287
50069,168.741230
50070,168.741173
50071,168.741116
50072,168.741059
50073,168.741002
50074,168.740945
50075,168.740888
50076,168.740831
50077,168.740774
50078,168.740717
50079,168.740660
50080,168.740603
50081,168.740546
50082,168.740489
50083,168.740432
50084,168.740375
50085,168.740318
50086,168.740261
50087,168.740204
50088,168.740147
50089,168.740090
50090,168.740033
50091,168.739976
50092,168.739920
50093,168.739863
50094,168.739806
50095,168.739749
50096,168.739692
50097,168.739635
50098,168.739578
50099,168.739521
50100,168.739464
50101,168.739407
50102,168.739350
50103,168.739294
50104,168.739237
50105,168.739180
50106,168.739123
50107,168.739066
50108,168.739009
50109,168.738952
50110,168.738895
50111,168.738839
50112,168.738782
50113,168.738725
50114,168.738668
50115,168.738611
50116,168.738554
50117,168.738498
50118,168.738441
50119,168.738384
50120,168.738327
50121,168.738270
50122,168.738214
50123,168.738157
50124,168.738100
50125,168.738043
50126,168.737986
50127,168.737930
50128,168.737873
50129,168.737816
50130,168.737759
50131,168.737703
50132,168.737646
50133,168.737589
50134,168.737532
50135,168.737476
50136,168.737419
50137,168.737362
50138,168.737305
50139,168.737249
50140,168.737192
50141,168.737135
50142,168.737079
50143,168.737022
50144,168.736965
50145,168.736908
50146,168.736852
50147,168.736795
50148,168.736738
50149,168.736682
50150,168.736625
50151,168.736568
50152,168.736512
50153,168.736455
50154,168.736398
50155,168.736342
50156,168.736285
50157,168.736229
50158,168.736172
50159,168.736115
50160,168.736059
50161,168.736002
50162,168.735945
50163,168.735889
50164,168.735832
50165,168.735776
50166,168.735719
50167,168.735663
50168,168.735606
50169,168.735549
50170,168.735493
50171,168.735436
50172,168.735380
50173,168.735323
50174,168.735267
50175,168.735210
50176,168.735153
50177,168.735097
50178,168.735040
50179,168.734984
50180,168.734927
50181,168.734871
50182,168.734814
50183,168.734758
50184,168.734701
50185,168.734645
50186,168.734588
50187,168.734532
50188,168.734475
50189,168.734419
50190,168.734362
50191,168.734306
50192,168.734249
50193,168.734193
50194,168.734136
50195,168.734080
50196,168.734024
50197,168.733967
50198,168.733911
50199,168.733854
50200,168.733798
50201,168.733741
50202,168.733685
50203,168.733629
50204,168.733572
50205,168.733516
50206,168.733459
50207,168.733403
50208,168.733347
50209,168.733290
50210,168.733234
50211,168.733177
50212,168.733121
50213,168.733065
50214,168.733008
50215,168.732952
50216,168.732896
50217,168.732839
50218,168.732783
50219,168.732727
50220,168.732670
50221,168.732614
50222,168.732558
50223,168.732501
50224,168.732445
50225,168.732389
50226,168.732332
50227,168.732276
50228,168.732220
50229,168.732163
50230,168.732107
50231,168.732051
50232,168.731995
50233,168.731938
50234,168.731882
50235,168.731826
50236,168.731769
50237,168.731713
50238,168.731657
50239,168.731601
50240,168.731544
50241,168.731488
50242,168.731432
50243,168.731376
50244,168.731320
50245,168.731263
50246,168.731207
50247,168.731151
50248,168.731095
50249,168.731039
50250,168.730982
50251,168.730926
50252,168.730870
50253,168.730814
50254,168.730758
50255,168.730701
50256,168.730645
50257,168.730589
50258,168.730533
50259,168.730477
50260,168.730421
50261,168.730364
50262,168.730308
50263,168.730252
50264,168.730196
50265,168.730140
50266,168.730084
50267,168.730028
50268,168.729972
50269,168.729916
50270,168.729859
50271,168.729803
50272,168.729747
50273,168.729691
50274,168.729635
50275,168.729579
50276,168.729523
50277,168.729467
50278,168.729411
50279,168.729355
50280,168.729299
50281,168.729243
50282,168.729187
50283,168.729131
50284,168.729074
50285,168.729018
50286,168.728962
50287,168.728906
50288,168.728850
50289,168.728794
50290,168.728738
50291,168.728682
50292,168.728626
50293,168.728570
50294,168.728514
50295,168.728458
50296,168.728402
50297,168.728346
50298,168.728290
50299,168.728235
50300,168.728179
50301,168.728123
50302,168.728067
50303,168.728011
50304,168.727955
50305,168.727899
50306,168.727843
50307,168.727787
50308,168.727731
50309,168.727675
50310,168.727619
50311,168.727563
50312,168.727507
50313,168.727451
50314,168.727396
50315,168.727340
50316,168.727284
50317,168.727228
50318,168.727172
50319,168.727116
50320,168.727060
50321,168.727004
50322,168.726949
50323,168.726893
50324,168.726837
50325,168.726781
50326,168.726725
50327,168.726669
50328,168.726614
50329,168.726558
50330,168.726502
50331,168.726446
50332,168.726390
50333,168.726334
50334,168.726279
50335,168.726223
50336,168.726167
50337,168.726111
50338,168.726055
50339,168.726000
50340,168.725944
50341,168.725888
50342,168.725832
50343,168.725777
50344,168.725721
50345,168.725665
50346,168.725609
50347,168.725554
50348,168.725498
50349,168.725442
50350,168.725386
50351,168.725331
50352,168.725275
50353,168.725219
50354,168.725164
50355,168.725108
50356,168.725052
50357,168.724996
50358,168.724941
50359,168.724885
50360,168.724829
50361,168.724774
50362,168.724718
50363,168.724662
50364,168.724607
50365,168.724551
50366,168.724495
50367,168.724440
50368,168.724384
50369,168.724328
50370,168.724273
50371,168.724217
50372,168.724162
50373,168.724106
50374,168.724050
50375,168.723995
50376,168.723939
50377,168.723884
50378,168.723828
50379,168.723772
50380,168.723717
50381,168.723661
50382,168.723606
50383,168.723550
50384,168.723494
50385,168.723439
50386,168.723383
50387,168.723328
50388,168.723272
50389,168.723217
50390,168.723161
50391,168.723106
50392,168.723050
50393,168.722994
50394,168.722939
50395,168.722883
50396,168.722828
50397,168.722772
50398,168.722717
50399,168.722661
50400,168.722606
50401,168.722550
50402,168.722495
50403,168.722439
50404,168.722384
50405,168.722329
50406,168.722273
50407,168.722218
50408,168.722162
50409,168.722107
50410,168.722051
50411,168.721996
50412,168.721940
50413,168.721885
50414,168.721829
50415,168.721774
50416,168.721719
50417,168.721663
50418,168.721608
50419,168.721552
50420,168.721497
50421,168.721442
50422,168.721386
50423,168.721331
50424,168.721275
50425,168.721220
50426,168.721165
50427,168.721109
50428,168.721054
50429,168.720999
50430,168.720943
50431,168.720888
50432,168.720832
50433,168.720777
50434,168.720722
50435,168.720666
50436,168.720611
50437,168.720556
50438,168.720500
50439,168.720445
50440,168.720390
50441,168.720335
50442,168.720279
50443,168.720224
50444,168.720169
50445,168.720113
50446,168.720058
50447,168.720003
50448,168.719948
50449,168.719892
50450,168.719837
50451,168.719782
50452,168.719726
50453,168.719671
50454,168.719616
50455,168.719561
50456,168.719505
50457,168.719450
50458,168.719395
50459,168.719340
50460,168.719285
50461,168.719229
50462,168.719174
50463,168.719119
50464,168.719064
50465,168.719009
50466,168.718953
50467,168.718898
50468,168.718843
50469,168.718788
50470,168.718733
50471,168.718677
50472,168.718622
50473,168.718567
50474,168.718512
50475,168.718457
50476,168.718402
50477,168.718347
50478,168.718291
50479,168.718236
50480,168.718181
50481,168.718126
50482,168.718071
50483,168.718016
50484,168.717961
50485,168.717906
50486,168.717850
50487,168.717795
50488,168.717740
50489,168.717685
50490,168.717630
50491,168.717575
50492,168.717520
50493,168.717465
50494,168.717410
50495,168.717355
50496,168.717300
50497,168.717245
50498,168.717190
50499,168.717135
50500,168.717080
50501,168.717025
50502,168.716969
50503,168.716914
50504,168.716859
50505,168.716804
50506,168.716749
50507,168.716694
50508,168.716639
50509,168.716584
50510,168.716529
50511,168.716474
50512,168.716419
50513,168.716365
50514,168.716310
50515,168.716255
50516,168.716200
50517,168.716145
50518,168.716090
50519,168.716035
50520,168.715980
50521,168.715925
50522,168.715870
50523,168.715815
50524,168.715760
50525,168.715705
50526,168.715650
50527,168.715595
50528,168.715540
50529,168.715486
50530,168.715431
50531,168.715376
50532,168.715321
50533,168.715266
50534,168.715211
50535,168.715156
50536,168.715101
50537,168.715046
50538,168.714992
50539,168.714937
50540,168.714882
50541,168.714827
50542,168.714772
50543,168.714717
50544,168.714663
50545,168.714608
50546,168.714553
50547,168.714498
50548,168.714443
50549,168.714388
50550,168.714334
50551,168.714279
50552,168.714224
50553,168.714169
50554,168.714114
50555,168.714060
50556,168.714005
50557,168.713950
50558,168.713895
50559,168.713841
50560,168.713786
50561,168.713731
50562,168.713676
50563,168.713622
50564,168.713567
50565,168.713512
50566,168.713457
50567,168.713403
50568,168.713348
50569,168.713293
50570,168.713238
50571,168.713184
50572,168.713129
50573,168.713074
50574,168.713020
50575,168.712965
50576,168.712910
50577,168.712856
50578,168.712801
50579,168.712746
50580,168.712692
50581,168.712637
50582,168.712582
50583,168.712528
50584,168.712473
50585,168.712418
50586,168.712364
50587,168.712309
50588,168.712254
50589,168.712200
50590,168.712145
50591,168.712090
50592,168.712036
50593,168.711981
50594,168.711927
50595,168.711872
50596,168.711817
50597,168.711763
50598,168.711708
50599,168.711654
50600,168.711599
50601,168.711544
50602,168.711490
50603,168.711435
50604,168.711381
50605,168.711326
50606,168.711272
50607,168.711217
50608,168.711163
50609,168.711108
50610,168.711054
50611,168.710999
50612,168.710944
50613,168.710890
50614,168.710835
50615,168.710781
50616,168.710726
50617,168.710672
50618,168.710617
50619,168.710563
50620,168.710508
50621,168.710454
50622,168.710399
50623,168.710345
50624,168.710291
50625,168.710236
50626,168.710182
50627,168.710127
50628,168.710073
50629,168.710018
50630,168.709964
50631,168.709909
50632,168.709855
50633,168.709800
50634,168.709746
50635,168.709692
50636,168.709637
50637,168.709583
50638,168.709528
50639,168.709474
50640,168.709420
50641,168.709365
50642,168.709311
50643,168.709256
50644,168.709202
50645,168.709148
50646,168.709093
50647,168.709039
50648,168.708985
50649,168.708930
50650,168.708876
50651,168.708822
50652,168.708767
50653,168.708713
50654,168.708659
50655,168.708604
50656,168.708550
50657,168.708496
50658,168.708441
50659,168.708387
50660,168.708333
50661,168.708278
50662,168.708224
50663,168.708170
50664,168.708115
50665,168.708061
50666,168.708007
50667,168.707953
50668,168.707898
50669,168.707844
50670,168.707790
50671,168.707736
50672,168.707681
50673,168.707627
50674,168.707573
50675,168.707519
50676,168.707464
50677,168.707410
50678,168.707356
50679,168.707302
50680,168.707247
50681,168.707193
50682,168.707139
50683,168.707085
50684,168.707031
50685,168.706976
50686,168.706922
50687,168.706868
50688,168.706814
50689,168.706760
50690,168.706705
50691,168.706651
50692,168.706597
50693,168.706543
50694,168.706489
50695,168.706435
50696,168.706381
50697,168.706326
50698,168.706272
50699,168.706218
50700,168.706164
50701,168.706110
50702,168.706056
50703,168.706002
50704,168.705948
50705,168.705893
50706,168.705839
50707,168.705785
50708,168.705731
50709,168.705677
50710,168.705623
50711,168.705569
50712,168.705515
50713,168.705461
50714,168.705407
50715,168.705353
50716,168.705299
50717,168.705245
50718,168.705191
50719,168.705136
50720,168.705082
50721,168.705028
50722,168.704974
50723,168.704920
50724,168.704866
50725,168.704812
50726,168.704758
50727,168.704704
50728,168.704650
50729,168.704596
50730,168.704542
50731,168.704488
50732,168.704434
50733,168.704380
50734,168.704326
50735,168.704272
50736,168.704218
50737,168.704165
50738,168.704111
50739,168.704057
50740,168.704003
50741,168.703949
50742,168.703895
50743,168.703841
50744,168.703787
50745,168.703733
50746,168.703679
50747,168.703625
50748,168.703571
50749,168.703517
50750,168.703463
50751,168.703410
50752,168.703356
50753,168.703302
50754,168.703248
50755,168.703194
50756,168.703140
50757,168.703086
50758,168.703032
50759,168.702979
50760,168.702925
50761,168.702871
50762,168.702817
50763,168.702763
50764,168.702709
50765,168.702655
50766,168.702602
50767,168.702548
50768,168.702494
50769,168.702440
50770,168.702386
50771,168.702333
50772,168.702279
50773,168.702225
50774,168.702171
50775,168.702117
50776,168.702064
50777,168.702010
50778,168.701956
50779,168.701902
50780,168.701848
50781,168.701795
50782,168.701741
50783,168.701687
50784,168.701633
50785,168.701580
50786,168.701526
50787,168.701472
50788,168.701419
50789,168.701365
50790,168.701311
50791,168.701257
50792,168.701204
50793,168.701150
50794,168.701096
50795,168.701043
50796,168.700989
50797,168.700935
50798,168.700881
50799,168.700828
50800,168.700774
50801,168.700720
50802,168.700667
50803,168.700613
50804,168.700559
50805,168.700506
50806,168.700452
50807,168.700398
50808,168.700345
50809,168.700291
50810,168.700238
50811,168.700184
50812,168.700130
50813,168.700077
50814,168.700023
50815,168.699969
50816,168.699916
50817,168.699862
50818,168.699809
50819,168.699755
50820,168.699701
50821,168.699648
50822,168.699594
50823,168.699541
50824,168.699487
50825,168.699434
50826,168.699380
50827,168.699326
50828,168.699273
50829,168.699219
50830,168.699166
50831,168.699112
50832,168.699059
50833,168.699005
50834,168.698952
50835,168.698898
50836,168.698845
50837,168.698791
50838,168.698738
50839,168.698684
50840,168.698631
50841,168.698577
50842,168.698524
50843,168.698470
50844,168.698417
50845,168.698363
50846,168.698310
50847,168.698256
50848,168.698203
50849,168.698149
50850,168.698096
50851,168.698042
50852,168.697989
50853,168.697936
50854,168.697882
50855,168.697829
50856,168.697775
50857,168.697722
50858,168.697668
50859,168.697615
50860,168.697562
50861,168.697508
50862,168.697455
50863,168.697401
50864,168.697348
50865,168.697295
50866,168.697241
50867,168.697188
50868,168.697134
50869,168.697081
50870,168.697028
50871,168.696974
50872,168.696921
50873,168.696868
50874,168.696814
50875,168.696761
50876,168.696708
50877,168.696654
50878,168.696601
50879,168.696548
50880,168.696494
50881,168.696441
50882,168.696388
50883,168.696334
50884,168.696281
50885,168.696228
50886,168.696174
50887,168.696121
50888,168.696068
50889,168.696015
50890,168.695961
50891,168.695908
50892,168.695855
50893,168.695802
50894,168.695748
50895,168.695695
50896,168.695642
50897,168.695589
50898,168.695535
50899,168.695482
50900,168.695429
50901,168.695376
50902,168.695322
50903,168.695269
50904,168.695216
50905,168.695163
50906,168.695110
50907,168.695056
50908,168.695003
50909,168.694950
50910,168.694897
50911,168.694844
50912,168.694790
50913,168.694737
50914,168.694684
50915,168.694631
50916,168.694578
50917,168.694525
50918,168.694471
50919,168.694418
50920,168.694365
50921,168.694312
50922,168.694259
50923,168.694206
50924,168.694153
50925,168.694099
50926,168.694046
50927,168.693993
50928,168.693940
50929,168.693887
50930,168.693834
50931,168.693781
50932,168.693728
50933,168.693675
50934,168.693622
50935,168.693568
50936,168.693515
50937,168.693462
50938,168.693409
50939,168.693356
50940,168.693303
50941,168.693250
50942,168.693197
50943,168.693144
50944,168.693091
50945,168.693038
50946,168.692985
50947,168.692932
50948,168.692879
50949,168.692826
50950,168.692773
50951,168.692720
50952,168.692667
50953,168.692614
50954,168.692561
50955,168.692508
50956,168.692455
50957,168.692402
50958,168.692349
50959,168.692296
50960,168.692243
50961,168.692190
50962,168.692137
50963,168.692084
50964,168.692031
50965,168.691978
50966,168.691925
50967,168.691872
50968,168.691819
50969,168.691766
50970,168.691714
50971,168.691661
50972,168.691608
50973,168.691555
50974,168.691502
50975,168.691449
50976,168.691396
50977,168.691343
50978,168.691290
50979,168.691237
50980,168.691185
50981,168.691132
50982,168.691079
50983,168.691026
50984,168.690973
50985,168.690920
50986,168.690867
50987,168.690814
50988,168.690762
50989,168.690709
50990,168.690656
50991,168.690603
50992,168.690550
50993,168.690497
50994,168.690445
50995,168.690392
50996,168.690339
50997,168.690286
50998,168.690233
50999,168.690181
51000,168.690128
51001,168.690075
51002,168.690022
51003,168.689970
51004,168.689917
51005,168.689864
51006,168.689811
51007,168.689758
51008,168.689706
51009,168.689653
51010,168.689600
51011,168.689547
51012,168.689495
51013,168.689442
51014,168.689389
51015,168.689337
51016,168.689284
51017,168.689231
51018,168.689178
51019,168.689126
51020,168.689073
51021,168.689020
51022,168.688968
51023,168.688915
51024,168.688862
51025,168.688810
51026,168.688757
51027,168.688704
51028,168.688651
51029,168.688599
51030,168.688546
51031,168.688494
51032,168.688441
51033,168.688388
51034,168.688336
51035,168.688283
51036,168.688230
51037,168.688178
51038,168.688125
51039,168.688072
51040,168.688020
51041,168.687967
51042,168.687915
51043,168.687862
51044,168.687809
51045,168.687757
51046,168.687704
51047,168.687652
51048,168.687599
51049,168.687546
51050,168.687494
51051,168.687441
51052,168.687389
51053,168.687336
51054,168.687284
51055,168.687231
51056,168.687179
51057,168.687126
51058,168.687073
51059,168.687021
51060,168.686968
51061,168.686916
51062,168.686863
51063,168.686811
51064,168.686758
51065,168.686706
51066,168.686653
51067,168.686601
51068,168.686548
51069,168.686496
51070,168.686443
51071,168.686391
51072,168.686338
51073,168.686286
51074,168.686233
51075,168.686181
51076,168.686129
51077,168.686076
51078,168.686024
51079,168.685971
51080,168.685919
51081,168.685866
51082,168.685814
51083,168.685761
51084,168.685709
51085,168.685657
51086,168.685604
51087,168.685552
51088,168.685499
51089,168.685447
51090,168.685395
51091,168.685342
51092,168.685290
51093,168.685237
51094,168.685185
51095,168.685133
51096,168.685080
51097,168.685028
51098,168.684976
51099,168.684923
51100,168.684871
51101,168.684818
51102,168.684766
51103,168.684714
51104,168.684661
51105,168.684609
51106,168.684557
51107,168.684504
51108,168.684452
51109,168.684400
51110,168.684348
51111,168.684295
51112,168.684243
51113,168.684191
51114,168.684138
51115,168.684086
51116,168.684034
51117,168.683981
51118,168.683929
51119,168.683877
51120,168.683825
51121,168.683772
51122,168.683720
51123,168.683668
51124,168.683616
51125,168.683563
51126,168.683511
51127,168.683459
51128,168.683407
51129,168.683354
51130,168.683302
51131,168.683250
51132,168.683198
51133,168.683146
51134,168.683093
51135,168.683041
51136,168.682989
51137,168.682937
51138,168.682885
51139,168.682832
51140,168.682780
51141,168.682728
51142,168.682676
51143,168.682624
51144,168.682572
51145,168.682519
51146,168.682467
51147,168.682415
51148,168.682363
51149,168.682311
51150,168.682259
51151,168.682207
51152,168.682154
51153,168.682102
51154,168.682050
51155,168.681998
51156,168.681946
51157,168.681894
51158,168.681842
51159,168.681790
51160,168.681738
51161,168.681685
51162,168.681633
51163,168.681581
51164,168.681529
51165,168.681477
51166,168.681425
51167,168.681373
51168,168.681321
51169,168.681269
51170,168.681217
51171,168.681165
51172,168.681113
51173,168.681061
51174,168.681009
51175,168.680957
51176,168.680905
51177,168.680853
51178,168.680801
51179,168.680749
51180,168.680697
51181,168.680645
51182,168.680593
51183,168.680541
51184,168.680489
51185,168.680437
51186,168.680385
51187,168.680333
51188,168.680281
51189,168.680229
51190,168.680177
51191,168.680125
51192,168.680073
51193,168.680021
51194,168.679969
51195,168.679917
51196,168.679865
51197,168.679813
51198,168.679761
51199,168.679709
51200,168.679657
51201,168.679605
51202,168.679554
51203,168.679502
51204,168.679450
51205,168.679398
51206,168.679346
51207,168.679294
51208,168.679242
51209,168.679190
51210,168.679138
51211,168.679087
51212,168.679035
51213,168.678983
51214,168.678931
51215,168.678879
51216,168.678827
51217,168.678775
51218,168.678724
51219,168.678672
51220,168.678620
51221,168.678568
51222,168.678516
51223,168.678464
51224,168.678413
51225,168.678361
51226,168.678309
51227,168.678257
51228,168.678205
51229,168.678154
51230,168.678102
51231,168.678050
51232,168.677998
51233,168.677946
51234,168.677895
51235,168.677843
51236,168.677791
51237,168.677739
51238,168.677688
51239,168.677636
51240,168.677584
51241,168.677532
51242,168.677481
51243,168.677429
51244,168.677377
51245,168.677325
51246,168.677274
51247,168.677222
51248,168.677170
51249,168.677119
51250,168.677067
51251,168.677015
51252,168.676963
51253,168.676912
51254,168.676860
51255,168.676808
51256,168.676757
51257,168.676705
51258,168.676653
51259,168.676602
51260,168.676550
51261,168.676498
51262,168.676447
51263,168.676395
51264,168.676343
51265,168.676292
51266,168.676240
51267,168.676188
51268,168.676137
51269,168.676085
51270,168.676034
51271,168.675982
51272,168.675930
51273,168.675879
51274,168.675827
51275,168.675776
51276,168.675724
51277,168.675672
51278,168.675621
51279,168.675569
51280,168.675518
51281,168.675466
51282,168.675415
51283,168.675363
51284,168.675311
51285,168.675260
51286,168.675208
51287,168.675157
51288,168.675105
51289,168.675054
51290,168.675002
51291,168.674951
51292,168.674899
51293,168.674848
51294,168.674796
51295,168.674745
51296,168.674693
51297,168.674642
51298,168.674590
51299,168.674539
51300,168.674487
51301,168.674436
51302,168.674384
51303,168.674333
