PetType_1,PetType_2,Breed_1,Breed_2,Breed_3,AgeMonths,Color_1,Color_2,Color_3,Size_1,Size_2,WeightKg,Vaccinated,HealthCondition,TimeInShelterDays,AdoptionFee,PreviousOwner,AdoptionLikelihood
0,0,0,0,0,131,0,0,0,0,0,5.039767822529515,1,0,27,140,0,0
0,1,0,0,1,73,0,0,1,0,0,16.086726854616735,0,0,8,235,0,0
1,0,0,1,0,136,0,0,0,0,1,2.0762862789067658,0,0,85,385,0,0
0,0,0,0,0,97,0,0,1,1,0,3.339423254344144,0,0,61,217,1,0
0,1,0,0,1,123,0,1,0,0,0,20.49809976164308,0,0,28,14,1,0
1,0,0,1,1,70,0,1,1,0,0,20.986260902397984,0,0,87,301,1,0
0,0,0,0,0,169,0,1,1,1,0,10.90261279164483,1,0,70,440,1,0
1,1,1,0,0,13,0,0,0,0,0,7.252683192048298,1,0,3,137,0,1
0,0,0,0,0,49,0,1,1,0,1,24.59759785196193,1,1,69,405,0,0
0,0,0,0,0,60,0,1,0,0,0,7.2959936546268205,0,0,73,231,1,0
0,0,0,0,0,130,0,0,0,0,0,16.71878502032501,0,0,7,88,0,0
0,1,0,0,1,5,0,0,1,1,0,29.078056385024258,1,0,60,462,0,1
1,0,0,1,0,172,0,1,1,0,0,5.28772069800913,1,0,4,76,1,0
1,1,1,0,0,27,1,0,0,0,0,28.28541175734656,1,0,5,135,0,0
1,1,1,0,1,160,0,1,1,0,1,6.303898538991391,1,0,11,404,0,1
0,1,0,0,1,149,0,0,1,1,0,17.45585303267366,1,0,15,468,1,0
1,1,1,0,1,8,0,0,0,1,0,11.933223646803594,1,1,64,405,1,0
1,1,1,0,1,50,0,0,1,0,1,28.98292944355295,1,0,13,109,0,1
0,1,0,0,1,67,1,0,0,0,0,8.932718841056172,1,1,7,352,1,0
1,0,0,1,1,44,0,1,0,1,0,12.590082060486855,0,1,6,300,0,0
0,1,0,0,1,125,0,1,1,1,0,29.502943417807195,1,0,56,90,0,0
1,1,1,0,1,58,0,0,0,0,0,16.557641344465722,0,0,64,423,1,0
1,0,0,1,1,3,0,1,0,0,0,15.57627335301635,1,0,50,369,1,1
1,0,0,1,0,86,0,0,1,1,0,8.475576157915746,1,0,30,405,0,0
0,0,0,0,0,70,0,0,0,0,0,21.3395432490028,1,0,22,413,0,0
0,0,0,0,0,130,0,1,0,1,0,1.4168156015555518,1,0,25,189,0,0
1,1,1,0,1,172,0,0,0,0,0,2.4358662613665123,1,0,28,72,0,0
0,1,0,0,1,2,1,0,0,0,0,18.38139902693828,1,1,84,172,0,0
0,1,0,0,1,102,1,0,0,0,1,10.90856264073517,0,0,39,34,0,0
0,1,0,0,1,35,0,1,1,0,0,28.646174793827857,0,1,67,209,0,0
0,0,0,0,0,98,0,1,1,0,1,27.192530030960786,1,0,5,297,0,1
1,1,1,0,1,30,1,0,0,0,0,21.69748150162451,1,1,65,132,0,0
0,0,0,0,0,116,0,0,0,1,0,24.72622185270624,1,0,15,282,1,0
1,1,1,0,0,8,1,0,0,1,0,20.352623640363106,1,0,67,197,0,1
0,1,0,0,1,150,0,1,1,0,0,4.64188097859466,1,0,40,445,0,0
0,0,0,0,0,44,1,0,0,0,0,23.20075772098688,0,0,69,31,1,0
0,1,0,0,1,36,1,0,0,1,0,7.095567092846545,1,0,77,135,1,0
0,1,0,0,1,77,0,0,0,0,0,10.379842797905706,0,0,43,247,0,0
1,0,0,1,0,31,0,1,0,0,1,24.757792150970186,1,0,1,358,0,1
1,0,0,1,0,47,0,1,1,0,1,16.55924264341,0,0,22,340,1,0
0,0,0,0,0,55,0,0,0,0,1,25.938280711318868,1,0,62,145,0,1
1,0,0,1,1,106,1,0,0,0,1,7.1780242754546615,0,0,79,333,1,1
0,0,0,0,0,158,1,0,0,0,1,18.62557471959973,1,0,26,142,0,1
1,1,1,0,1,121,0,1,0,0,0,3.429938203899587,1,1,18,233,0,0
1,0,1,1,0,55,0,1,1,0,0,19.64876881266086,1,0,48,409,0,0
1,1,1,0,1,144,0,1,1,0,1,23.11348709549051,1,0,9,436,1,1
1,0,1,1,0,12,0,0,1,0,0,17.962995925382927,1,1,1,43,1,0
1,0,1,1,0,145,0,1,1,0,0,8.720713543465497,1,0,9,31,0,0
0,1,0,0,1,144,0,1,0,0,1,1.9089373969071348,1,0,23,230,0,1
0,1,0,0,1,140,0,0,1,0,0,4.4640176349642875,0,0,45,27,0,0
0,0,0,0,0,136,0,0,1,0,0,19.04678639314676,1,0,2,422,0,0
0,1,0,0,1,3,1,0,0,0,0,28.0981862884329,0,0,14,490,1,0
0,0,0,0,0,144,1,0,0,0,1,6.989497715188185,0,0,38,159,0,0
0,1,0,0,1,30,0,1,1,0,0,22.315758324047863,1,0,40,332,1,0
1,0,0,1,0,23,0,0,1,1,0,26.127080834222205,1,0,63,206,0,1
0,0,0,0,0,92,1,0,0,1,0,16.10558317497782,1,0,82,17,1,0
1,1,1,0,0,115,0,1,0,0,1,20.408708079466074,1,1,16,102,1,0
0,1,0,0,1,104,1,0,0,1,0,24.635444183608296,0,0,75,69,0,0
1,1,1,0,1,118,1,0,0,0,1,8.559579574477214,0,1,6,118,0,0
0,1,0,0,1,5,0,0,1,1,0,9.609974553773247,1,1,3,138,0,0
1,1,1,0,1,104,0,0,1,1,0,1.018197982225229,1,0,14,159,0,0
1,1,1,0,1,108,0,0,0,1,0,28.929729796036273,0,0,66,231,0,0
1,1,1,0,1,65,0,1,0,0,1,27.608801943294,1,0,75,147,0,1
1,1,1,0,0,121,0,0,1,0,1,23.17247964902348,1,1,86,352,1,0
0,0,0,0,0,30,0,1,1,0,0,3.2932046083227955,1,0,67,423,0,0
1,1,1,0,1,149,0,1,0,0,1,13.977583801285736,1,1,31,391,1,0
0,1,0,0,1,84,0,1,0,1,0,3.9548608651750317,1,0,33,242,1,0
1,1,1,0,1,150,0,0,1,1,0,1.4616877506211594,1,0,88,34,1,0
1,1,1,0,1,32,0,1,0,0,1,18.869305991165323,0,0,1,324,0,0
1,1,1,0,0,161,0,0,1,0,1,28.864053095325463,1,0,44,381,0,1
0,1,0,0,1,16,1,0,0,0,1,27.183172679532355,1,0,15,354,0,1
0,0,0,0,0,38,0,0,0,0,0,21.205889633126727,0,0,37,238,0,0
0,1,0,0,1,142,1,0,0,1,0,3.8025769407812713,1,0,27,333,0,0
1,1,1,0,0,36,0,0,1,0,0,8.950757092496705,1,0,48,148,1,0
0,1,0,0,1,151,0,0,1,0,0,10.281645079673439,1,1,27,110,0,0
1,0,1,1,0,114,1,0,0,1,0,23.131351674621275,0,1,12,407,0,0
0,1,0,0,1,66,0,1,1,1,0,24.265226197818308,1,0,67,16,1,0
1,0,0,1,1,105,0,1,1,0,1,12.168077566707693,1,0,30,401,0,1
1,1,1,0,0,85,0,1,1,0,1,13.11863590191068,0,0,87,225,0,0
1,0,1,1,0,2,0,0,1,0,0,2.2907621390089687,1,0,66,139,1,1
1,0,0,1,1,75,0,1,0,0,1,9.384964834144068,1,0,7,143,0,1
1,0,0,1,1,67,0,0,1,0,1,14.087270138151558,1,0,34,259,0,1
0,0,0,0,0,151,0,1,0,1,0,4.39250834517247,0,1,32,216,0,0
1,0,0,1,1,154,1,0,0,1,0,14.144756361895618,1,1,39,161,1,0
1,0,0,1,0,55,0,0,0,0,1,25.74209855547621,1,0,43,91,0,1
1,0,0,1,1,6,0,1,0,1,0,17.858309572026545,1,0,43,173,0,1
0,1,0,0,1,163,0,1,1,0,1,3.288965796113957,1,0,78,330,0,1
0,1,0,0,1,150,0,0,1,1,0,6.558468246077956,1,0,3,204,0,0
0,1,0,0,1,171,1,0,0,1,0,14.76178615459813,0,0,46,414,0,0
0,0,0,0,0,143,0,1,1,1,0,11.48312734483255,1,0,32,152,0,0
0,0,0,0,0,86,1,0,0,1,0,11.403083566836864,1,0,43,102,0,0
0,0,0,0,0,60,0,0,0,0,1,16.348755996164115,1,1,81,201,0,0
1,0,0,1,0,101,0,0,1,0,0,17.947481726094264,0,0,3,279,0,0
0,0,0,0,0,12,0,0,1,1,0,24.10898553800954,1,1,74,64,0,0
1,0,0,1,0,49,0,0,0,0,1,10.888030340412055,1,1,63,116,0,0
1,0,1,1,0,42,0,0,1,0,1,24.358522208177018,1,1,40,152,0,0
0,0,0,0,0,166,0,1,0,1,0,10.819725644266343,0,0,18,155,0,0
1,1,1,0,0,82,1,0,0,0,0,2.607556679295781,0,0,67,163,1,0
0,1,0,0,1,173,0,1,1,1,0,17.071441879138945,0,0,62,81,1,0
0,0,0,0,0,35,0,0,0,0,1,18.049167421949623,1,0,10,5,0,1
1,0,1,1,0,158,0,1,0,0,0,28.101667123033945,0,0,52,321,0,0
1,0,0,1,0,158,0,1,1,0,1,22.055778455811758,0,0,73,66,0,0
0,0,0,0,0,134,0,1,1,1,0,27.615406922338746,0,0,46,237,0,0
1,1,1,0,1,67,0,0,0,0,0,27.34206909704728,1,0,55,71,0,0
1,0,0,1,0,80,0,1,0,0,1,18.53264919748902,0,1,46,94,0,0
0,1,0,0,1,7,0,1,1,0,1,16.305099894756978,1,0,75,303,1,1
0,1,0,0,1,14,0,1,1,0,1,17.165788047744396,0,0,60,466,0,1
1,1,1,0,0,73,0,1,0,1,0,29.371593422640185,1,0,26,497,0,0
0,0,0,0,0,143,0,0,1,0,0,23.421863060661806,1,0,27,325,1,0
1,0,0,1,0,149,0,1,1,1,0,4.081711238979479,1,0,38,77,0,0
1,0,0,1,0,163,1,0,0,1,0,23.574423796660597,1,0,22,66,0,0
1,1,1,0,0,66,0,1,0,1,0,5.945603418048551,1,0,26,175,1,0
1,0,0,1,1,91,0,1,1,0,0,13.973165921163144,1,0,86,320,1,1
1,1,1,0,0,130,0,0,0,1,0,7.103330493119494,1,0,69,171,1,0
0,0,0,0,0,163,1,0,0,1,0,20.997908900463663,1,0,35,477,0,0
1,1,1,0,0,20,0,1,1,1,0,26.441982349598035,1,0,66,254,0,1
0,0,0,0,0,10,1,0,0,1,0,9.420494675633748,1,0,73,62,1,1
1,0,0,1,0,25,1,0,0,0,1,3.3783114950374413,1,0,51,301,0,1
0,0,0,0,0,25,0,0,1,1,0,9.656299844173935,1,1,18,402,1,0
1,1,1,0,1,54,1,0,0,0,1,20.49849388003364,1,1,43,245,0,0
0,1,0,0,1,33,0,0,1,1,0,10.534043699079048,0,0,12,191,0,0
1,0,0,1,0,164,0,1,0,0,0,9.0652528590603,0,0,3,466,1,0
0,0,0,0,0,95,0,0,1,0,1,6.348620526943684,1,0,82,328,0,1
0,1,0,0,1,14,0,0,0,0,1,15.427976379358572,0,0,7,70,0,1
0,0,0,0,0,65,0,1,1,0,1,9.00251601655844,1,0,6,365,0,1
1,0,0,1,1,110,0,1,0,0,1,22.19930012504501,0,0,82,228,0,1
0,1,0,0,1,80,0,1,0,0,0,3.2220496577738786,1,0,45,433,0,0
0,1,0,0,1,54,0,0,0,1,0,20.25695796022821,1,0,86,62,0,0
1,1,1,0,0,125,0,0,1,0,1,7.889240422465326,1,0,39,296,0,1
0,0,0,0,0,131,0,1,1,0,0,15.18909857049649,1,0,51,244,1,0
0,0,0,0,0,169,0,0,1,0,1,9.296607738906557,0,0,9,6,0,0
1,0,0,1,0,134,1,0,0,1,0,21.960291604313074,0,0,23,392,1,0
0,0,0,0,0,25,0,0,1,0,1,28.413904167297463,1,0,12,259,0,1
1,0,0,1,1,141,0,1,0,0,0,27.595226604624585,1,0,88,88,0,1
0,1,0,0,1,117,0,1,1,1,0,17.91936023917864,1,0,62,176,0,0
0,0,0,0,0,136,0,0,1,0,0,14.415698794452373,1,0,73,203,1,0
0,0,0,0,0,149,0,1,1,1,0,24.730714773742072,1,0,77,133,1,0
0,0,0,0,0,25,0,1,1,1,0,20.816464516204167,1,0,40,81,1,0
1,1,1,0,1,79,1,0,0,1,0,6.323359312291053,1,0,54,487,0,0
1,1,1,0,1,68,1,0,0,0,1,24.806657194777006,0,0,81,20,0,0
1,0,1,1,0,173,0,1,0,0,0,13.437647292446595,1,0,7,398,1,0
1,0,0,1,1,12,0,0,0,0,0,6.480584139164078,1,0,17,127,1,1
1,1,1,0,1,32,0,1,1,0,0,9.17212316149828,0,1,50,194,1,0
0,1,0,0,1,128,0,0,0,1,0,8.758283877201928,1,1,24,193,0,0
0,1,0,0,1,96,0,1,0,0,1,16.057002263500344,0,0,2,183,1,0
0,1,0,0,1,92,0,1,1,1,0,7.79673262965839,1,1,83,246,0,0
0,1,0,0,1,141,0,1,1,0,0,4.583428134645709,1,0,33,360,0,0
1,1,1,0,1,31,0,0,0,0,1,4.587034667799061,1,0,21,359,0,1
0,0,0,0,0,78,0,0,1,0,1,17.9150097170338,1,0,74,323,0,1
0,1,0,0,1,20,1,0,0,0,1,22.30801937663198,1,1,53,159,1,1
1,1,1,0,0,146,0,0,1,0,0,10.324457256311883,1,0,46,193,1,0
0,1,0,0,1,60,0,0,0,0,1,2.004870584606495,1,1,45,109,1,0
1,0,0,1,0,134,1,0,0,0,1,4.689521721173311,1,0,9,412,0,1
1,1,1,0,0,160,0,0,1,1,0,27.526142249774654,1,0,6,65,0,0
1,0,0,1,1,93,1,0,0,1,0,15.312766128094138,1,0,51,417,1,1
0,0,0,0,0,43,0,1,1,0,1,14.153611478840068,0,0,35,253,0,0
1,1,1,0,0,130,0,0,1,0,1,2.1034261709926367,1,0,82,282,1,1
0,1,0,0,1,60,1,0,0,1,0,22.130473647190072,0,0,53,59,0,0
1,0,0,1,1,151,1,0,0,1,0,16.31397434703029,0,0,19,117,0,0
0,0,0,0,0,31,1,0,0,1,0,6.860347146509103,1,0,69,422,0,0
0,0,0,0,0,5,0,0,1,0,0,4.192139045250658,0,0,25,43,1,0
1,1,1,0,1,162,0,1,0,0,0,12.118248045327956,1,1,11,485,0,0
0,0,0,0,0,10,0,0,1,1,0,25.277696961655742,1,0,74,209,0,1
1,0,1,1,0,89,0,0,0,0,1,26.09354221682971,1,0,17,35,1,1
1,0,0,1,1,130,0,0,1,1,0,18.482545031473457,1,0,36,18,0,1
0,0,0,0,0,126,1,0,0,0,0,22.098556389674137,1,0,21,90,1,0
1,1,1,0,1,11,0,1,1,0,1,4.339517834683241,0,1,18,300,0,0
0,1,0,0,1,178,0,0,1,0,0,18.05565589856779,1,1,60,211,0,0
0,0,0,0,0,159,0,0,1,0,1,20.342005401128272,1,0,18,404,1,1
0,0,0,0,0,56,1,0,0,0,0,6.820672444499974,1,0,1,406,0,0
1,1,1,0,1,83,0,1,1,0,1,26.52448725439751,1,1,14,221,0,0
0,1,0,0,1,137,0,1,1,0,1,6.654905388109573,1,1,8,216,0,0
0,1,0,0,1,99,0,0,0,0,1,10.090843435547063,1,1,66,222,0,0
1,0,0,1,1,149,0,0,1,0,1,18.9961485636803,1,1,51,410,0,1
1,1,1,0,0,73,0,1,1,0,0,19.51215188879119,0,0,79,97,0,0
1,1,1,0,1,156,0,1,1,0,0,21.28215748863365,1,0,60,455,1,0
0,1,0,0,1,115,0,1,0,0,1,4.248339678977965,1,0,34,18,1,1
1,1,1,0,0,7,0,1,0,0,1,25.634468467928105,0,0,36,296,0,1
1,1,1,0,0,80,0,1,1,0,0,16.452566836214537,1,0,62,25,0,0
1,0,0,1,1,144,0,0,0,0,1,14.668332029046983,1,0,1,27,0,1
1,0,0,1,1,97,0,1,1,0,1,29.451831110891778,1,0,85,63,0,1
0,0,0,0,0,4,1,0,0,0,1,22.470970611289573,0,0,42,323,0,1
1,0,1,1,0,4,0,0,1,1,0,4.422174771961871,1,0,1,222,0,1
1,1,1,0,1,103,0,0,0,0,1,22.93963584956098,0,0,84,79,0,0
1,1,1,0,0,40,1,0,0,1,0,3.762219085213215,1,0,54,50,0,0
1,0,0,1,1,17,0,0,0,0,1,1.7966463128765606,0,1,47,457,0,1
1,0,0,1,0,101,1,0,0,0,0,12.705150962827016,1,1,39,101,1,0
1,1,1,0,1,103,0,0,1,1,0,29.813767011757342,1,0,30,175,1,0
1,0,1,1,0,124,0,0,1,1,0,6.071634149651016,1,0,7,9,0,0
0,1,0,0,1,52,0,1,0,0,1,20.50668596227691,0,0,22,236,1,0
1,1,1,0,1,52,1,0,0,0,1,6.028485919977461,1,0,50,456,0,1
0,0,0,0,0,164,0,1,0,1,0,22.018822273793194,1,0,45,422,1,0
0,1,0,0,1,124,1,0,0,0,0,15.655256378896958,1,0,74,99,0,0
0,0,0,0,0,166,0,1,0,0,0,20.719179592591914,1,1,72,498,1,0
0,0,0,0,0,178,0,0,1,0,1,6.883322101512803,1,0,10,377,0,1
0,1,0,0,1,63,0,0,0,0,0,22.623221643094556,1,0,14,227,0,0
0,0,0,0,0,116,0,1,0,0,0,29.872952729058493,0,0,46,402,0,0
1,0,0,1,0,62,1,0,0,0,1,20.30386451815283,0,0,75,63,0,0
1,1,1,0,1,7,1,0,0,0,0,15.310919944113452,1,0,6,379,0,1
1,0,1,1,0,155,0,0,1,0,1,27.77204566995868,0,1,21,18,0,0
1,1,1,0,1,92,1,0,0,1,0,1.4597034247244127,1,0,62,331,1,0
0,0,0,0,0,14,0,1,1,0,1,22.16778205928881,1,0,19,317,0,1
0,0,0,0,0,86,0,0,0,1,0,26.773648987600573,1,0,88,140,0,0
0,1,0,0,1,133,0,1,0,1,0,2.788562925007766,0,0,82,24,0,0
0,1,0,0,1,130,0,0,0,0,0,14.051860942056987,0,0,62,227,1,0
1,0,0,1,1,62,0,0,1,0,0,6.936864164549968,1,0,83,88,1,1
0,1,0,0,1,149,0,1,0,0,0,17.429026802047073,1,0,53,91,1,0
0,0,0,0,0,79,0,1,0,0,1,19.836745799506154,1,0,24,41,0,1
1,1,1,0,1,149,0,1,1,0,0,9.776072304933896,0,1,56,372,0,0
1,0,0,1,0,138,0,0,1,1,0,14.339468420664923,0,0,62,294,0,0
0,1,0,0,1,58,1,0,0,0,0,9.100845073020226,0,0,34,413,0,0
0,1,0,0,1,120,0,1,1,0,0,11.712343769198299,1,0,22,388,0,0
0,0,0,0,0,167,0,1,1,0,1,5.626658743964284,0,0,68,80,0,0
0,1,0,0,1,133,0,0,0,0,1,26.681223863983313,0,0,57,401,0,0
0,0,0,0,0,65,0,0,0,1,0,1.2903019062149563,0,0,10,106,0,0
1,1,1,0,0,13,0,0,0,0,1,26.589866406869866,1,0,66,110,0,1
0,0,0,0,0,82,0,1,1,0,0,17.578687472142416,1,0,8,276,1,0
0,0,0,0,0,173,1,0,0,0,1,10.618077481133508,1,0,38,213,0,1
0,1,0,0,1,160,0,1,0,1,0,21.96865663834956,0,0,62,230,1,0
0,1,0,0,1,164,0,0,0,0,0,15.724812404017266,1,0,28,305,0,0
0,0,0,0,0,139,1,0,0,1,0,15.474151085120589,1,0,10,120,0,0
0,1,0,0,1,149,0,0,1,0,1,4.1941262046500265,0,1,45,133,0,0
1,0,0,1,1,52,0,0,0,0,1,12.295964752416852,0,0,65,305,1,1
0,1,0,0,1,117,0,1,0,1,0,7.990866029845362,1,0,67,207,0,0
0,1,0,0,1,26,0,0,1,0,0,1.4551812622921099,0,0,9,449,1,0
0,0,0,0,0,34,0,0,1,0,1,11.442889292681285,0,0,5,370,0,0
1,1,1,0,1,52,0,1,0,0,1,3.6048417533425376,1,0,10,256,0,1
1,0,0,1,0,112,0,0,0,0,0,8.448071094030372,1,1,12,184,1,0
0,1,0,0,1,82,0,1,1,0,1,3.682982014309739,1,0,82,285,0,1
1,0,0,1,1,157,0,1,0,1,0,3.9273071411355667,1,1,58,441,1,0
1,1,1,0,0,166,0,1,0,0,1,6.77132753804046,1,0,21,362,0,1
0,0,0,0,0,42,0,1,0,0,1,29.995628090105605,1,0,21,179,0,1
1,1,1,0,1,21,0,0,1,0,0,1.0633401428602145,0,0,65,420,1,0
0,0,0,0,0,42,1,0,0,1,0,19.521506447491753,1,0,3,47,1,0
0,0,0,0,0,141,0,1,1,0,0,5.096067242770163,0,0,69,86,0,0
0,1,0,0,1,113,0,0,0,0,1,27.698215964612498,1,1,89,384,1,0
0,1,0,0,1,105,0,0,0,0,1,3.7153539066752477,1,0,64,18,0,1
1,1,1,0,1,17,1,0,0,0,0,28.69683242666086,1,1,49,45,1,0
1,0,0,1,1,120,0,1,0,0,0,18.716865237020862,1,1,72,450,0,0
1,1,1,0,0,137,0,1,1,0,0,1.0367742305492171,1,1,17,385,0,0
0,1,0,0,1,169,0,0,0,1,0,26.926208739587377,1,0,73,55,0,0
1,1,1,0,1,129,0,0,0,0,1,16.12964223964063,1,0,32,228,0,1
1,0,0,1,1,130,0,1,0,0,0,8.617422324584052,1,0,70,144,0,1
0,1,0,0,1,60,1,0,0,0,1,23.251096147953273,1,0,21,91,0,1
0,0,0,0,0,48,0,1,1,1,0,27.87330106271923,1,0,7,81,0,0
0,0,0,0,0,29,1,0,0,1,0,15.027033871257023,1,0,7,224,1,0
1,0,0,1,1,97,1,0,0,1,0,10.151050758850216,1,0,27,78,0,1
0,0,0,0,0,10,0,1,1,1,0,23.879408594112878,0,1,8,149,0,0
0,0,0,0,0,58,0,1,1,0,1,20.771779435865184,1,1,73,360,0,0
0,1,0,0,1,21,0,0,0,1,0,26.7738220287579,1,0,28,282,1,1
0,1,0,0,1,28,0,0,0,1,0,21.082906370074596,1,0,79,310,0,0
0,0,0,0,0,34,0,1,1,0,0,8.062321828086553,1,0,66,484,0,0
0,1,0,0,1,8,0,0,1,1,0,28.018118243011553,1,0,71,159,0,1
0,1,0,0,1,177,0,0,0,0,0,4.040236668973748,0,0,47,315,0,0
1,1,1,0,1,79,0,0,1,1,0,8.770339753098588,0,0,82,364,0,0
1,0,0,1,0,145,0,1,1,1,0,16.08564362399268,1,0,86,466,0,0
1,0,1,1,0,87,0,0,0,0,0,17.40651875605614,0,0,10,155,0,0
0,1,0,0,1,88,1,0,0,1,0,1.4440070121802575,1,0,33,155,0,0
0,1,0,0,1,173,0,1,1,0,1,23.63660904880726,1,0,7,375,0,1
1,1,1,0,0,69,0,1,0,0,1,11.486612234336295,1,1,3,201,0,0
0,1,0,0,1,160,0,0,1,1,0,12.786137689061997,1,0,14,467,0,0
1,1,1,0,0,172,0,1,1,0,1,24.471716788671426,0,0,44,408,1,0
0,0,0,0,0,87,0,1,1,0,0,11.999218360098793,1,0,46,340,1,0
1,0,0,1,1,101,0,0,0,1,0,2.36952141834789,1,0,61,461,0,1
1,1,1,0,1,8,0,0,0,1,0,6.116753343640159,1,0,36,341,0,1
1,1,1,0,1,77,0,0,0,0,0,28.72119199925729,0,0,13,116,0,0
1,1,1,0,1,87,0,1,0,0,0,3.0417555096729108,1,0,16,153,0,0
0,0,0,0,0,43,0,0,0,0,0,11.29300482807247,0,0,80,363,0,0
0,1,0,0,1,129,0,1,1,1,0,15.592195844488993,1,0,5,330,0,0
1,0,0,1,1,109,0,0,0,0,0,15.305143992818241,0,0,89,118,1,0
0,1,0,0,1,179,1,0,0,0,0,1.1148383473521397,0,0,38,198,1,0
1,0,0,1,1,152,0,0,0,0,1,15.53371921226722,0,0,50,400,0,1
1,1,1,0,0,152,0,1,0,0,1,12.129401281344867,1,0,38,465,0,1
0,1,0,0,1,17,1,0,0,1,0,29.190300728762157,1,1,56,262,1,0
0,1,0,0,1,133,0,1,1,0,1,5.615613435821065,1,1,63,183,1,0
0,1,0,0,1,148,0,1,1,0,1,11.270471706025354,1,0,48,447,1,1
0,1,0,0,1,21,0,0,1,0,0,13.164963067604774,1,1,59,147,0,0
0,1,0,0,1,58,1,0,0,0,0,12.330112575927515,1,0,77,165,0,0
0,0,0,0,0,159,0,0,1,0,1,20.309094001904015,1,1,44,74,0,0
0,0,0,0,0,110,1,0,0,0,1,7.249872868885296,0,0,55,235,0,0
1,0,0,1,1,139,1,0,0,0,1,7.411075031605763,1,0,55,313,0,1
0,1,0,0,1,143,0,1,0,1,0,22.14711750652474,1,1,1,271,0,0
0,1,0,0,1,135,0,0,1,1,0,15.50842504166721,1,0,8,178,1,0
0,0,0,0,0,28,0,1,0,1,0,13.039514605662001,1,0,4,282,1,0
0,0,0,0,0,51,1,0,0,0,1,5.906888498640303,0,0,85,50,0,0
1,1,1,0,0,5,0,1,1,0,1,6.438289464452832,0,0,86,74,1,1
1,1,1,0,1,5,1,0,0,1,0,1.3059974676611157,1,0,53,143,0,1
1,1,1,0,1,94,0,1,0,1,0,3.6513617969895678,0,0,58,342,1,0
1,1,1,0,0,96,0,0,1,0,1,17.14832214601699,0,1,37,187,0,0
0,0,0,0,0,8,0,0,1,0,0,26.864320770243886,0,0,49,122,0,0
1,1,1,0,1,64,0,1,0,1,0,9.327778188786166,1,1,67,331,0,0
0,0,0,0,0,138,0,0,1,0,1,10.504669550987716,0,1,19,250,0,0
0,0,0,0,0,38,0,0,0,0,1,4.352562707733854,1,0,1,295,0,1
1,1,1,0,0,111,0,1,1,0,0,12.27029742260598,1,0,29,322,0,0
1,1,1,0,0,112,0,1,1,0,1,2.079429432510546,1,1,87,129,1,0
0,1,0,0,1,81,0,1,1,0,1,27.610420191595107,0,0,33,251,0,0
0,0,0,0,0,136,0,0,1,1,0,20.52022909561133,1,0,52,357,0,0
0,1,0,0,1,104,0,0,1,1,0,29.731715472403348,1,0,41,431,0,0
1,0,0,1,1,153,1,0,0,0,0,26.601871717676318,1,0,23,179,0,1
0,1,0,0,1,73,1,0,0,0,0,14.716727217246428,1,0,5,407,0,0
1,0,0,1,0,178,0,1,1,0,1,16.070865903360932,1,0,71,348,1,1
0,1,0,0,1,49,0,0,0,1,0,6.526705348998622,0,0,57,494,0,0
0,0,0,0,0,36,1,0,0,0,0,14.399140942347113,1,0,6,109,0,0
0,1,0,0,1,126,1,0,0,0,0,27.18780833129154,1,1,49,481,1,0
1,0,0,1,1,68,0,0,1,0,0,2.4747492854388127,0,0,22,467,0,0
0,1,0,0,1,78,0,0,0,0,1,26.043147286950983,1,1,77,337,0,0
0,1,0,0,1,105,0,1,1,1,0,10.887486247635682,1,0,76,77,1,0
1,1,1,0,0,169,1,0,0,0,0,27.085870187792985,0,0,4,465,0,0
1,1,1,0,0,122,0,0,0,1,0,28.285517283903054,0,0,72,1,0,0
1,1,1,0,0,119,0,0,0,0,0,20.455081723055272,0,1,64,320,1,0
0,1,0,0,1,114,0,1,1,0,0,20.268289811187657,1,0,37,275,0,0
1,0,0,1,1,10,0,0,0,1,0,14.129875793553461,0,0,31,289,0,1
0,1,0,0,1,149,0,0,0,1,0,25.230666511767517,0,1,37,296,1,0
1,0,0,1,1,164,0,0,0,1,0,28.886769994565213,0,0,45,168,0,0
1,1,1,0,0,140,1,0,0,0,1,23.477372209834456,1,0,8,239,0,1
0,0,0,0,0,91,0,1,1,0,0,19.036165278944566,1,0,40,458,1,0
0,0,0,0,0,2,0,0,0,0,1,18.596993978818766,1,1,5,474,1,1
0,1,0,0,1,118,0,0,0,1,0,25.634627145926206,0,0,28,22,0,0
1,0,0,1,0,13,1,0,0,0,0,16.69490920736765,1,0,81,293,0,1
1,0,0,1,1,160,0,1,1,0,1,24.311936701215856,1,1,87,171,1,1
0,1,0,0,1,95,0,0,1,0,0,15.757672400053128,1,0,9,322,1,0
0,0,0,0,0,144,1,0,0,0,1,2.8108839742438,1,0,2,317,0,1
1,0,0,1,0,32,0,1,1,1,0,12.134463258220501,1,0,63,395,0,0
0,1,0,0,1,32,0,0,0,0,1,13.888787772473464,1,0,51,285,0,1
1,1,1,0,0,124,0,1,1,0,0,5.106900104611899,0,0,31,478,1,0
1,1,1,0,0,11,0,1,1,0,0,3.9723935464871714,1,1,7,342,1,0
1,1,1,0,1,10,0,1,1,0,0,16.52848354005167,1,0,30,192,1,1
0,0,0,0,0,15,0,0,1,0,0,3.469165460126382,1,0,58,168,1,1
0,1,0,0,1,17,0,1,1,1,0,9.785409868812435,1,0,3,403,0,1
1,1,1,0,1,168,0,0,1,0,1,22.593312302929203,1,0,51,117,0,1
1,1,1,0,1,146,0,0,0,1,0,28.96853320747144,0,0,56,5,1,0
0,0,0,0,0,153,0,0,1,1,0,21.818246836005926,0,0,73,330,1,0
1,1,1,0,0,59,0,0,0,1,0,29.786140905133237,1,0,10,482,0,0
1,1,1,0,0,78,0,0,0,0,0,21.251801167102677,1,0,61,131,0,0
0,0,0,0,0,124,0,0,1,0,0,9.520039648975498,0,0,50,92,1,0
1,1,1,0,1,114,1,0,0,0,0,20.489523674655494,0,0,47,250,0,0
1,1,1,0,0,22,0,1,0,0,1,21.362546190710212,1,1,1,9,0,1
0,1,0,0,1,158,0,1,1,0,0,11.780082553877357,1,0,57,50,0,0
1,0,0,1,1,172,0,1,0,0,1,1.5137016676722814,1,0,38,348,0,1
0,0,0,0,0,32,0,1,1,0,0,21.39279375848912,1,1,62,293,0,0
1,1,1,0,1,179,0,1,1,0,0,1.629302762990707,1,0,79,128,1,0
0,0,0,0,0,174,0,0,0,1,0,19.304454263742063,1,0,89,487,0,0
1,0,1,1,0,113,0,1,1,1,0,5.744878173534097,1,0,70,391,0,0
0,0,0,0,0,120,0,1,1,1,0,17.402502304693257,1,0,82,248,0,0
1,1,1,0,0,149,0,0,1,0,1,15.6134777360374,1,0,65,101,1,1
1,1,1,0,0,122,0,1,0,0,1,1.3918956268792946,1,1,62,336,1,0
0,1,0,0,1,32,0,0,1,0,0,11.523108692858,1,0,56,82,1,0
1,0,1,1,0,119,0,1,1,0,1,18.43164385449278,1,0,67,190,1,1
0,0,0,0,0,39,0,0,0,0,0,25.609590005064614,0,0,17,416,0,0
1,0,0,1,1,12,0,0,1,0,1,26.770621301259002,0,1,8,142,0,1
0,1,0,0,1,175,0,0,1,0,1,15.031649130963475,0,0,60,236,0,0
1,0,1,1,0,18,1,0,0,0,1,22.124252131683708,0,1,40,286,0,0
0,1,0,0,1,149,0,1,1,1,0,10.177182719470272,0,0,81,276,1,0
1,1,1,0,1,141,0,0,0,0,1,10.923405767001066,1,0,89,386,0,1
0,0,0,0,0,149,0,0,1,1,0,6.639442056287098,1,0,62,381,1,0
0,0,0,0,0,126,0,0,1,1,0,17.296495189803938,1,0,41,449,0,0
0,0,0,0,0,136,0,0,0,0,1,10.122360376893592,0,0,12,290,0,0
0,1,0,0,1,46,0,1,1,0,0,3.446755996716646,1,0,89,168,0,0
1,1,1,0,1,104,1,0,0,0,0,20.865176513232182,1,0,54,442,0,0
0,1,0,0,1,135,0,0,1,0,0,21.524843020556546,1,0,89,143,0,0
0,0,0,0,0,151,1,0,0,0,1,11.439780144592678,1,1,11,183,0,0
0,0,0,0,0,86,0,1,0,0,0,3.224978584224661,0,1,60,44,0,0
1,1,1,0,0,150,0,1,1,1,0,13.362633804699351,0,0,68,242,0,0
1,0,1,1,0,89,0,1,0,0,0,13.82772828345625,1,0,78,314,0,0
0,0,0,0,0,22,0,1,0,0,1,20.391455662038897,0,0,46,433,0,1
1,1,1,0,0,92,0,1,0,0,0,10.14707534650182,1,0,38,468,0,0
1,1,1,0,1,29,0,1,1,1,0,20.79537911365786,1,1,61,267,0,0
1,1,1,0,1,13,0,1,1,0,1,26.273167710964263,0,0,17,475,0,1
1,0,1,1,0,2,0,0,0,0,0,7.887095228503795,0,1,66,252,0,0
1,1,1,0,0,29,1,0,0,0,1,29.388667127477092,1,1,72,395,0,0
1,1,1,0,0,27,1,0,0,0,1,12.204675976967401,1,1,36,288,0,0
0,1,0,0,1,50,0,0,0,0,1,8.750501869264792,1,0,74,211,0,1
1,0,0,1,1,95,0,0,0,0,0,13.223824292798424,0,0,7,487,0,0
0,1,0,0,1,151,0,1,0,0,1,3.737526801211916,0,0,16,176,0,0
1,0,0,1,1,88,0,0,0,0,0,4.645471288851354,0,0,14,20,1,0
0,0,0,0,0,44,0,0,1,1,0,13.018587362081611,0,0,80,315,0,0
0,1,0,0,1,22,1,0,0,0,0,23.110891136233903,1,0,25,51,0,1
1,1,1,0,0,171,0,0,0,1,0,27.109054947660237,0,0,4,437,1,0
0,1,0,0,1,165,0,0,1,0,0,20.279721730771858,1,0,29,422,0,0
0,1,0,0,1,97,0,0,1,0,1,4.051367101906922,1,0,56,232,1,1
1,1,1,0,0,3,0,0,1,0,0,20.488573103235517,0,0,6,432,0,0
0,0,0,0,0,118,0,0,1,0,1,19.427409700386185,1,0,1,122,0,1
0,0,0,0,0,19,0,1,0,1,0,24.367153630506607,1,0,39,361,1,1
0,1,0,0,1,23,0,0,1,0,0,24.932211332913244,1,0,1,447,0,1
0,1,0,0,1,157,0,1,0,0,1,26.17788919759039,1,0,63,99,0,1
0,1,0,0,1,30,0,1,0,1,0,13.009813922793853,1,0,57,213,0,0
1,0,1,1,0,39,0,0,1,1,0,21.238067465212183,1,0,67,409,0,0
0,1,0,0,1,108,1,0,0,0,0,8.779260408747012,1,0,65,326,0,0
1,1,1,0,1,111,0,0,1,1,0,29.980752119521625,1,0,65,134,0,0
0,0,0,0,0,25,0,0,1,0,1,6.084692999928938,1,0,21,455,1,1
1,0,0,1,0,128,0,0,1,1,0,1.2933185181642384,1,0,30,317,1,0
0,0,0,0,0,111,1,0,0,1,0,5.315452721027104,1,0,33,217,0,0
0,1,0,0,1,136,0,1,1,0,1,23.500296396779675,1,0,48,87,1,1
1,1,1,0,0,106,0,1,1,1,0,13.956726618738132,1,1,22,279,0,0
1,1,1,0,0,144,0,1,0,1,0,13.97750718650242,0,0,54,39,0,0
1,1,1,0,0,72,0,1,0,1,0,28.695664668738388,1,1,4,239,1,0
1,1,1,0,0,129,1,0,0,1,0,27.669412332814154,1,0,87,331,1,0
0,0,0,0,0,108,0,0,0,0,1,10.024647396316267,1,0,55,430,1,1
1,0,0,1,1,5,0,1,1,1,0,7.062685734645118,1,0,44,135,0,1
1,0,1,1,0,3,0,1,0,0,1,25.60598408807845,1,0,89,181,0,1
1,1,1,0,0,132,0,1,1,1,0,27.274553060286532,1,0,12,264,1,0
0,0,0,0,0,104,1,0,0,1,0,16.70631076115612,0,0,81,258,0,0
1,1,1,0,1,64,1,0,0,1,0,19.253287622395913,1,0,79,181,0,0
1,1,1,0,1,106,0,0,0,1,0,8.450514256076508,1,0,74,20,0,0
0,1,0,0,1,98,0,0,0,0,1,24.223277951377213,1,0,52,350,1,1
1,0,0,1,1,10,1,0,0,0,1,19.33155042502167,1,1,76,431,0,1
1,0,0,1,1,149,0,1,0,0,1,15.601891827641902,1,0,65,430,0,1
0,1,0,0,1,128,0,1,1,0,0,2.743148126273479,0,0,65,471,0,0
1,0,0,1,0,46,0,0,1,1,0,27.562113912823456,0,0,10,195,0,0
0,1,0,0,1,155,0,0,0,1,0,18.848091191147773,1,0,18,211,1,0
0,0,0,0,0,66,0,0,1,0,1,6.588041746096071,0,1,47,446,0,0
1,0,1,1,0,169,0,1,0,0,0,18.58519739250853,1,0,66,15,0,0
1,0,0,1,0,112,0,0,0,1,0,20.64643727295923,1,0,49,201,0,0
0,0,0,0,0,13,0,0,1,0,1,16.24733976381354,1,0,72,362,0,1
0,1,0,0,1,137,0,1,0,1,0,21.824950400724653,0,0,22,217,0,0
1,1,1,0,1,164,0,1,1,1,0,17.8621644899301,1,0,86,92,0,0
0,0,0,0,0,86,0,1,0,0,1,28.4853178789323,1,1,26,132,0,0
1,0,1,1,0,90,0,0,0,0,1,2.557215279379898,1,0,9,138,0,1
1,0,0,1,1,58,1,0,0,1,0,4.081125545617255,1,1,21,156,1,0
1,1,1,0,1,54,0,1,1,1,0,6.036477471675855,0,1,63,492,1,0
1,0,0,1,0,12,0,0,1,0,1,21.01496104752563,1,0,6,334,0,1
1,0,1,1,0,14,0,0,0,1,0,19.722280309744452,1,0,14,69,0,1
1,1,1,0,1,121,1,0,0,1,0,26.869706946081127,1,0,33,303,1,0
0,1,0,0,1,162,0,1,0,0,1,22.25344613363305,1,0,71,14,0,1
1,0,1,1,0,121,1,0,0,1,0,15.742309139373175,1,0,24,234,0,0
1,1,1,0,1,20,0,0,0,1,0,29.763121981445277,0,1,73,211,1,0
1,0,0,1,0,75,0,0,0,0,0,8.717130728909677,0,0,75,289,0,0
0,1,0,0,1,144,1,0,0,0,1,25.162558133778166,1,0,87,59,0,1
1,0,1,1,0,70,0,1,0,0,0,13.376920793623661,1,0,51,251,0,0
1,1,1,0,0,56,1,0,0,0,0,19.813319027396293,0,0,2,445,0,0
0,0,0,0,0,101,0,0,0,0,0,22.090785643120586,1,1,15,1,1,0
1,1,1,0,1,132,0,0,0,1,0,19.378868528519753,1,0,35,235,0,0
1,1,1,0,0,111,0,0,1,1,0,5.074711790149205,1,0,36,335,0,0
0,1,0,0,1,125,0,0,1,0,0,13.84557931169005,1,0,39,18,1,0
1,1,1,0,1,132,0,1,1,0,0,17.281712960060606,1,1,4,481,1,0
0,0,0,0,0,20,0,0,0,0,0,25.622269016179306,1,0,64,48,0,1
1,1,1,0,1,138,0,0,1,1,0,13.865726715158598,1,1,74,77,0,0
0,0,0,0,0,24,1,0,0,0,0,27.643671839323293,1,0,6,471,0,0
1,1,1,0,1,154,0,1,0,0,0,13.77085246773111,1,0,57,27,1,0
1,0,0,1,1,37,1,0,0,0,1,16.914615918627337,0,0,30,47,0,1
1,0,0,1,0,54,0,1,0,0,1,24.09228480534123,0,0,74,95,0,0
1,1,1,0,0,103,0,0,1,1,0,17.908962848242165,1,0,67,164,0,0
0,1,0,0,1,149,0,1,1,0,1,28.846324099101913,1,0,15,457,0,1
0,1,0,0,1,38,1,0,0,0,1,20.1497390849097,1,0,17,432,0,1
0,1,0,0,1,174,1,0,0,0,1,16.15857416796043,1,0,18,364,0,1
0,0,0,0,0,4,1,0,0,1,0,1.68416706564308,1,0,19,175,0,1
0,1,0,0,1,57,0,1,0,0,1,12.998254029829566,1,0,76,72,0,1
0,1,0,0,1,173,0,0,1,1,0,9.678204158544652,1,0,88,471,0,0
0,1,0,0,1,20,1,0,0,0,0,22.69506436873719,1,0,69,355,0,1
1,1,1,0,0,17,1,0,0,0,1,7.040052579452828,0,0,24,28,1,1
0,1,0,0,1,119,0,1,1,1,0,6.951382531528083,1,0,48,443,1,0
1,0,0,1,1,71,0,1,1,0,1,6.496052253883927,1,0,30,156,0,1
1,0,0,1,0,4,0,0,1,0,0,4.642852781530841,1,1,15,313,0,0
0,0,0,0,0,14,0,0,1,1,0,10.019203106455734,1,0,47,303,0,1
1,0,0,1,0,3,0,0,0,1,0,26.691741318859325,1,0,44,278,0,1
1,0,0,1,1,80,0,1,1,1,0,23.472925696872693,1,1,27,282,0,0
0,1,0,0,1,55,0,0,0,0,0,22.32228527289701,1,1,84,478,0,0
1,1,1,0,0,132,0,1,0,0,0,24.12276736384892,0,0,64,490,1,0
0,1,0,0,1,120,0,0,0,0,0,8.813118790557578,1,1,41,6,0,0
1,0,0,1,1,24,1,0,0,1,0,26.735809031822146,0,0,68,304,0,0
0,1,0,0,1,162,0,0,0,0,0,4.981797879106527,1,0,5,181,0,0
0,0,0,0,0,158,0,0,1,0,1,10.754026074751875,0,0,53,108,1,0
1,1,1,0,1,82,0,1,0,0,0,18.015695450052945,1,0,8,323,0,0
1,0,0,1,0,147,1,0,0,1,0,3.984247561918018,0,0,22,205,1,0
1,1,1,0,0,159,0,0,0,0,1,22.173775445516323,0,1,7,233,0,0
0,0,0,0,0,60,0,1,0,0,0,12.230135397900774,1,1,22,425,1,0
1,0,1,1,0,147,0,1,0,0,1,23.747764302643603,1,0,46,457,1,1
0,1,0,0,1,49,1,0,0,0,1,15.29399228195348,0,0,30,186,1,0
1,0,1,1,0,63,0,0,0,1,0,6.245361208334755,1,0,16,427,0,0
1,1,1,0,1,110,0,1,0,0,1,22.308092529304986,1,0,79,481,0,1
1,1,1,0,1,150,0,1,0,0,1,8.312174719329363,1,0,5,409,0,1
0,0,0,0,0,152,0,1,1,1,0,15.233498736773242,0,0,67,406,1,0
1,0,0,1,0,109,0,1,0,1,0,3.1904648055503206,1,1,23,328,0,0
0,1,0,0,1,76,0,1,1,1,0,18.918132977949064,0,0,61,356,0,0
1,1,1,0,0,30,0,0,0,0,1,20.30987522027204,1,0,74,7,0,1
1,1,1,0,0,58,0,0,0,0,1,11.981552089210723,0,0,5,52,0,0
0,0,0,0,0,117,0,0,0,0,1,28.678260629311144,1,0,23,397,0,1
1,0,0,1,1,159,0,0,1,1,0,26.350898722979984,0,1,79,198,0,0
1,0,0,1,1,100,0,0,0,0,0,21.53028655645985,1,0,82,390,0,1
1,0,1,1,0,19,0,1,0,0,1,21.695910160318537,1,0,25,136,0,1
1,0,0,1,1,176,1,0,0,0,0,8.319649733322386,0,0,8,258,1,0
0,1,0,0,1,173,0,1,1,1,0,20.04764170156502,0,0,21,333,1,0
0,1,0,0,1,94,0,0,1,0,1,6.74798169183007,1,0,2,400,1,1
0,0,0,0,0,113,0,0,0,0,0,5.176093493674841,1,0,22,497,0,0
1,0,0,1,0,146,0,0,0,0,1,29.984568931874826,1,0,72,171,1,1
0,1,0,0,1,63,1,0,0,0,1,19.04890201272205,1,0,87,85,0,1
0,1,0,0,1,116,1,0,0,0,1,13.498648307058525,1,0,72,45,0,1
1,1,1,0,0,113,0,0,1,0,0,9.356771163634589,1,0,68,345,0,0
0,0,0,0,0,47,0,1,1,1,0,18.513692866204593,0,0,64,185,0,0
0,1,0,0,1,57,0,0,0,0,1,2.4382117383824977,1,0,19,155,0,1
0,1,0,0,1,118,0,0,1,1,0,3.7457487246390566,0,1,87,492,1,0
0,0,0,0,0,45,0,1,0,1,0,1.952844234471494,1,0,82,397,0,0
1,1,1,0,1,161,0,1,0,0,0,15.475925164617191,1,0,53,8,0,0
1,0,0,1,1,145,0,0,1,0,0,18.417592246428296,1,0,87,114,0,1
0,0,0,0,0,4,0,0,0,1,0,2.811913079376805,1,0,52,153,0,1
1,0,0,1,0,148,0,0,1,0,1,21.91550955746858,1,0,47,129,0,1
1,0,0,1,0,47,0,0,0,0,0,7.681457073922368,1,1,82,330,0,0
1,0,1,1,0,143,1,0,0,0,1,20.870842159326116,0,0,54,80,1,0
1,0,0,1,1,47,0,0,1,0,1,29.475017061022122,1,0,44,383,0,1
1,1,1,0,1,78,0,0,0,0,1,21.042070231561684,1,0,7,289,0,1
0,1,0,0,1,124,0,0,1,1,0,26.612598534784645,1,1,1,146,1,0
1,0,1,1,0,75,0,0,1,0,1,28.497756695548954,0,0,63,294,1,0
1,0,0,1,0,103,0,0,0,1,0,15.115780402217151,0,0,39,465,1,0
0,0,0,0,0,137,0,0,0,1,0,21.367424403171498,0,1,19,268,0,0
1,0,0,1,1,90,0,1,1,0,1,25.70710835311941,0,0,31,132,0,1
1,0,0,1,0,144,0,0,1,0,1,11.341658473357198,1,0,77,49,0,1
0,1,0,0,1,69,0,1,0,0,1,8.580522180251451,1,0,24,22,1,1
1,0,0,1,0,61,0,0,1,0,1,28.451358610571823,1,0,69,377,1,1
0,1,0,0,1,138,0,0,1,1,0,22.06280151069572,1,0,87,375,0,0
1,1,1,0,0,50,0,0,0,0,1,7.370781867898963,1,0,83,87,0,1
0,1,0,0,1,3,0,0,1,0,1,14.02341838760729,0,0,65,412,1,1
0,1,0,0,1,107,0,0,1,1,0,24.097101316596472,1,1,33,111,0,0
0,0,0,0,0,113,0,1,0,0,0,16.86482673663482,1,1,59,110,0,0
1,1,1,0,0,94,0,0,0,0,0,19.848610846810782,0,0,33,71,0,0
0,1,0,0,1,118,0,0,1,1,0,22.85927785930652,1,0,32,153,0,0
1,0,0,1,1,81,1,0,0,0,0,19.038266475460436,1,0,59,462,1,1
0,0,0,0,0,109,0,1,1,1,0,16.662300335743677,0,0,41,56,0,0
0,1,0,0,1,51,0,1,0,0,1,22.73881424724543,0,0,12,256,0,0
1,0,0,1,0,147,0,0,1,0,1,22.09932802753382,1,0,73,155,0,1
1,0,0,1,1,170,1,0,0,0,0,19.266299605312188,0,0,11,112,0,0
0,0,0,0,0,35,0,0,1,0,1,11.433892988075959,1,0,19,317,0,1
0,1,0,0,1,46,0,0,1,0,0,12.768550673807876,0,0,54,46,0,0
1,0,0,1,0,154,0,0,0,0,0,29.142717917638826,1,0,57,237,0,0
1,0,0,1,1,69,0,0,0,0,1,4.259192036454249,1,0,42,333,0,1
1,1,1,0,1,93,0,0,0,0,1,8.786642600332225,1,0,71,105,1,1
0,0,0,0,0,64,1,0,0,0,0,15.279651016925735,1,0,31,481,0,0
1,1,1,0,0,165,0,0,1,0,1,25.26516089816979,0,0,52,186,0,0
1,1,1,0,0,49,0,1,1,1,0,5.746594248162108,1,0,2,158,1,0
0,0,0,0,0,149,0,1,0,0,1,9.031683925613686,1,0,83,197,0,1
0,0,0,0,0,74,0,0,0,0,1,2.90814831606193,0,0,38,381,1,0
1,0,0,1,0,5,0,0,0,1,0,21.473572715473736,0,0,32,176,0,0
0,0,0,0,0,100,0,0,1,0,1,7.9080736287928675,1,1,10,260,1,0
1,1,1,0,0,70,0,0,1,0,1,12.271567769457564,1,0,8,286,1,1
0,1,0,0,1,90,1,0,0,0,0,13.867341963860367,1,0,75,292,0,0
1,0,1,1,0,4,1,0,0,0,1,26.848104132587213,1,0,20,334,1,1
1,1,1,0,1,126,0,0,0,0,1,12.928578419605866,1,1,20,142,1,0
1,0,0,1,1,39,0,0,1,1,0,5.211525577542223,1,0,9,307,0,1
1,1,1,0,0,163,0,1,1,0,0,16.205133211863508,1,0,72,490,0,0
1,1,1,0,0,129,0,1,0,0,0,28.92578184481026,0,0,15,196,0,0
0,1,0,0,1,24,0,0,1,0,0,18.62288359047352,1,0,88,475,1,0
1,1,1,0,0,57,0,0,1,0,1,29.518229393356606,1,0,63,224,0,1
1,1,1,0,0,100,1,0,0,0,0,25.392111959227233,1,0,21,394,0,0
1,1,1,0,1,70,0,1,0,1,0,2.0430069301889713,1,1,5,42,0,0
1,0,0,1,1,41,0,0,0,0,0,20.093588265934212,1,0,35,453,0,1
1,0,1,1,0,174,0,0,1,1,0,9.316239449178626,1,1,85,150,0,0
0,0,0,0,0,60,0,0,0,0,0,17.22888881369699,0,0,68,295,0,0
0,1,0,0,1,108,0,0,1,0,0,9.101010537005571,0,1,48,62,1,0
0,1,0,0,1,57,0,0,0,1,0,11.117242081553421,1,0,80,129,0,0
1,0,0,1,1,31,0,1,0,0,0,27.7718926408712,1,0,62,254,0,1
1,1,1,0,1,84,1,0,0,0,0,6.992652361859454,0,1,35,462,0,0
1,0,0,1,0,152,0,1,0,0,0,26.349164422749084,1,1,70,342,0,0
0,0,0,0,0,36,0,1,1,0,1,1.8832764340444075,0,0,21,213,0,0
1,0,0,1,1,158,1,0,0,1,0,3.6354196127198026,1,0,80,72,0,1
0,1,0,0,1,152,0,1,0,0,0,25.78557620014364,1,1,39,430,0,0
0,1,0,0,1,108,0,1,1,1,0,19.286124896366665,1,0,34,103,0,0
1,1,1,0,1,106,0,0,1,1,0,22.669848003146956,0,0,15,157,0,0
0,0,0,0,0,158,0,0,1,1,0,7.073112453833773,1,1,6,271,0,0
0,0,0,0,0,86,0,0,0,0,0,16.575420212113002,1,0,66,314,1,0
1,0,1,1,0,135,1,0,0,0,0,22.379357483567837,1,0,88,237,0,0
0,0,0,0,0,163,0,0,1,1,0,19.19210997329761,1,0,56,302,1,0
0,0,0,0,0,14,1,0,0,0,1,14.679264239845075,1,0,49,371,1,1
1,1,1,0,1,120,0,0,1,1,0,28.83372980669373,1,0,1,157,0,0
0,0,0,0,0,138,0,0,0,0,1,20.608562670149915,0,1,65,108,1,0
0,0,0,0,0,80,0,1,0,1,0,27.3247732069959,1,0,28,8,0,0
1,1,1,0,0,144,0,0,0,1,0,22.163344835636757,1,1,20,320,0,0
1,0,0,1,1,106,0,1,1,1,0,22.328442329332812,1,1,48,58,0,0
1,1,1,0,1,70,0,0,1,0,0,3.3205298229727007,0,0,72,357,1,0
1,1,1,0,1,44,0,1,1,0,1,11.424474033764364,0,0,65,191,0,0
0,1,0,0,1,73,0,1,1,0,1,25.892712794870096,0,0,51,135,1,0
0,1,0,0,1,45,1,0,0,1,0,7.745512002313922,1,0,43,250,0,0
0,1,0,0,1,107,0,0,1,0,0,4.349670118537519,1,0,49,378,1,0
1,0,0,1,0,84,0,1,1,0,0,10.457075642525009,1,0,25,435,0,0
1,0,0,1,0,82,0,1,0,0,1,7.392698661885805,1,0,74,145,0,1
1,0,0,1,0,107,0,1,1,0,0,27.8333576490015,0,0,76,346,0,0
1,0,1,1,0,21,0,1,0,0,1,26.171032618061805,1,0,41,465,0,1
1,0,0,1,0,178,1,0,0,0,1,15.490813678204221,1,0,71,351,0,1
0,1,0,0,1,161,0,1,1,0,1,2.7789723600321725,1,0,64,57,1,1
1,0,0,1,1,7,0,0,0,0,0,21.72230803670153,1,0,61,176,0,1
0,1,0,0,1,70,1,0,0,0,1,19.078940208751675,1,0,12,287,1,1
1,0,1,1,0,127,0,1,0,0,1,29.146085451126382,1,0,81,244,0,1
1,0,1,1,0,143,1,0,0,1,0,17.209643967840933,0,0,69,47,1,0
1,1,1,0,1,160,0,1,1,0,1,10.755417978684372,1,0,14,300,0,1
1,0,0,1,1,148,0,0,1,0,1,16.05162911377812,1,0,34,437,0,1
1,0,0,1,0,143,0,0,1,1,0,29.39863545073097,1,0,48,355,1,0
1,0,1,1,0,176,0,1,0,1,0,21.194510543457884,0,0,61,99,0,0
1,0,0,1,0,149,0,1,0,0,0,20.487307999884482,0,0,81,212,0,0
0,1,0,0,1,170,0,0,1,0,1,7.979766102050676,1,0,35,301,0,1
1,0,0,1,0,154,0,1,0,0,0,22.564473009257913,1,1,65,479,0,0
0,0,0,0,0,120,1,0,0,0,0,22.75788305468138,1,0,59,414,0,0
0,1,0,0,1,128,0,0,0,1,0,10.201380529501254,0,1,36,164,1,0
1,0,1,1,0,142,0,0,0,0,0,15.027701139330683,0,0,79,399,0,0
0,0,0,0,0,57,1,0,0,0,1,9.543496655273225,1,0,19,429,0,1
1,0,0,1,1,165,0,0,0,1,0,8.502447039404313,1,0,42,125,0,1
1,1,1,0,0,58,0,1,1,0,1,1.7509860372350694,1,0,69,301,0,1
0,0,0,0,0,21,1,0,0,0,1,9.271140594946631,1,0,19,461,0,1
1,0,0,1,1,82,0,1,0,1,0,17.06512854646997,1,0,39,120,1,1
1,1,1,0,1,69,1,0,0,0,1,1.0464344389218359,0,0,69,87,1,0
0,0,0,0,0,131,0,0,1,1,0,9.213353430480355,0,0,52,216,0,0
0,1,0,0,1,87,0,1,0,0,1,26.560899637374252,1,0,12,60,1,1
0,0,0,0,0,165,0,0,1,1,0,18.215808968113464,1,0,83,301,0,0
1,0,0,1,0,49,0,1,0,0,0,18.628021898348432,0,0,47,178,1,0
0,1,0,0,1,147,0,0,0,0,1,12.697564845764244,1,0,76,189,0,1
1,1,1,0,1,115,1,0,0,1,0,20.61769216127992,1,1,36,162,0,0
0,1,0,0,1,89,0,1,1,0,1,6.508050220680415,0,0,63,80,0,0
0,1,0,0,1,85,0,1,0,0,1,24.743657501141556,0,0,76,493,0,0
1,1,1,0,1,128,0,1,0,0,1,4.383984478141095,0,0,82,169,0,0
0,1,0,0,1,140,0,0,1,1,0,20.02403928494017,1,1,51,300,0,0
0,1,0,0,1,169,0,0,0,0,0,10.893330448770808,0,0,43,373,0,0
1,0,1,1,0,161,0,0,1,0,0,22.677876146891826,1,0,34,195,0,0
0,1,0,0,1,178,0,0,1,0,0,16.94317198671458,1,0,49,202,0,0
0,1,0,0,1,117,0,0,0,1,0,14.11823811588277,0,0,18,46,0,0
1,1,1,0,1,127,0,1,1,0,0,5.913249660704163,0,0,61,462,0,0
1,1,1,0,1,71,0,0,1,1,0,19.467822464246233,0,0,57,157,0,0
1,1,1,0,1,86,0,0,1,0,1,29.268325459191978,1,1,5,407,0,0
0,1,0,0,1,33,0,1,0,0,1,24.942499322303433,0,0,89,193,1,0
1,0,0,1,1,81,0,0,0,0,0,2.740237585081342,0,0,24,426,1,0
0,1,0,0,1,152,1,0,0,1,0,11.910651972474541,1,0,64,417,0,0
0,1,0,0,1,61,0,1,1,0,1,27.841907266517882,0,0,59,278,0,0
0,0,0,0,0,61,0,1,1,1,0,15.588268679153622,1,0,38,316,0,0
1,1,1,0,0,98,0,0,0,1,0,20.201242948437198,1,0,33,478,1,0
1,0,0,1,1,28,0,1,0,0,1,27.46538102215032,1,0,10,420,0,1
1,0,0,1,1,43,0,1,0,1,0,26.34004602217654,1,0,37,268,0,1
0,1,0,0,1,169,0,0,0,0,1,15.552790890674817,0,0,87,480,0,0
1,0,0,1,1,167,0,1,0,0,1,13.69174277707046,1,0,11,198,0,1
1,0,1,1,0,86,0,1,1,0,1,10.851085935908026,1,0,24,223,0,1
0,0,0,0,0,177,0,1,1,1,0,21.851563851723842,1,0,88,262,0,0
1,0,1,1,0,17,1,0,0,0,1,9.322617184674755,0,1,71,425,0,0
1,1,1,0,0,98,0,0,0,1,0,8.246740586496104,1,0,21,165,0,0
0,1,0,0,1,98,0,0,1,0,1,11.331246943509623,0,0,20,179,0,0
1,0,0,1,0,65,0,0,1,0,1,6.139236649484968,1,1,10,427,0,0
1,0,1,1,0,74,1,0,0,0,0,21.158474662427253,1,0,89,191,0,0
1,1,1,0,1,85,1,0,0,0,0,18.870978830587756,0,1,47,396,1,0
1,1,1,0,1,5,0,1,0,0,0,15.003477489359463,1,0,47,215,0,1
0,0,0,0,0,2,1,0,0,1,0,12.319447598585086,1,0,15,283,0,1
1,0,0,1,1,22,1,0,0,1,0,27.362813744005212,1,0,44,351,0,1
0,0,0,0,0,112,0,0,1,0,1,1.8445897646840532,1,1,62,106,0,0
0,1,0,0,1,57,0,1,0,0,1,23.304124561711674,1,0,6,465,0,1
1,0,1,1,0,66,1,0,0,0,1,27.155377580717772,1,1,66,97,0,0
1,0,1,1,0,74,1,0,0,0,1,13.944282803467853,0,0,76,367,0,0
0,1,0,0,1,98,0,1,0,1,0,16.970024252648756,1,1,4,481,0,0
0,0,0,0,0,144,0,0,0,0,1,28.3894469485791,0,0,23,498,0,0
1,0,0,1,0,112,0,1,0,0,1,7.156047943279918,1,0,13,229,0,1
1,0,1,1,0,179,0,0,1,0,0,16.08391058575586,1,1,81,256,0,0
0,0,0,0,0,125,0,0,0,0,1,14.766912686718173,1,1,31,42,0,0
1,0,1,1,0,167,0,1,1,0,1,8.493386788240732,1,0,16,241,0,1
0,0,0,0,0,86,0,1,0,0,1,24.73920368082013,1,0,41,41,0,1
0,0,0,0,0,76,0,0,1,1,0,27.08841724813384,1,0,1,94,0,0
1,0,0,1,1,88,0,0,0,0,0,23.676044813858056,1,0,12,433,0,1
1,0,1,1,0,168,0,1,0,0,1,6.665409864609643,1,0,56,253,0,1
1,0,0,1,0,38,1,0,0,0,1,3.515710429540065,1,0,50,187,1,1
0,0,0,0,0,59,0,1,0,0,0,18.557890073854928,1,0,20,384,1,0
1,0,0,1,1,138,0,1,1,0,1,2.655748054786634,0,0,66,306,0,1
0,1,0,0,1,99,0,1,0,1,0,20.51195076818444,1,0,36,399,0,0
0,0,0,0,0,63,0,0,0,0,1,16.382302389490036,1,0,79,166,0,1
1,1,1,0,1,49,0,0,0,1,0,20.220786249566245,1,0,38,270,0,0
1,0,0,1,1,32,0,1,0,1,0,18.114952435842575,1,0,22,124,1,1
0,0,0,0,0,135,0,0,0,0,1,13.258374516288011,1,0,61,160,1,1
1,0,1,1,0,21,1,0,0,0,0,6.82543822406662,1,0,50,86,1,1
0,0,0,0,0,20,0,1,0,1,0,9.865361938504169,1,0,59,308,0,1
1,0,0,1,0,154,1,0,0,0,0,16.210516652350314,0,1,20,488,0,0
1,0,0,1,1,127,1,0,0,0,1,19.90417471578057,1,0,36,225,1,1
1,0,1,1,0,68,0,0,1,1,0,23.605007489651324,1,1,15,144,0,0
1,1,1,0,0,110,0,1,0,0,1,23.247950835022763,0,0,62,344,1,0
1,0,0,1,1,116,0,0,0,0,0,29.207973554571474,1,0,3,247,0,1
1,1,1,0,0,143,1,0,0,0,1,9.289402011238874,1,0,5,361,0,1
1,1,1,0,0,120,0,0,1,0,1,3.062210538189667,1,0,56,5,0,1
0,0,0,0,0,79,0,1,0,1,0,11.02405113071392,1,0,31,30,0,0
1,0,0,1,1,116,0,1,0,0,1,22.555539781498222,1,0,86,196,0,1
0,1,0,0,1,92,0,1,1,0,1,13.70523787996556,1,0,35,231,0,1
1,1,1,0,0,14,0,1,1,0,1,24.715864487093164,1,0,71,295,0,1
1,0,1,1,0,155,1,0,0,1,0,16.930464590394436,1,0,70,413,0,0
0,1,0,0,1,125,0,1,1,0,0,27.963959956284587,1,0,26,324,0,0
0,0,0,0,0,168,1,0,0,0,0,28.488039817972997,1,0,1,459,0,0
0,1,0,0,1,58,0,0,0,0,1,3.0098306745437124,1,1,83,134,1,0
0,0,0,0,0,28,1,0,0,1,0,14.235989751660306,1,0,7,492,0,0
1,1,1,0,1,26,0,1,1,0,1,18.68098277623747,1,0,36,12,0,1
1,1,1,0,1,113,0,0,0,0,0,8.42030368355417,1,0,76,496,1,0
1,1,1,0,0,66,0,1,1,1,0,12.805226601990427,1,1,84,3,1,0
0,0,0,0,0,153,1,0,0,0,0,20.65276469241325,1,0,87,177,0,0
1,1,1,0,1,131,0,0,1,0,0,7.575292580052482,1,0,25,233,1,0
1,0,1,1,0,44,0,1,0,1,0,18.45745923625912,1,0,59,258,0,0
0,1,0,0,1,97,0,1,1,1,0,21.225987016764876,1,0,61,139,0,0
1,0,1,1,0,42,1,0,0,0,1,3.624393021780136,1,0,29,64,0,1
1,1,1,0,0,6,0,0,0,0,1,15.42835016479613,1,0,18,282,0,1
1,0,0,1,1,167,0,1,1,0,0,8.629320867801532,1,1,41,362,1,0
0,1,0,0,1,23,0,1,1,1,0,22.00720432394329,0,0,19,305,1,0
0,0,0,0,0,89,0,1,0,1,0,6.497109747571274,1,0,4,204,1,0
0,0,0,0,0,123,1,0,0,0,1,26.874899550605086,1,0,65,16,1,1
0,0,0,0,0,178,0,0,1,0,0,13.49729875903148,1,0,41,199,0,0
0,0,0,0,0,171,0,0,0,0,0,6.742087878919052,1,0,15,31,0,0
1,0,0,1,1,147,1,0,0,0,1,13.70263209415955,1,0,54,211,1,1
1,1,1,0,1,51,0,0,0,1,0,12.853569121447308,1,0,64,434,1,0
0,0,0,0,0,11,0,1,1,0,1,13.438649825317599,1,0,72,272,1,1
0,0,0,0,0,12,0,1,0,0,1,17.98127751142596,0,0,15,289,1,1
0,0,0,0,0,74,0,1,0,0,1,16.114038022492586,1,0,79,290,0,1
1,1,1,0,1,8,0,0,1,0,1,5.343536818746178,1,0,50,482,1,1
0,1,0,0,1,152,0,1,0,1,0,2.901793106752453,1,0,22,485,1,0
1,1,1,0,1,41,0,1,1,0,1,22.153048013069675,0,0,18,233,1,0
1,1,1,0,1,164,0,0,1,1,0,17.231805641921092,0,0,80,407,0,0
1,1,1,0,1,85,1,0,0,0,1,11.411022274298649,1,0,2,181,0,1
0,0,0,0,0,72,0,1,0,0,0,24.44237685244414,0,0,36,145,0,0
0,0,0,0,0,55,0,0,1,1,0,12.253695753567753,0,0,20,49,0,0
0,0,0,0,0,137,0,1,1,0,0,24.082987598417617,0,0,16,429,0,0
0,0,0,0,0,47,0,0,0,0,1,9.866927697858866,1,1,67,431,0,0
1,1,1,0,1,143,0,0,0,0,1,3.1125136288107926,1,0,30,102,0,1
1,0,1,1,0,176,0,1,1,0,1,28.046551120197943,0,0,55,32,0,0
1,0,0,1,0,104,0,1,1,1,0,12.441982749159822,0,0,66,496,0,0
0,1,0,0,1,42,0,0,0,0,0,23.98808461263196,1,0,26,470,0,0
1,1,1,0,0,60,0,0,1,1,0,9.09517986344683,1,1,57,88,0,0
1,1,1,0,0,12,0,0,0,1,0,19.744588251586023,0,0,69,484,0,0
1,0,0,1,1,130,0,1,1,0,1,26.32601532447412,1,0,2,410,0,1
1,0,1,1,0,7,0,1,0,0,0,2.2076766478594294,1,0,56,384,0,1
0,1,0,0,1,80,1,0,0,0,1,25.088437175896587,1,1,84,340,0,0
1,0,1,1,0,131,0,1,0,1,0,17.56865714418593,1,0,62,314,0,0
1,0,0,1,1,109,0,1,0,0,1,18.616680863348506,1,1,34,240,1,1
1,1,1,0,1,3,0,1,1,0,0,16.171582023373496,1,0,56,265,0,1
1,0,1,1,0,27,0,0,0,0,1,26.35977799522563,1,0,55,222,0,1
1,0,1,1,0,114,0,0,1,0,0,2.259567359833486,1,0,20,235,1,0
0,0,0,0,0,107,0,1,0,0,0,8.569823354539595,1,1,50,152,0,0
0,0,0,0,0,40,0,0,0,0,1,26.397113626915505,1,1,25,467,1,0
0,1,0,0,1,161,0,0,1,1,0,22.818025373426725,1,0,84,56,1,0
0,0,0,0,0,129,0,1,0,0,1,1.5117096451795695,1,0,25,321,0,1
0,0,0,0,0,8,0,0,1,1,0,15.993182213081552,0,0,53,374,0,0
0,0,0,0,0,101,0,0,0,1,0,16.357607740667568,1,0,14,111,0,0
1,0,0,1,0,160,1,0,0,0,1,12.6255819187094,0,0,60,14,0,0
0,0,0,0,0,124,0,0,0,1,0,9.6244066297977,0,0,43,411,0,0
0,1,0,0,1,176,0,1,1,1,0,20.770020661957922,0,0,62,268,0,0
0,0,0,0,0,107,0,0,1,0,1,7.02592347643786,1,0,76,113,1,1
0,0,0,0,0,101,1,0,0,0,1,24.169508300079475,0,0,69,251,0,0
1,1,1,0,1,4,0,0,1,0,1,24.288077662256683,1,0,63,499,0,1
0,1,0,0,1,110,0,0,1,1,0,13.042581689611795,1,1,2,373,0,0
0,1,0,0,1,19,0,1,0,0,0,9.222892316379783,1,0,54,141,0,1
0,1,0,0,1,32,0,1,1,1,0,9.232467266130683,1,0,16,113,0,0
0,1,0,0,1,137,0,0,1,0,0,14.986448395890093,1,0,55,449,0,0
0,1,0,0,1,12,0,0,0,0,1,21.867797517731404,1,0,43,289,0,1
1,0,0,1,0,139,0,0,0,0,0,11.407192038821904,1,0,61,482,1,0
0,1,0,0,1,46,0,1,0,0,1,18.691257018274793,1,0,38,356,0,1
0,0,0,0,0,119,0,1,1,0,1,12.092049356895236,1,0,45,24,0,1
0,0,0,0,0,16,0,1,1,0,0,9.831172485390116,1,1,51,367,0,0
1,0,1,1,0,129,0,0,0,0,1,1.7209259615580308,1,0,42,309,0,1
1,0,1,1,0,63,1,0,0,0,0,1.1135090663263285,0,0,24,254,0,0
0,0,0,0,0,109,0,1,0,0,1,7.58902265712813,1,1,30,462,1,0
0,0,0,0,0,119,0,1,0,1,0,12.785782317228868,1,0,37,267,1,0
1,0,0,1,1,21,0,0,0,1,0,25.68657385349975,1,0,53,125,0,1
1,1,1,0,1,158,0,0,0,0,1,24.156043044982336,1,1,63,392,0,0
1,1,1,0,0,13,1,0,0,0,1,8.747792615051708,1,0,11,249,0,1
1,1,1,0,0,162,1,0,0,0,0,8.09167284654468,1,0,78,286,0,0
1,1,1,0,0,4,0,1,1,1,0,7.592340061030796,0,1,23,333,0,0
1,0,0,1,1,156,0,1,0,0,0,10.837882875337144,0,0,80,476,0,0
0,1,0,0,1,102,0,1,0,0,1,15.447762867288876,0,1,50,52,0,0
1,1,1,0,1,59,0,0,0,0,1,13.72136538891569,1,0,85,367,0,1
1,1,1,0,0,128,0,1,1,0,0,7.329922764663319,1,0,55,42,1,0
1,1,1,0,1,27,0,1,0,0,1,4.783090888364923,1,0,55,165,1,1
1,0,0,1,0,69,0,1,1,1,0,1.3647565620996662,1,1,4,41,0,0
1,0,1,1,0,25,0,1,1,0,0,5.464933921328612,1,0,54,379,0,0
1,0,0,1,0,131,0,0,0,1,0,21.455334735629428,1,0,61,455,1,0
1,0,1,1,0,97,0,1,1,1,0,8.065518511021905,1,0,78,175,0,0
0,0,0,0,0,25,1,0,0,1,0,14.589452493523785,1,0,83,66,1,0
0,1,0,0,1,148,1,0,0,0,0,18.147733318774097,1,0,5,65,0,0
1,1,1,0,0,162,0,0,1,0,1,26.718386182116607,0,1,18,399,0,0
0,0,0,0,0,154,0,0,0,1,0,26.776797853409164,1,0,44,82,0,0
0,1,0,0,1,126,0,0,1,1,0,22.62627827675941,1,0,31,349,1,0
1,0,0,1,1,133,1,0,0,1,0,2.019552769406541,0,0,21,104,0,0
1,1,1,0,1,9,0,0,1,0,1,17.677042153477032,1,0,47,399,0,1
1,0,0,1,1,116,0,0,0,0,1,23.810920654113687,1,0,30,286,0,1
0,0,0,0,0,178,0,0,0,0,0,1.501353298137533,1,0,55,373,1,0
1,0,0,1,0,134,0,1,1,0,1,16.94085379604077,0,0,68,185,1,0
0,0,0,0,0,60,0,1,0,0,0,25.875160227794854,1,0,69,283,1,0
0,0,0,0,0,172,0,1,1,0,0,14.748960199425742,1,0,41,3,1,0
0,1,0,0,1,121,0,0,0,0,0,1.119079884026005,0,0,45,137,0,0
1,1,1,0,1,139,1,0,0,0,0,1.3193873917326164,1,0,74,178,0,0
1,1,1,0,1,175,1,0,0,0,0,13.082445084998765,0,1,80,236,0,0
0,0,0,0,0,108,0,1,1,1,0,5.495251355085882,0,0,30,17,0,0
1,1,1,0,1,108,0,0,0,0,1,20.269069055704527,0,0,77,302,1,0
1,1,1,0,0,131,1,0,0,1,0,21.555178682278466,0,0,85,415,1,0
1,1,1,0,1,76,0,0,0,0,0,6.15851406835823,1,0,45,413,0,0
0,0,0,0,0,30,1,0,0,0,1,26.76746536721006,0,0,45,419,0,0
0,1,0,0,1,21,0,0,0,1,0,13.81532750438885,1,0,79,8,1,1
0,0,0,0,0,156,0,0,1,1,0,5.142531320165788,1,0,84,419,0,0
0,0,0,0,0,161,0,0,0,0,0,23.16329634401247,1,0,84,28,0,0
0,0,0,0,0,163,0,0,0,1,0,23.90926050048641,1,0,45,143,0,0
0,0,0,0,0,34,0,1,1,1,0,19.53956870729827,1,0,55,347,0,0
0,0,0,0,0,41,0,0,1,1,0,25.750501042874042,1,0,59,148,0,0
1,1,1,0,0,51,0,1,0,1,0,22.38381618888947,0,0,5,63,0,0
0,0,0,0,0,175,0,1,1,1,0,26.583966379582726,1,0,32,366,0,0
0,1,0,0,1,82,0,1,0,0,0,13.582753406078904,1,1,6,449,1,0
1,0,1,1,0,58,1,0,0,0,0,22.68031671488383,1,1,26,379,0,0
1,1,1,0,1,75,0,1,0,1,0,29.992795339442285,0,0,37,186,0,0
0,0,0,0,0,23,0,0,0,0,0,22.02300472806896,1,0,13,365,1,1
0,0,0,0,0,176,0,1,0,0,0,4.311329626876833,1,0,69,226,0,0
0,0,0,0,0,128,0,1,1,0,1,16.031242950446305,1,0,25,117,0,1
0,1,0,0,1,150,0,1,1,1,0,18.03308594604781,1,0,13,411,1,0
1,0,0,1,0,17,0,1,0,0,0,6.052109577070339,0,1,88,438,0,0
1,0,1,1,0,69,0,1,1,0,0,28.92385739116309,1,0,20,355,1,0
0,0,0,0,0,108,0,1,1,1,0,6.091813551403873,0,1,72,253,0,0
1,0,0,1,1,139,0,1,0,0,1,6.14917967168346,0,0,60,30,0,1
0,0,0,0,0,94,0,0,1,1,0,27.539847001262093,1,0,73,160,0,0
1,1,1,0,1,15,0,0,1,0,1,14.49095756052846,0,0,21,214,0,1
1,1,1,0,1,91,1,0,0,1,0,2.83246009896097,0,1,61,443,1,0
1,0,0,1,1,163,0,1,1,1,0,18.347437498217328,0,0,84,168,0,0
1,0,0,1,1,33,0,1,0,1,0,18.452964110358387,1,0,79,80,1,1
0,1,0,0,1,125,0,1,1,1,0,2.870522001910292,1,1,26,45,1,0
1,1,1,0,0,16,0,0,0,0,1,29.2031523733762,1,0,54,48,0,1
1,0,0,1,1,162,0,1,1,0,1,16.776868993542692,1,0,42,448,1,1
1,1,1,0,0,66,0,1,1,0,0,17.234075943213163,0,0,11,297,0,0
0,1,0,0,1,168,0,0,1,1,0,16.08334702056944,1,0,37,406,0,0
0,0,0,0,0,156,0,1,0,0,1,18.71122160969398,1,0,11,367,1,1
1,1,1,0,1,47,0,1,1,0,1,8.664692830438893,1,0,27,282,0,1
0,0,0,0,0,167,0,0,1,0,1,9.329999091270384,0,0,83,472,0,0
0,1,0,0,1,148,1,0,0,1,0,15.82883360408785,0,0,34,415,0,0
0,1,0,0,1,124,0,0,1,0,0,24.393889788143806,1,0,38,466,0,0
1,0,0,1,0,1,0,0,1,0,1,2.446072718331187,1,0,61,87,0,1
1,1,1,0,0,87,0,0,1,1,0,18.498722154387135,1,1,87,120,0,0
1,0,1,1,0,128,0,1,1,0,1,24.396566132683105,1,1,53,2,0,0
0,1,0,0,1,67,0,1,1,0,1,5.550600889079588,0,0,65,315,0,0
1,1,1,0,1,4,1,0,0,0,0,1.4356537174364226,1,0,3,459,0,1
1,1,1,0,0,153,0,0,0,0,1,10.068685559102285,1,0,67,226,0,1
0,1,0,0,1,47,0,0,0,0,1,18.056167495158345,0,0,28,78,0,0
0,0,0,0,0,38,0,0,0,1,0,5.0102120287376835,0,0,14,144,1,0
1,0,1,1,0,143,1,0,0,1,0,13.35754875820208,0,0,52,241,0,0
1,0,0,1,1,21,0,0,0,0,0,17.01732342385406,0,0,30,31,0,1
1,0,0,1,1,57,0,0,0,1,0,18.3676097479622,1,0,58,262,0,1
1,1,1,0,0,117,0,0,1,1,0,8.957939909010879,1,0,54,210,0,0
1,1,1,0,1,46,0,1,1,0,0,12.60085944360245,1,0,69,70,0,0
0,0,0,0,0,142,0,1,1,0,1,23.571837642959203,1,0,15,383,1,1
0,1,0,0,1,145,0,0,1,0,0,28.29522612949988,1,0,38,196,1,0
0,1,0,0,1,39,0,0,1,1,0,25.99452960242946,1,0,78,57,1,0
1,1,1,0,0,137,0,0,1,0,0,17.364221550269527,0,1,14,423,1,0
1,1,1,0,1,99,0,1,1,0,1,12.89849128537445,1,0,57,468,0,1
1,1,1,0,0,77,0,0,0,0,0,10.655741816771128,1,0,59,111,0,0
0,1,0,0,1,115,0,0,1,1,0,4.623740416436524,0,0,8,47,1,0
0,0,0,0,0,134,1,0,0,1,0,4.089986169267276,1,0,72,434,0,0
1,0,0,1,0,151,0,0,1,0,0,20.962371122496073,1,0,19,184,1,0
0,0,0,0,0,91,0,1,0,0,1,8.534038068963651,1,0,32,366,1,1
0,0,0,0,0,98,0,0,1,0,0,8.385188906540957,0,0,29,326,1,0
0,0,0,0,0,120,0,1,1,0,1,29.947656579855785,1,0,41,164,0,1
0,1,0,0,1,46,0,0,1,0,1,6.449852778340067,1,0,75,214,1,1
1,0,0,1,0,38,0,1,0,0,0,5.29373302517606,0,0,45,330,0,0
1,1,1,0,1,142,1,0,0,0,1,3.861871605037698,0,0,13,329,0,0
0,1,0,0,1,100,0,0,0,1,0,17.81435500983709,1,1,27,120,0,0
0,1,0,0,1,72,0,0,1,0,0,19.20805095406094,0,0,19,212,1,0
0,0,0,0,0,35,0,1,0,0,1,11.591609861449577,1,0,26,310,1,1
0,1,0,0,1,147,0,1,0,1,0,16.526986729832565,1,0,53,40,0,0
0,0,0,0,0,30,1,0,0,0,0,23.863586397402464,0,0,51,352,0,0
1,1,1,0,1,78,0,1,1,1,0,24.725020881330703,0,0,37,403,0,0
1,0,1,1,0,84,0,0,1,1,0,28.7794501957538,1,0,9,288,1,0
0,1,0,0,1,113,0,1,0,1,0,24.903771591763363,0,0,52,167,0,0
1,1,1,0,0,25,1,0,0,0,1,17.380401664805373,0,0,54,482,0,0
1,1,1,0,0,168,0,0,0,0,0,6.210052009268534,1,1,3,33,0,0
1,1,1,0,0,88,0,1,0,0,0,3.8931431733824295,1,0,69,317,0,0
0,0,0,0,0,14,1,0,0,0,1,2.580844807414917,1,0,8,483,0,1
0,1,0,0,1,154,0,1,1,0,0,20.32924912177613,0,0,14,474,0,0
1,1,1,0,0,102,0,1,1,1,0,24.418551406541802,1,0,3,274,1,0
1,0,0,1,1,150,0,1,0,0,0,15.751834569838291,1,0,24,426,1,1
1,1,1,0,1,176,0,1,0,0,1,2.586711070175558,1,1,13,196,0,0
1,1,1,0,1,83,0,0,1,1,0,16.528646663148805,1,0,43,190,1,0
0,0,0,0,0,110,1,0,0,0,1,28.136728584211962,0,0,29,220,0,0
0,1,0,0,1,179,0,1,0,1,0,18.330782537041355,1,1,72,9,0,0
1,0,0,1,1,131,0,0,1,1,0,24.47339716542163,1,0,51,119,0,1
0,1,0,0,1,170,0,0,1,0,0,24.204426803360768,1,0,42,122,0,0
0,0,0,0,0,19,0,1,0,1,0,28.031743893638932,1,0,31,246,1,1
1,0,1,1,0,28,0,1,1,0,1,23.336634203846327,1,0,63,359,0,1
1,1,1,0,1,173,1,0,0,0,0,22.683314906379596,0,0,26,396,0,0
1,1,1,0,0,71,1,0,0,0,1,7.788977284148577,1,0,18,220,1,1
1,1,1,0,0,63,0,1,1,1,0,2.737829504311362,0,0,82,260,0,0
0,0,0,0,0,73,0,1,0,0,1,16.010384486560426,1,0,57,57,1,1
0,1,0,0,1,124,1,0,0,0,1,4.608592030455901,1,0,7,314,1,1
1,0,0,1,0,119,0,1,0,1,0,28.903680412061746,1,0,48,459,0,0
0,0,0,0,0,121,0,1,0,0,0,9.407818116357829,0,0,80,127,1,0
1,0,1,1,0,19,0,0,1,0,1,25.7353818981445,1,0,60,186,0,1
1,1,1,0,1,175,0,1,1,1,0,12.24111413087132,1,0,33,204,0,0
1,1,1,0,0,142,0,1,0,0,0,10.372633245863945,1,0,3,85,0,0
0,0,0,0,0,120,0,0,0,0,0,28.119598598922014,0,0,4,103,0,0
1,1,1,0,1,166,0,1,1,0,0,11.536354590500496,1,1,4,142,1,0
1,1,1,0,0,61,1,0,0,0,1,12.318349351230957,0,0,42,204,0,0
0,1,0,0,1,164,0,0,1,0,1,4.076661608774366,0,0,9,128,0,0
1,1,1,0,1,168,1,0,0,0,1,20.44295329319277,0,1,51,245,1,0
1,0,0,1,0,30,1,0,0,0,0,9.37634301984789,0,0,17,37,0,0
1,0,0,1,1,9,0,1,1,0,1,17.98252086734571,1,0,17,362,0,1
1,0,0,1,1,64,1,0,0,1,0,18.149199417543073,1,0,20,108,0,1
0,0,0,0,0,161,0,1,0,0,1,21.856791172277244,1,0,14,308,1,1
0,0,0,0,0,120,1,0,0,0,1,22.612003099000795,0,0,22,51,0,0
0,1,0,0,1,52,0,0,1,0,0,15.919120597644643,1,0,52,0,0,0
1,1,1,0,0,89,0,0,1,0,1,10.598766480498687,1,0,27,10,0,1
0,0,0,0,0,142,0,0,0,1,0,25.286075950207284,0,0,43,313,0,0
1,1,1,0,0,53,0,0,1,0,0,9.986103832846057,1,0,3,234,1,0
1,0,0,1,1,78,1,0,0,1,0,15.717763739610612,1,0,88,127,0,1
1,1,1,0,1,41,0,0,1,0,0,12.636324912908114,1,0,8,423,0,0
0,1,0,0,1,68,0,1,1,0,0,25.797273193120954,1,0,86,213,0,0
1,1,1,0,1,8,0,0,1,0,1,13.525637403229036,1,1,89,482,1,1
1,0,0,1,0,2,0,1,0,1,0,12.196876476287045,0,0,10,443,1,0
1,0,1,1,0,105,0,1,1,0,0,21.004887094031485,1,0,29,242,0,0
0,1,0,0,1,125,0,0,0,0,1,18.47079218598184,0,0,40,43,0,0
0,0,0,0,0,110,0,1,0,0,0,4.1101581713795365,1,1,65,5,0,0
0,0,0,0,0,86,1,0,0,0,0,15.736895383974934,1,0,21,155,0,0
1,0,1,1,0,169,1,0,0,0,0,22.32887326166418,1,0,24,414,0,0
0,1,0,0,1,120,1,0,0,0,0,29.77016817314933,1,1,73,7,0,0
0,1,0,0,1,127,0,1,0,0,0,19.245258185139253,1,1,60,4,0,0
1,0,0,1,0,16,0,1,0,0,0,11.738498926798215,0,0,26,361,1,0
1,0,0,1,1,62,0,1,0,0,1,7.558396394261434,1,0,9,181,0,1
1,1,1,0,1,113,0,1,1,0,0,26.312076790446287,1,0,20,111,1,0
1,1,1,0,0,176,0,1,1,1,0,24.62239115129158,1,1,56,491,0,0
1,0,0,1,1,158,1,0,0,0,1,7.783761802602161,1,0,36,272,1,1
1,0,0,1,0,12,0,0,1,1,0,6.81833061425063,0,1,36,421,0,0
0,0,0,0,0,35,1,0,0,0,0,21.73896652752409,0,0,73,264,0,0
1,1,1,0,1,11,0,0,0,1,0,10.133609795644025,1,0,22,457,1,1
1,1,1,0,1,64,0,1,1,0,0,9.885565152496778,1,0,1,211,0,0
1,0,0,1,1,50,0,1,0,0,0,5.416417164962002,0,0,69,77,0,0
1,1,1,0,0,149,0,1,1,0,1,8.655290071585068,1,0,73,269,0,1
1,1,1,0,1,69,0,1,0,0,1,13.397719170186837,1,0,37,153,1,1
0,1,0,0,1,48,0,0,0,0,0,22.25231178090005,0,0,83,220,0,0
0,0,0,0,0,20,0,0,0,0,1,10.752934737998743,1,0,72,368,1,1
0,1,0,0,1,101,0,1,1,1,0,10.529525844915439,1,0,13,445,0,0
1,1,1,0,1,172,0,1,0,0,1,9.262484324020638,1,0,84,346,0,1
0,0,0,0,0,161,0,0,0,0,1,14.870226357820247,1,0,43,24,0,1
1,0,1,1,0,137,1,0,0,1,0,6.2384642402981445,1,0,37,463,0,0
1,0,0,1,0,68,1,0,0,0,1,15.08329128693164,1,0,74,419,0,1
0,0,0,0,0,35,0,1,0,0,0,21.421091129646005,0,1,25,353,0,0
0,0,0,0,0,65,0,1,1,1,0,1.863924616946043,0,0,88,207,0,0
1,0,0,1,1,8,0,0,0,0,0,1.2836020288670942,1,0,21,416,0,1
1,0,0,1,1,45,0,1,1,1,0,3.1785643944807678,1,0,41,2,0,1
0,0,0,0,0,87,1,0,0,0,0,16.53414179011525,0,0,73,214,1,0
0,0,0,0,0,175,0,0,0,0,0,25.7791974123767,1,0,42,394,1,0
1,1,1,0,1,168,0,1,1,0,1,1.1416495145873062,0,1,42,111,1,0
1,0,0,1,0,76,0,0,1,0,0,28.16317783295575,1,1,2,441,0,0
0,0,0,0,0,76,0,1,0,0,1,4.082076835545538,0,0,68,191,1,0
0,0,0,0,0,174,0,1,0,1,0,25.41752231368856,1,0,8,401,0,0
1,1,1,0,1,47,0,0,1,0,0,15.002788184505457,1,0,61,46,0,0
0,0,0,0,0,15,1,0,0,0,0,20.121364231086474,0,0,14,488,1,0
0,0,0,0,0,105,0,0,0,1,0,15.80980654896829,1,0,77,427,1,0
0,0,0,0,0,147,0,1,0,1,0,14.834398530201284,1,0,21,220,0,0
0,1,0,0,1,26,0,0,1,0,0,25.212083422567353,1,0,24,186,0,0
1,1,1,0,1,52,0,0,1,1,0,22.920705007466672,0,1,50,49,0,0
0,1,0,0,1,93,1,0,0,0,1,15.01866485916712,1,0,82,196,0,1
0,0,0,0,0,150,1,0,0,1,0,4.237441952485787,0,0,45,215,1,0
0,0,0,0,0,21,0,1,1,1,0,4.346685820117836,1,0,64,412,0,1
1,0,0,1,1,51,0,1,0,0,0,24.244644360853187,1,1,64,220,1,0
0,1,0,0,1,38,0,1,1,0,1,16.35232801907847,1,0,26,379,0,1
1,1,1,0,0,20,0,0,1,1,0,14.966085066361515,1,0,32,89,1,1
0,0,0,0,0,157,0,0,0,0,1,20.736438399460738,0,0,57,231,1,0
0,1,0,0,1,179,0,0,0,0,1,25.906405919013547,0,0,53,322,0,0
1,0,1,1,0,132,1,0,0,0,1,19.237321187985852,1,0,33,257,0,1
1,0,0,1,1,55,0,0,0,0,0,23.12258916804789,0,0,52,152,1,0
1,0,0,1,1,92,0,0,0,1,0,23.19284519939175,0,0,18,255,0,0
0,0,0,0,0,28,0,0,0,0,0,11.331582014995814,1,0,35,402,0,0
0,0,0,0,0,4,0,0,1,1,0,8.948412673588876,0,1,12,423,0,0
1,0,1,1,0,150,0,0,0,1,0,24.2337579480796,1,0,51,257,0,0
0,1,0,0,1,76,0,0,0,0,0,11.938184961743062,0,0,89,466,1,0
1,1,1,0,1,173,0,0,0,0,1,27.19674418915845,1,0,10,64,0,1
1,1,1,0,0,67,0,1,1,0,1,3.021030205173469,1,0,52,189,1,1
0,0,0,0,0,86,0,0,1,1,0,2.6883078501848496,1,0,34,90,0,0
1,1,1,0,0,162,1,0,0,0,0,27.883120642940842,0,1,67,437,1,0
1,1,1,0,1,91,0,1,1,0,1,19.805192511261613,1,1,39,172,0,0
1,0,0,1,0,105,0,1,0,0,1,12.008381337001637,1,0,8,246,0,1
0,0,0,0,0,1,0,0,1,1,0,22.8967520296693,1,0,29,255,0,1
0,1,0,0,1,72,0,0,1,1,0,20.497477489815598,1,0,22,115,1,0
1,0,0,1,0,87,0,1,0,0,0,16.40483035776829,1,0,84,48,0,0
1,0,0,1,1,166,0,1,0,1,0,3.8673269372168892,0,0,70,226,1,0
1,0,0,1,0,6,0,1,0,0,1,24.553208031489795,1,0,61,488,0,1
0,1,0,0,1,153,1,0,0,0,1,26.114672529738115,1,1,43,68,0,0
0,1,0,0,1,145,0,0,0,0,1,5.992891968026824,1,0,49,421,1,1
1,0,1,1,0,61,0,0,1,0,1,25.664837907334935,0,0,29,387,0,0
0,0,0,0,0,12,0,0,0,0,0,26.457572019480363,1,1,81,400,0,0
0,0,0,0,0,6,0,0,0,0,0,16.933429756366962,1,0,31,125,0,1
0,0,0,0,0,27,0,1,0,1,0,20.029192050457922,0,0,53,436,0,0
0,0,0,0,0,136,1,0,0,1,0,12.084882280420251,0,0,34,212,0,0
0,1,0,0,1,124,0,1,1,1,0,9.171957777768714,0,0,38,52,0,0
0,1,0,0,1,106,1,0,0,0,0,21.9375112615977,1,1,57,111,0,0
1,1,1,0,0,93,0,0,0,0,1,25.99437932145844,0,1,4,158,1,0
0,0,0,0,0,109,1,0,0,1,0,19.968249035716678,1,1,2,239,1,0
1,0,0,1,0,99,0,1,0,0,1,15.836127708749927,1,1,12,149,0,0
1,1,1,0,1,168,0,1,1,1,0,5.608818238480975,1,0,35,138,0,0
0,1,0,0,1,142,0,1,0,1,0,2.5503026655397267,1,1,70,417,0,0
1,1,1,0,1,35,0,1,1,1,0,13.925061917155647,0,1,72,112,1,0
0,1,0,0,1,176,0,0,0,1,0,2.431137347225217,1,0,21,142,0,0
0,0,0,0,0,84,0,1,1,1,0,17.51070432530953,1,0,61,369,0,0
0,0,0,0,0,56,0,1,1,0,1,12.099146548215368,0,0,35,137,1,0
1,1,1,0,1,177,0,1,1,1,0,22.958484470777115,0,0,48,485,0,0
0,0,0,0,0,141,1,0,0,0,1,9.86380640824932,1,0,15,479,1,1
0,1,0,0,1,49,1,0,0,0,0,18.19649832805553,1,1,71,436,0,0
1,1,1,0,0,46,0,0,0,1,0,16.592822130897915,1,1,15,303,0,0
0,1,0,0,1,113,0,1,1,0,1,1.1366603401449935,0,0,6,30,1,0
1,1,1,0,1,136,0,0,1,0,0,3.099292549665,1,0,81,292,0,0
1,0,0,1,1,43,0,0,0,0,0,9.420678162094594,0,1,68,107,1,0
0,0,0,0,0,148,0,1,1,0,0,26.584817349602186,1,0,22,283,0,0
0,1,0,0,1,124,0,1,1,0,1,5.263433692093578,1,0,32,158,1,1
0,1,0,0,1,97,1,0,0,1,0,21.615935583355707,1,0,22,325,0,0
0,0,0,0,0,90,0,0,0,1,0,29.227630418416332,0,1,27,13,0,0
0,1,0,0,1,39,0,1,1,0,1,23.9264590280435,1,1,15,121,0,0
0,1,0,0,1,85,0,1,1,1,0,8.045415488924274,0,0,44,214,0,0
0,1,0,0,1,177,0,0,0,0,1,27.34259255197937,1,0,86,271,0,1
0,1,0,0,1,62,0,0,1,1,0,3.700107538743312,1,1,9,24,0,0
0,1,0,0,1,106,0,0,0,0,0,14.576116314251337,0,0,34,422,0,0
1,0,0,1,1,107,0,0,0,1,0,26.738715324066,1,0,73,321,0,1
0,1,0,0,1,54,0,0,1,0,1,19.596705568449224,1,0,15,293,0,1
0,0,0,0,0,126,0,0,0,0,1,12.995692377103266,1,0,62,168,0,1
1,1,1,0,0,9,0,1,1,0,0,9.491573135377894,1,0,45,102,0,1
0,1,0,0,1,88,0,0,0,0,1,11.877882754232148,1,0,84,353,1,1
0,0,0,0,0,37,0,0,1,1,0,15.7593116492693,1,1,72,370,0,0
1,1,1,0,0,49,0,1,0,1,0,10.252273966311414,0,0,58,39,0,0
1,1,1,0,0,41,0,0,0,0,0,29.100068000386692,1,1,19,234,0,0
1,0,1,1,0,17,1,0,0,0,1,28.05925193891821,1,1,16,319,1,1
0,1,0,0,1,88,0,1,1,0,0,26.2494725782153,1,0,75,88,0,0
1,0,1,1,0,21,0,1,1,1,0,13.23306523015695,1,0,8,99,0,1
0,0,0,0,0,51,1,0,0,0,0,21.047751310721637,1,0,33,143,0,0
0,0,0,0,0,59,1,0,0,0,1,27.182049904042973,0,0,74,81,0,0
1,0,1,1,0,167,0,0,0,0,0,25.662455142688913,0,0,18,76,1,0
1,0,0,1,1,41,1,0,0,0,1,13.015483406586021,1,0,35,58,0,1
1,1,1,0,1,39,0,1,0,0,1,4.25919543034556,1,0,43,228,0,1
0,1,0,0,1,141,0,0,1,1,0,3.1932805512019344,1,0,50,90,1,0
1,1,1,0,0,11,1,0,0,1,0,17.734857311545376,1,1,3,353,0,0
1,0,0,1,1,147,1,0,0,1,0,19.636210121117017,0,0,59,394,1,0
0,0,0,0,0,139,0,1,0,0,1,25.645435533313698,1,0,28,0,0,1
1,1,1,0,0,77,0,1,1,0,0,9.4829355898899,1,0,46,268,1,0
0,0,0,0,0,127,0,1,1,0,1,5.856644225951232,1,1,64,285,1,0
0,1,0,0,1,46,0,0,0,1,0,11.991169162167784,1,0,70,196,0,0
0,0,0,0,0,45,0,1,0,1,0,11.253678585335976,1,0,47,273,1,0
1,0,0,1,0,1,0,0,1,0,0,4.841599666517787,1,0,14,77,0,1
1,0,0,1,1,168,0,0,1,1,0,20.49619692288141,1,0,7,140,0,1
1,0,1,1,0,108,0,1,0,1,0,15.752066281151903,1,1,74,287,0,0
0,1,0,0,1,19,0,0,1,1,0,21.91255992732822,1,0,79,70,0,1
1,0,0,1,1,76,0,1,1,0,0,11.228042484922305,1,0,31,455,1,1
1,1,1,0,0,72,0,0,1,0,1,10.445364135753367,1,0,81,49,0,1
0,0,0,0,0,109,0,0,1,1,0,14.704699738271813,1,1,51,454,1,0
0,0,0,0,0,12,0,1,0,0,0,26.444813016459264,1,0,29,371,0,1
0,1,0,0,1,161,0,1,0,1,0,2.1681578952854297,1,1,15,368,0,0
1,0,1,1,0,45,0,0,1,0,0,24.34015170159769,0,0,76,79,0,0
0,0,0,0,0,90,1,0,0,1,0,11.700640767074939,1,0,25,234,0,0
1,1,1,0,1,103,0,1,0,0,0,25.783951747865853,1,0,61,286,1,0
0,0,0,0,0,8,0,0,0,1,0,24.263887256239837,1,0,41,306,1,1
1,1,1,0,0,153,0,0,0,0,1,11.114076174486563,1,0,69,154,1,1
1,1,1,0,0,91,0,1,1,1,0,21.12241952432686,0,1,4,59,1,0
1,0,0,1,0,174,0,0,1,0,0,5.629349946429764,0,0,57,32,0,0
0,0,0,0,0,87,1,0,0,1,0,26.99216501274985,0,1,31,436,0,0
0,1,0,0,1,158,0,1,1,0,1,12.730240869105373,1,0,3,126,0,1
0,0,0,0,0,175,0,0,1,1,0,14.213142845300805,1,0,67,220,0,0
0,0,0,0,0,177,0,1,0,0,0,21.46701248007256,1,1,50,199,0,0
1,1,1,0,1,175,0,0,0,0,0,24.804366864440677,1,0,17,416,0,0
1,0,0,1,0,84,1,0,0,0,1,7.853939556518078,1,0,60,125,0,1
0,1,0,0,1,82,0,0,0,0,0,20.179154056432868,0,1,74,40,0,0
1,1,1,0,0,146,0,1,0,1,0,12.367943272785306,0,0,66,274,1,0
0,1,0,0,1,68,0,0,1,1,0,11.692384796114878,1,0,88,468,0,0
1,0,0,1,1,161,0,1,0,1,0,21.010748894278986,1,1,75,296,0,0
1,0,0,1,0,127,0,1,0,0,0,12.228314950522096,1,0,24,84,0,0
0,0,0,0,0,164,0,0,0,1,0,11.037146504767822,1,1,87,88,1,0
1,1,1,0,1,82,1,0,0,1,0,25.24076383566103,1,0,32,41,1,0
0,1,0,0,1,147,0,1,0,1,0,3.9370075910991846,0,0,87,119,0,0
1,1,1,0,0,156,0,0,0,0,1,20.60088606207611,1,0,19,278,0,1
1,0,0,1,0,168,1,0,0,0,0,8.213036419928114,1,0,66,458,1,0
1,0,0,1,1,84,0,0,1,0,0,1.4494490129595188,1,0,60,32,0,1
1,0,1,1,0,113,0,0,1,0,0,5.8361637973080684,0,1,66,275,1,0
1,1,1,0,1,76,0,1,1,0,1,18.593184363500164,1,0,15,152,1,1
0,0,0,0,0,122,0,0,0,0,0,21.564688553092186,1,0,85,89,0,0
1,0,0,1,1,143,1,0,0,0,1,1.6106757231332813,0,0,35,103,0,1
0,0,0,0,0,41,0,1,0,0,1,2.0563378557498844,1,0,69,435,0,1
1,0,0,1,1,167,0,0,1,0,0,27.17372133044564,0,0,27,11,0,0
1,1,1,0,0,2,1,0,0,1,0,3.125868725297875,1,0,88,159,1,1
0,0,0,0,0,29,0,0,0,1,0,26.931282599880568,1,0,7,416,1,0
0,0,0,0,0,105,0,1,1,0,0,7.616811498776268,1,0,6,457,1,0
0,1,0,0,1,51,0,0,1,0,0,22.46051620458817,1,0,33,195,0,0
0,0,0,0,0,75,1,0,0,0,1,9.98226421943435,0,0,58,398,0,0
1,1,1,0,1,10,1,0,0,0,0,25.90380874266633,0,0,49,306,0,0
1,1,1,0,0,142,1,0,0,0,1,21.31319109730638,0,0,17,261,0,0
1,0,0,1,1,51,0,0,0,0,0,12.652590299449159,0,0,42,90,0,0
1,0,1,1,0,118,0,0,0,1,0,3.212771171048307,1,1,72,196,0,0
0,1,0,0,1,121,0,0,0,1,0,22.248305332253405,0,1,40,68,0,0
0,1,0,0,1,39,0,1,0,0,0,18.889657922990263,1,0,46,465,1,0
0,0,0,0,0,28,1,0,0,0,1,1.0844398171798735,1,0,71,219,0,1
1,1,1,0,0,3,0,0,1,1,0,1.2731758232009143,1,1,70,418,1,0
1,1,1,0,0,84,0,0,0,0,1,24.454996222588125,1,0,68,378,0,1
0,0,0,0,0,155,0,0,0,0,0,8.522592425253762,1,0,1,213,0,0
1,1,1,0,1,117,1,0,0,0,0,19.447876364113906,1,0,79,417,1,0
1,1,1,0,1,2,0,0,0,1,0,14.172218173192176,0,0,89,446,1,0
1,0,1,1,0,93,0,1,0,0,0,26.039470421131252,1,0,52,451,0,0
1,1,1,0,1,166,0,1,0,1,0,27.59187227997217,1,0,35,145,0,0
0,0,0,0,0,131,0,0,0,0,1,29.907423667686768,1,0,69,232,0,1
0,0,0,0,0,144,1,0,0,1,0,5.456839938410158,1,0,5,370,0,0
0,1,0,0,1,94,1,0,0,1,0,26.025957347788786,1,1,17,409,1,0
1,0,0,1,1,40,1,0,0,0,1,8.714619925135251,1,0,53,233,0,1
0,0,0,0,0,2,0,1,1,1,0,18.13366037196972,1,0,52,213,0,1
0,0,0,0,0,81,0,0,0,1,0,15.667412182207116,1,0,14,366,1,0
0,0,0,0,0,169,1,0,0,0,0,1.521655815599242,1,0,29,480,0,0
0,1,0,0,1,12,0,1,0,0,1,28.05036711727675,1,0,8,60,0,1
1,1,1,0,1,163,0,0,1,1,0,3.271484599327335,0,0,1,362,0,0
0,0,0,0,0,65,0,0,1,0,1,20.95834866282434,1,0,29,77,0,1
1,1,1,0,1,55,1,0,0,0,1,23.7651982500396,1,0,36,94,0,1
0,1,0,0,1,45,0,0,1,1,0,24.063347622382842,0,0,51,329,0,0
1,0,0,1,0,101,0,0,1,0,0,4.929341048936498,1,0,37,498,0,0
0,0,0,0,0,62,0,1,1,0,1,13.979528564731192,1,0,69,215,1,1
0,1,0,0,1,49,0,1,0,1,0,25.053437242585414,1,0,53,212,1,0
0,1,0,0,1,127,0,1,0,0,1,9.777697100983886,0,0,52,303,0,0
1,1,1,0,0,153,0,1,1,0,0,14.564711585865243,1,0,88,199,0,0
1,0,0,1,1,23,0,1,1,0,0,8.911022888295527,1,0,83,351,0,1
1,0,0,1,0,152,0,0,1,0,0,14.442991118674401,1,0,12,30,0,0
0,0,0,0,0,38,0,0,0,1,0,26.747299755193524,1,0,52,289,1,0
0,1,0,0,1,28,0,0,1,1,0,14.198602699950314,1,0,1,342,0,0
0,0,0,0,0,21,0,1,1,0,0,17.121448495155292,0,1,7,472,0,0
0,0,0,0,0,107,0,1,0,1,0,12.715312215789423,1,1,17,134,0,0
0,0,0,0,0,146,0,0,1,0,0,14.34339831289644,0,0,43,82,0,0
1,0,1,1,0,164,0,0,0,1,0,1.4400517723462292,1,0,71,390,0,0
1,0,0,1,0,99,0,0,1,0,0,9.228619788853225,1,0,17,46,1,0
1,0,0,1,0,173,1,0,0,0,1,13.660869930512908,1,0,59,391,1,1
0,0,0,0,0,119,0,0,1,0,0,19.380112303789137,0,0,3,205,1,0
1,0,0,1,0,73,0,1,1,0,0,14.051505986062873,1,0,29,384,1,0
0,1,0,0,1,122,0,1,0,1,0,10.796694256325358,0,0,22,380,1,0
1,1,1,0,0,30,0,1,0,1,0,12.254863324980558,1,0,38,76,0,0
0,1,0,0,1,108,0,1,1,1,0,8.026506546813529,1,0,54,258,0,0
0,1,0,0,1,98,1,0,0,1,0,27.810334200447535,1,0,50,436,1,0
1,1,1,0,1,32,0,1,1,1,0,16.130553547936522,1,0,69,91,0,0
0,1,0,0,1,156,0,0,1,1,0,1.3888741622915703,0,0,30,421,0,0
1,1,1,0,0,172,0,1,1,0,1,1.5639414941668517,1,0,23,434,0,1
0,1,0,0,1,79,0,1,1,0,0,29.215887413609206,1,0,85,398,0,0
0,1,0,0,1,41,1,0,0,0,0,7.422075849824106,1,0,47,99,0,0
0,1,0,0,1,63,0,0,1,0,0,24.362640375615126,1,0,21,382,0,0
1,0,1,1,0,23,0,0,0,0,1,2.6899837452566597,1,0,20,194,0,1
1,0,1,1,0,104,0,0,0,0,0,27.713719364141923,1,0,23,191,1,0
0,0,0,0,0,75,0,1,0,0,1,26.358093106333673,1,0,68,67,0,1
0,0,0,0,0,48,0,1,1,0,1,17.561701710600925,1,0,21,388,1,1
0,1,0,0,1,160,0,1,0,0,1,1.2609610612144175,1,0,21,241,0,1
1,1,1,0,0,57,1,0,0,0,0,8.47651534667679,1,0,1,89,0,0
1,1,1,0,0,118,0,0,0,0,1,12.797856774555484,0,1,15,344,0,0
1,0,0,1,0,100,0,1,1,0,0,14.34185938567929,1,0,17,9,0,0
1,0,0,1,0,124,1,0,0,0,0,9.632683998308789,0,0,51,263,0,0
0,1,0,0,1,161,1,0,0,1,0,1.9554881791203693,0,0,63,267,1,0
1,0,0,1,0,152,0,1,1,1,0,18.11369477186972,1,1,14,319,1,0
0,1,0,0,1,167,1,0,0,0,1,16.200485363147923,1,0,59,117,1,1
1,0,1,1,0,34,0,1,1,0,1,9.207018427443254,0,0,83,249,0,0
1,1,1,0,0,156,0,1,1,0,0,2.1013030595185893,1,0,50,58,0,0
0,0,0,0,0,165,0,0,1,0,1,29.843231429436266,1,1,34,194,0,0
1,0,0,1,0,7,0,1,0,0,1,14.977599417965772,1,0,6,474,0,1
1,1,1,0,0,165,1,0,0,0,0,22.924123011448238,1,0,49,49,0,0
1,1,1,0,0,56,1,0,0,0,1,14.11710701648873,1,0,6,406,0,1
0,0,0,0,0,65,0,0,1,0,1,2.251938435025302,1,0,69,295,0,1
0,0,0,0,0,47,0,0,1,0,0,9.978421607479502,0,1,7,377,0,0
0,1,0,0,1,148,0,0,1,0,0,10.283194089171134,0,0,77,96,0,0
0,1,0,0,1,19,0,0,0,1,0,25.312234217421462,0,0,51,461,0,0
1,0,0,1,1,157,0,0,0,0,0,19.972669361996356,1,1,1,126,0,0
1,1,1,0,1,146,0,0,0,1,0,8.987467205544712,1,1,13,245,1,0
1,1,1,0,0,163,0,1,1,0,1,29.064458685113493,1,0,43,86,0,1
1,1,1,0,0,171,1,0,0,0,0,10.32471313953827,1,0,27,478,0,0
0,1,0,0,1,126,0,1,0,0,0,29.94878674903289,1,1,71,76,0,0
0,0,0,0,0,139,0,1,1,0,0,29.888747101937632,0,0,3,376,0,0
0,1,0,0,1,49,1,0,0,0,1,6.545105014655512,1,1,58,203,1,0
1,1,1,0,1,113,1,0,0,1,0,10.069492369463605,1,1,89,482,1,0
0,1,0,0,1,38,0,0,1,0,1,15.095281756054971,0,0,17,145,0,0
0,1,0,0,1,64,0,0,1,0,1,20.258919463288837,0,1,45,148,0,0
1,0,1,1,0,69,0,1,1,0,0,16.31337602111018,1,0,78,492,1,0
1,1,1,0,1,136,0,0,1,1,0,29.11380260483545,1,0,58,110,0,0
0,0,0,0,0,162,1,0,0,0,1,21.995685762835052,1,0,56,489,1,1
1,1,1,0,0,176,0,0,1,0,0,7.149300632106258,1,1,54,128,0,0
0,1,0,0,1,116,0,0,0,0,1,4.047828956195511,1,0,87,252,0,1
0,1,0,0,1,65,0,0,1,0,1,20.963637430571346,0,0,88,165,1,0
1,0,1,1,0,31,1,0,0,0,0,5.595120765242127,1,1,29,296,0,0
0,0,0,0,0,132,0,1,1,0,0,23.84262836973687,1,0,54,425,0,0
1,0,1,1,0,113,0,1,0,1,0,10.020063350549773,1,0,27,494,0,0
1,0,1,1,0,109,0,0,1,0,1,10.479904628612589,1,1,45,136,0,0
1,0,0,1,1,178,1,0,0,0,0,1.313153379295847,1,0,87,278,1,1
0,0,0,0,0,69,0,1,0,0,0,21.32932674575618,1,1,31,333,0,0
1,0,1,1,0,158,0,1,0,1,0,4.284822838875888,1,1,36,10,0,0
1,1,1,0,0,120,0,0,0,1,0,23.413536746442027,1,0,81,70,1,0
1,1,1,0,1,88,0,1,0,0,0,15.264166835598997,1,0,61,158,0,0
1,1,1,0,1,67,1,0,0,1,0,23.744114633682504,0,0,37,215,0,0
1,0,0,1,1,75,1,0,0,0,0,17.933869636734496,1,0,67,25,1,1
1,1,1,0,0,45,0,0,1,0,1,3.390564888550732,1,0,36,285,1,1
1,0,0,1,0,4,0,0,1,1,0,23.20391776445031,1,0,5,161,0,1
1,1,1,0,1,154,0,0,1,0,1,3.0241850619477426,0,0,46,429,0,0
0,1,0,0,1,155,0,1,0,0,1,14.882349896510636,1,0,79,101,1,1
1,0,1,1,0,174,0,1,0,0,1,5.998127210203935,1,0,52,68,1,1
0,1,0,0,1,107,0,0,0,0,0,22.817720161358665,1,0,49,132,1,0
1,0,1,1,0,51,0,0,1,0,1,27.43614560637767,1,0,6,188,0,1
1,1,1,0,0,50,0,1,1,0,1,17.069658737389954,1,0,10,210,0,1
1,0,0,1,1,6,0,0,0,0,1,16.287271534676236,1,0,23,242,0,1
1,1,1,0,1,59,0,1,1,0,0,23.15493269344292,1,0,17,165,1,0
0,1,0,0,1,125,0,1,0,0,1,1.1472855762960892,1,0,84,411,1,1
0,0,0,0,0,143,0,0,0,0,1,27.615000636419662,0,1,44,409,0,0
1,0,1,1,0,30,0,0,0,1,0,6.72601569564282,0,0,41,60,0,0
1,1,1,0,0,170,1,0,0,0,0,29.53944763096088,1,0,15,361,0,0
0,0,0,0,0,122,0,1,0,0,1,22.351364490853403,1,0,44,278,1,1
1,0,0,1,0,125,0,1,0,1,0,23.45328328331946,1,0,58,429,0,0
1,1,1,0,0,37,0,0,0,0,0,20.02988643083459,0,0,86,112,0,0
0,1,0,0,1,170,0,1,0,0,0,14.678232300769649,1,0,50,29,0,0
1,1,1,0,1,124,0,0,0,0,0,17.5772031074738,1,0,52,322,0,0
1,0,0,1,1,101,1,0,0,0,0,2.345683694438644,0,0,70,475,0,0
1,0,0,1,0,35,0,0,0,0,0,19.094825773528413,1,1,68,160,1,0
1,1,1,0,0,87,0,1,0,0,0,19.156844957624354,1,0,63,233,1,0
1,0,1,1,0,134,0,1,0,0,1,26.844823124652475,1,0,58,386,0,1
1,0,1,1,0,18,0,0,0,0,1,15.664034365476363,1,1,23,452,0,1
1,1,1,0,1,113,0,0,0,0,1,3.237186848495769,1,0,44,376,1,1
0,1,0,0,1,29,0,0,0,0,1,9.879681693980356,0,0,83,338,0,0
1,1,1,0,1,77,0,0,1,1,0,20.013252951315206,1,0,44,169,0,0
1,1,1,0,0,59,0,1,0,0,1,7.938507019792453,0,0,52,317,1,0
1,0,0,1,0,175,0,1,0,0,0,9.135306833806627,1,0,67,185,1,0
1,0,0,1,0,126,0,0,1,0,1,24.79360147446475,0,0,28,56,1,0
1,1,1,0,0,145,0,0,0,0,1,17.94527222111856,1,0,67,239,0,1
1,0,0,1,0,109,1,0,0,0,0,15.747295521433603,1,0,78,256,0,0
0,1,0,0,1,22,0,0,0,0,1,10.235107037368326,0,0,18,357,0,1
0,0,0,0,0,68,0,0,0,0,1,22.196913042057968,1,0,27,200,0,1
0,1,0,0,1,69,0,0,1,0,1,9.343834600210851,0,0,51,443,1,0
0,1,0,0,1,165,0,1,0,1,0,22.374842011681082,1,0,60,324,0,0
1,0,0,1,0,49,0,0,0,0,1,3.032942927755818,1,0,74,314,1,1
0,0,0,0,0,141,0,1,0,0,0,26.071698905880424,0,0,49,301,0,0
0,1,0,0,1,162,0,1,1,0,0,15.487427437902051,0,0,15,105,0,0
0,0,0,0,0,109,0,1,0,0,1,13.71673248427013,1,0,83,289,1,1
1,1,1,0,1,86,1,0,0,0,1,18.719678934715812,0,0,73,100,0,0
0,0,0,0,0,53,1,0,0,0,1,19.101570113991844,1,0,68,96,0,1
0,0,0,0,0,123,0,0,0,0,0,4.829020129809871,1,0,15,152,0,0
0,1,0,0,1,87,0,1,0,0,0,22.930774104670185,1,0,51,425,0,0
1,1,1,0,1,179,0,0,0,1,0,9.001920640551825,1,0,48,28,0,0
1,0,0,1,1,131,0,0,1,1,0,27.243894524927505,1,0,72,152,0,1
1,1,1,0,1,42,1,0,0,1,0,24.71766923903014,1,0,1,437,0,0
0,0,0,0,0,98,0,0,0,0,0,11.041715204507707,0,0,7,378,1,0
0,1,0,0,1,160,0,0,1,1,0,24.424439502820718,0,0,53,72,0,0
0,0,0,0,0,109,0,0,0,0,1,11.33532447969722,0,1,31,253,0,0
0,0,0,0,0,51,0,1,0,0,1,3.927482767445178,0,0,18,450,0,0
0,1,0,0,1,85,0,1,0,0,0,28.89475892304553,0,0,12,398,0,0
0,0,0,0,0,174,0,1,0,1,0,19.925458441247763,1,1,48,3,0,0
1,0,1,1,0,127,0,1,0,0,1,14.22688627321516,1,0,30,236,0,1
0,0,0,0,0,21,0,1,1,0,0,12.53542719440015,1,0,7,37,0,1
1,0,0,1,0,44,0,0,1,1,0,10.416454693489655,0,0,3,19,1,0
1,1,1,0,0,139,0,0,1,0,1,29.46198026744475,1,0,63,112,1,1
1,1,1,0,1,103,0,1,0,1,0,4.907670688796315,1,0,6,22,1,0
1,0,0,1,1,68,0,1,1,0,0,10.129346708696481,1,0,15,420,0,1
1,0,0,1,1,129,0,1,0,1,0,15.079431568197242,1,0,71,445,0,1
1,0,0,1,1,92,0,1,1,0,0,14.86198680657503,1,0,43,366,1,1
1,0,0,1,0,24,0,1,0,1,0,14.66962804782746,1,0,81,135,0,0
0,1,0,0,1,125,1,0,0,0,1,6.097730659081073,1,0,18,420,1,1
1,1,1,0,0,141,1,0,0,0,0,5.203043286175516,0,1,22,247,0,0
0,0,0,0,0,111,0,0,0,0,0,8.388260003529982,1,0,61,300,0,0
0,0,0,0,0,98,0,1,0,0,0,27.521258460259624,1,1,61,96,1,0
0,0,0,0,0,139,0,0,1,1,0,4.278536067200793,0,0,53,32,1,0
1,1,1,0,0,179,0,0,0,1,0,22.96532799782642,1,0,26,134,1,0
0,1,0,0,1,17,1,0,0,0,1,22.968903400867767,1,0,40,254,1,1
0,1,0,0,1,99,0,1,0,0,0,24.483341713020607,1,0,88,277,0,0
0,0,0,0,0,82,0,0,0,0,0,26.71184918069131,0,1,8,132,0,0
1,1,1,0,1,104,0,1,0,1,0,8.628049148628978,1,1,21,237,1,0
1,1,1,0,1,152,1,0,0,1,0,7.512224608797995,1,0,43,14,0,0
0,0,0,0,0,19,0,0,0,0,1,14.499664329296913,1,0,21,276,0,1
1,0,0,1,0,165,1,0,0,0,1,8.687585893809048,0,0,3,125,0,0
0,0,0,0,0,85,0,1,1,1,0,22.294989680510117,1,1,31,344,0,0
1,0,0,1,1,8,1,0,0,0,0,19.442247725501577,1,0,27,16,0,1
1,0,1,1,0,28,0,1,0,0,1,26.374642953526894,1,0,27,311,0,1
1,0,0,1,0,5,0,0,1,1,0,3.399410801125075,0,0,73,49,1,0
1,0,0,1,0,145,1,0,0,1,0,27.537416667384168,1,0,57,134,1,0
0,1,0,0,1,101,0,0,1,0,0,9.507110173432597,1,1,33,117,0,0
1,1,1,0,1,164,0,1,1,1,0,15.230136031882537,0,0,44,377,0,0
0,1,0,0,1,118,0,0,0,1,0,13.719731642249666,1,0,43,305,0,0
0,0,0,0,0,147,0,0,0,0,1,23.049037882028294,1,0,31,59,0,1
0,1,0,0,1,64,0,0,1,1,0,13.189665973523434,1,0,65,124,0,0
0,0,0,0,0,91,0,0,0,1,0,28.363041223832873,1,0,84,466,0,0
1,0,0,1,1,117,1,0,0,0,1,27.17348259651869,0,0,76,115,0,1
0,0,0,0,0,98,0,0,1,0,0,26.29267340711569,1,0,17,390,0,0
1,0,1,1,0,11,0,1,0,0,0,3.066491646798609,1,1,15,423,0,0
0,1,0,0,1,54,1,0,0,0,1,25.773483785064244,1,0,34,172,0,1
1,1,1,0,1,173,1,0,0,0,1,23.667427917853104,1,0,80,186,0,1
1,0,1,1,0,47,1,0,0,0,0,4.001875463177799,0,0,4,497,0,0
1,0,0,1,0,140,0,1,0,0,0,4.115015437650435,1,0,72,87,0,0
0,0,0,0,0,149,0,1,1,0,0,3.933750534008694,1,0,89,202,1,0
1,1,1,0,0,139,0,0,0,0,0,1.3286452029301388,1,1,79,360,0,0
1,0,1,1,0,5,0,0,1,0,0,16.910394850642923,1,0,28,310,1,1
0,0,0,0,0,20,0,1,1,0,1,29.228434451645256,1,0,73,319,0,1
0,1,0,0,1,169,0,0,1,1,0,13.721856384094012,0,0,2,448,1,0
1,1,1,0,1,46,0,0,0,0,0,16.681967554733333,0,0,17,181,0,0
0,0,0,0,0,12,0,1,0,0,0,29.07112410632871,0,0,58,351,1,0
1,0,0,1,0,70,1,0,0,1,0,8.40028463445269,1,0,74,167,0,0
1,1,1,0,0,17,1,0,0,1,0,25.895637325349625,0,0,9,180,1,0
1,1,1,0,1,115,0,1,0,1,0,16.845323549140346,0,0,31,299,0,0
0,0,0,0,0,147,0,1,1,1,0,17.51481892522731,1,0,66,446,0,0
1,1,1,0,0,154,0,1,1,1,0,10.952041859011223,0,0,88,129,1,0
1,0,0,1,0,48,0,0,1,1,0,17.285946468040336,1,0,62,462,0,0
1,0,0,1,0,108,0,1,0,0,1,3.121132774870234,1,0,19,148,1,1
0,1,0,0,1,52,0,1,1,1,0,23.174663605809254,0,0,81,471,0,0
0,1,0,0,1,96,0,1,0,1,0,9.255945084783878,1,1,74,305,0,0
1,1,1,0,0,70,0,0,0,0,1,26.740641555324693,0,0,55,208,1,0
0,0,0,0,0,102,1,0,0,1,0,11.667670143616295,1,0,28,110,0,0
1,0,1,1,0,75,1,0,0,0,0,5.1418992041195954,1,0,50,435,0,0
0,0,0,0,0,161,1,0,0,0,0,21.180565656686063,0,1,65,499,1,0
1,1,1,0,1,151,0,1,0,1,0,5.772766196691583,0,1,3,136,1,0
0,0,0,0,0,143,0,1,0,0,1,22.856734950746723,1,0,79,354,1,1
0,0,0,0,0,155,0,0,1,0,0,29.07525485577738,0,0,52,403,0,0
1,1,1,0,0,179,1,0,0,0,1,23.60703319506259,0,1,10,210,0,0
1,1,1,0,0,82,0,0,1,0,0,1.6510282045084157,1,0,21,145,0,0
1,0,1,1,0,92,1,0,0,1,0,18.396687853530466,1,0,37,83,0,0
0,0,0,0,0,179,0,0,1,0,1,21.166909458122007,1,1,15,29,1,0
0,1,0,0,1,175,0,0,1,0,1,24.938291448092272,1,0,87,487,0,1
0,0,0,0,0,4,0,0,0,0,1,2.6240669592310044,1,0,78,64,0,1
0,1,0,0,1,135,0,0,1,0,0,14.923127010616303,0,1,79,23,0,0
0,1,0,0,1,109,0,1,0,0,0,16.525755306513435,1,0,74,471,1,0
1,0,1,1,0,163,0,0,1,0,0,5.904621016681163,1,0,9,430,1,0
0,0,0,0,0,48,1,0,0,1,0,10.35104448160884,1,0,44,210,0,0
1,0,0,1,0,73,0,0,1,0,0,13.76643006142879,1,0,39,221,0,0
0,1,0,0,1,72,0,1,1,1,0,25.163080950776244,0,0,5,89,1,0
1,1,1,0,0,116,1,0,0,0,1,27.952819416036,0,0,25,105,0,0
0,0,0,0,0,173,0,1,1,0,1,19.224262038612512,1,0,56,171,0,1
0,1,0,0,1,81,1,0,0,1,0,12.453410394622402,1,1,64,229,0,0
0,0,0,0,0,81,0,1,0,0,0,8.366899516170593,1,0,72,412,0,0
0,0,0,0,0,113,0,1,0,1,0,29.481920348648362,0,0,86,76,0,0
0,1,0,0,1,96,0,1,0,0,1,29.507579944214395,1,0,52,67,1,1
1,0,0,1,1,72,0,1,1,0,1,27.824331498816008,1,0,89,364,0,1
1,1,1,0,0,147,0,0,0,1,0,23.784405346456758,1,0,76,400,0,0
1,0,1,1,0,63,1,0,0,0,0,10.44760676862293,1,1,9,352,1,0
1,0,0,1,1,38,0,1,0,0,0,24.69301402143129,1,0,10,388,1,1
1,1,1,0,1,67,1,0,0,1,0,12.854997500864004,0,0,10,91,0,0
1,1,1,0,1,69,0,1,1,1,0,10.47641984649631,1,0,73,87,0,0
0,0,0,0,0,13,0,0,0,0,0,22.60109539552211,1,0,62,464,0,1
0,0,0,0,0,175,0,1,1,0,1,3.3099639009922637,0,0,60,49,0,0
1,1,1,0,1,31,1,0,0,1,0,2.408318975574189,0,0,19,102,0,0
1,1,1,0,0,114,0,0,0,0,0,13.990657218254382,1,0,38,367,0,0
0,0,0,0,0,22,0,0,0,0,0,13.923525223842695,1,1,6,423,0,0
1,0,0,1,1,93,0,1,1,0,1,26.973680438851215,1,0,15,491,0,1
1,1,1,0,1,171,0,1,0,0,1,4.658439792346687,0,0,47,45,0,0
0,1,0,0,1,67,1,0,0,0,1,4.575233896119971,1,0,45,178,0,1
0,0,0,0,0,54,0,0,1,0,1,5.276125413772133,1,0,5,266,0,1
0,0,0,0,0,138,0,0,1,0,1,1.8623515775434756,1,0,78,267,0,1
0,0,0,0,0,42,0,1,1,1,0,3.080220396632343,1,0,53,396,0,0
1,1,1,0,1,64,1,0,0,0,0,20.136226138042133,1,0,66,319,0,0
1,0,1,1,0,126,1,0,0,1,0,13.515945544407767,1,1,62,7,0,0
1,0,0,1,1,21,0,1,1,1,0,23.144488945552396,1,0,23,448,0,1
1,1,1,0,0,169,1,0,0,1,0,29.785333838868148,1,0,44,264,0,0
0,1,0,0,1,152,0,1,0,1,0,20.11200575187104,1,1,52,475,1,0
1,0,0,1,0,35,0,1,1,1,0,2.4632115479835885,1,0,46,385,1,0
1,0,1,1,0,30,0,1,0,0,1,4.032323077875904,1,0,19,77,0,1
1,1,1,0,0,57,1,0,0,0,1,26.549118459626527,1,1,88,396,1,0
0,0,0,0,0,47,0,1,1,0,0,16.297382392189583,1,0,84,239,0,0
0,0,0,0,0,163,1,0,0,1,0,24.92027762247646,1,0,47,257,0,0
0,1,0,0,1,19,0,1,1,0,0,25.841757750522856,1,0,52,195,1,1
1,0,0,1,1,114,1,0,0,0,1,27.902561703486057,1,0,24,459,0,1
1,1,1,0,0,8,0,1,0,0,1,28.545046959104607,1,0,17,431,0,1
0,0,0,0,0,26,0,1,0,0,1,17.08994809859588,1,0,89,329,0,1
1,0,1,1,0,113,1,0,0,1,0,10.889584995424983,0,0,46,130,0,0
0,1,0,0,1,71,0,1,1,1,0,28.89408135609196,1,0,64,451,0,0
1,1,1,0,1,30,0,0,1,0,1,16.87478577403553,0,0,28,389,0,0
0,1,0,0,1,135,0,1,0,0,0,2.86332896568372,0,1,50,342,0,0
1,1,1,0,1,67,0,1,0,0,0,19.640519951736085,1,1,64,260,0,0
1,0,0,1,1,65,0,0,1,0,1,18.042857761455313,0,0,28,241,0,1
0,1,0,0,1,36,1,0,0,0,0,26.977993313946474,1,1,86,386,1,0
1,0,0,1,1,25,0,1,1,0,1,19.942428485576563,0,0,56,393,1,1
1,1,1,0,0,37,1,0,0,0,0,11.12252030938499,0,0,59,170,0,0
1,0,0,1,0,1,0,0,0,0,1,29.02054604546879,1,0,5,146,0,1
1,0,0,1,1,143,0,1,0,0,0,24.246965093478973,1,0,54,269,1,1
0,1,0,0,1,37,0,0,0,1,0,19.282110933059275,1,1,44,148,0,0
0,1,0,0,1,141,0,1,0,0,1,9.494830898690564,1,0,42,379,0,1
0,1,0,0,1,136,0,1,0,0,1,11.83266859311457,0,0,72,298,0,0
0,0,0,0,0,133,0,0,0,0,0,20.429127798803044,1,0,57,27,1,0
1,1,1,0,0,128,0,0,0,0,1,3.08744373543633,1,0,47,148,0,1
1,0,0,1,1,127,1,0,0,0,1,8.44373715785764,1,0,76,419,0,1
0,0,0,0,0,1,0,0,0,0,1,21.70312706850134,1,1,25,279,0,1
0,1,0,0,1,164,1,0,0,1,0,14.920536785494006,1,0,44,181,0,0
1,1,1,0,0,35,1,0,0,1,0,12.669413379618474,1,0,15,165,0,0
0,1,0,0,1,104,1,0,0,0,0,5.39227104961202,1,0,51,16,0,0
0,0,0,0,0,23,0,1,0,1,0,13.813621999854245,1,0,53,149,0,1
1,1,1,0,1,9,0,1,0,0,0,23.350067152046783,1,0,34,338,0,1
0,0,0,0,0,34,0,0,0,1,0,8.656372536084898,0,0,77,44,0,0
1,1,1,0,0,174,0,1,0,0,0,1.156557723326645,1,0,8,329,1,0
1,1,1,0,0,128,0,0,0,1,0,20.3866421333785,1,0,77,188,1,0
0,0,0,0,0,4,0,1,0,1,0,29.206171528544026,1,1,70,138,0,0
0,1,0,0,1,158,0,1,1,0,0,18.597970344068905,1,0,21,60,0,0
0,1,0,0,1,102,0,1,1,0,1,4.4777339088867745,0,0,7,293,0,0
0,0,0,0,0,75,0,0,0,0,1,10.30125967799552,1,1,79,321,0,0
0,1,0,0,1,99,0,1,0,1,0,26.161606826886477,1,0,56,32,1,0
0,1,0,0,1,72,0,1,0,0,0,7.744474153448029,0,0,49,298,0,0
1,0,0,1,0,3,1,0,0,0,1,18.623181201430633,1,0,42,414,0,1
1,1,1,0,0,142,0,0,1,0,0,12.677465039365938,1,0,23,111,1,0
0,0,0,0,0,173,0,0,0,0,1,7.027467921169822,1,0,52,290,1,1
1,0,1,1,0,34,0,0,1,0,0,24.58879991337571,1,0,79,36,0,0
1,1,1,0,0,45,0,0,1,1,0,22.542107017505018,1,1,53,430,0,0
1,1,1,0,0,61,0,0,0,0,0,20.186140912818697,0,1,16,494,0,0
1,1,1,0,0,83,0,1,0,0,1,7.853761117793785,1,0,37,99,1,1
1,0,1,1,0,123,0,0,0,1,0,3.837853078777051,1,0,18,22,1,0
0,0,0,0,0,102,0,0,1,0,0,17.70862056495302,0,1,20,419,0,0
0,1,0,0,1,16,0,1,0,0,1,17.05665717264357,1,0,46,423,0,1
1,1,1,0,0,66,0,1,1,1,0,6.463165270711317,1,0,2,486,0,0
1,0,1,1,0,168,0,0,0,0,0,2.631154135140002,1,0,87,217,0,0
0,0,0,0,0,145,0,0,0,0,1,3.3405451716255934,1,1,63,88,0,0
0,0,0,0,0,119,0,1,0,0,0,29.79035860886928,1,0,3,208,0,0
1,0,0,1,1,162,0,1,1,0,0,23.723932947543627,1,0,46,270,0,1
0,0,0,0,0,124,0,1,1,1,0,27.737636802990007,1,0,49,420,1,0
0,1,0,0,1,144,0,1,0,1,0,6.656586944854537,0,1,1,236,0,0
1,1,1,0,0,102,1,0,0,0,1,28.85648755337962,1,0,22,387,0,1
1,0,0,1,0,66,0,0,0,1,0,5.136976192721701,1,0,14,405,0,0
1,1,1,0,0,13,0,0,0,0,1,15.763373028427662,1,0,85,208,1,1
1,1,1,0,1,111,0,0,1,0,0,25.061174848094854,1,0,45,277,0,0
1,1,1,0,0,159,0,1,0,0,0,11.144297280835803,1,0,6,464,1,0
0,1,0,0,1,34,0,0,1,0,1,13.320027462130115,1,1,65,205,0,0
0,0,0,0,0,39,0,0,1,0,0,4.717368198673838,0,0,21,77,1,0
0,1,0,0,1,136,0,1,1,1,0,4.56473451997021,1,0,4,400,1,0
0,0,0,0,0,120,0,0,0,0,0,18.967478518581128,0,0,3,327,0,0
1,1,1,0,0,126,0,0,1,1,0,20.590438689981646,1,0,30,97,1,0
0,1,0,0,1,55,0,1,1,0,1,23.542642908383606,1,0,31,345,0,1
1,0,0,1,0,27,0,1,0,0,1,17.143779527770853,1,0,34,364,0,1
1,0,0,1,1,118,0,0,1,0,0,19.727019475577872,0,1,83,349,0,0
0,1,0,0,1,53,0,0,0,0,0,1.3920008792918817,1,0,20,469,0,0
1,1,1,0,0,39,0,0,1,1,0,5.702951086978453,0,0,87,335,1,0
1,1,1,0,0,65,0,1,0,1,0,29.562528214490236,0,0,54,93,1,0
1,0,0,1,0,145,0,0,1,0,0,3.203811683159122,1,0,25,79,0,0
0,0,0,0,0,158,0,0,0,0,0,20.684858445547103,1,0,15,37,0,0
0,1,0,0,1,13,0,1,1,0,1,6.10639635791977,0,0,38,407,0,1
1,0,0,1,1,21,0,0,0,0,1,21.784838987261615,0,0,23,227,0,1
0,0,0,0,0,147,0,1,1,0,1,21.47372168589781,1,0,52,482,0,1
1,0,1,1,0,53,1,0,0,0,0,7.791772733854615,1,0,66,133,1,0
0,1,0,0,1,19,0,0,0,0,0,8.81939757735692,0,0,57,195,0,0
1,1,1,0,0,57,0,0,0,0,0,19.98835069446056,1,0,57,465,0,0
0,0,0,0,0,25,0,1,0,0,1,12.312495124626196,1,1,79,389,1,0
0,1,0,0,1,31,0,0,1,0,0,6.641891121297427,1,0,52,281,0,0
1,0,0,1,1,81,0,1,1,1,0,22.21870836483697,1,1,35,100,0,0
0,0,0,0,0,23,0,1,1,0,0,5.470278205753691,0,0,74,474,0,0
0,0,0,0,0,32,0,1,0,0,0,25.81366626020345,1,0,14,424,0,0
1,1,1,0,1,74,0,1,0,0,0,15.925416197502999,1,0,14,74,1,0
0,1,0,0,1,10,0,0,1,0,0,4.06531751249972,1,0,33,293,0,1
0,0,0,0,0,54,0,0,1,0,0,21.128097672398546,1,0,52,207,0,0
1,1,1,0,1,52,0,0,0,1,0,16.055728147661675,1,0,1,82,0,0
0,0,0,0,0,148,1,0,0,1,0,9.643669582049476,0,0,34,426,0,0
1,0,1,1,0,160,0,0,1,0,0,13.253642026491791,0,0,19,436,1,0
1,1,1,0,1,114,0,1,0,0,1,9.651794564037464,0,0,24,142,1,0
1,0,0,1,1,14,0,0,1,0,0,8.627749236540737,1,1,4,473,1,1
0,1,0,0,1,178,0,1,1,0,0,5.744644204467654,1,0,36,55,0,0
1,0,0,1,1,156,1,0,0,0,0,11.5202468609868,1,0,77,360,0,1
1,0,1,1,0,110,0,0,0,0,1,8.278628983166051,0,0,58,439,0,0
0,1,0,0,1,53,0,1,1,0,1,20.819600124563596,1,1,32,286,0,0
1,0,1,1,0,152,0,1,1,0,1,20.832425493735883,1,0,9,210,0,1
1,0,0,1,0,79,1,0,0,1,0,15.553367034113514,1,0,80,440,0,0
1,1,1,0,0,22,0,0,0,0,1,23.56039129663931,1,0,67,178,1,1
0,1,0,0,1,30,0,1,0,1,0,25.398851851175397,0,0,20,407,0,0
0,1,0,0,1,4,0,0,0,1,0,17.81322726559392,1,0,74,57,0,1
1,1,1,0,1,59,0,0,1,0,1,18.949119720139578,1,0,62,72,0,1
0,0,0,0,0,8,0,1,1,0,1,9.20369138380459,0,1,58,214,0,0
1,0,0,1,1,12,0,0,1,0,1,26.951206820460072,1,1,22,387,0,1
1,0,1,1,0,119,0,1,0,1,0,1.701975288253365,0,0,67,265,0,0
0,1,0,0,1,159,0,0,1,0,0,11.109471613842524,1,1,75,446,0,0
0,0,0,0,0,34,0,0,0,0,1,21.932212224945825,1,0,89,72,0,1
0,1,0,0,1,82,0,0,1,0,1,3.322595780463676,0,1,48,466,1,0
0,1,0,0,1,98,0,1,0,0,1,6.311916295420486,1,0,8,270,0,1
0,1,0,0,1,127,0,1,0,1,0,18.089286108022684,1,0,73,498,0,0
1,0,0,1,0,75,0,1,0,1,0,17.23981647244318,0,1,15,353,0,0
0,0,0,0,0,105,0,0,0,0,0,22.428920587797695,1,1,32,233,0,0
0,1,0,0,1,49,0,1,0,0,1,24.56576653355698,0,0,53,318,1,0
1,0,0,1,1,79,0,1,1,1,0,4.728807776838405,1,0,67,18,0,1
0,0,0,0,0,93,0,1,0,0,0,1.5330487034820195,0,0,4,112,0,0
1,0,0,1,1,154,0,0,1,0,1,20.999517070108276,0,1,30,62,1,0
1,0,1,1,0,18,0,0,1,1,0,9.740362077224418,0,0,13,371,0,0
0,1,0,0,1,96,0,0,1,0,1,19.153533503620654,0,0,21,183,0,0
0,0,0,0,0,38,0,0,0,0,1,5.365793053804516,1,0,41,276,0,1
0,0,0,0,0,87,0,0,1,1,0,14.602161353312924,0,0,19,161,0,0
1,1,1,0,1,88,0,0,0,1,0,15.62831763583967,1,0,48,242,1,0
0,0,0,0,0,50,0,0,0,1,0,17.96725667482327,0,0,86,144,0,0
1,0,0,1,0,8,0,1,0,0,1,15.881930473586367,0,0,63,145,0,1
1,0,1,1,0,169,0,1,1,0,1,15.375032336632703,1,0,20,80,0,1
1,0,0,1,0,134,0,1,0,0,0,10.649290465531811,1,0,64,321,0,0
0,0,0,0,0,69,0,1,0,0,1,3.0642268532245005,1,0,37,434,0,1
0,0,0,0,0,172,0,0,0,1,0,3.596085707108427,1,0,31,320,0,0
1,1,1,0,1,121,0,0,0,0,1,13.579569957807456,0,0,74,42,0,0
0,1,0,0,1,64,0,0,1,0,0,11.318000706808798,1,0,18,312,0,0
0,0,0,0,0,157,0,0,1,0,0,15.967909335560435,0,0,20,393,1,0
1,0,1,1,0,156,0,1,0,1,0,9.840306908431742,0,0,82,292,0,0
0,0,0,0,0,139,1,0,0,1,0,20.949392652204406,1,0,11,175,0,0
0,0,0,0,0,121,1,0,0,0,0,26.054689838275806,1,0,86,375,0,0
1,1,1,0,1,65,0,0,1,0,0,9.667032474819163,1,0,44,68,1,0
1,1,1,0,1,107,1,0,0,0,0,6.596536230231829,0,1,82,55,1,0
1,0,0,1,1,147,0,0,1,1,0,4.369236653368585,1,0,64,118,1,1
0,1,0,0,1,137,0,0,0,0,0,18.871367176553562,1,1,34,203,0,0
0,0,0,0,0,155,0,1,0,0,0,13.871823743076513,1,0,87,419,1,0
1,1,1,0,1,162,0,1,1,1,0,6.452455798692379,0,1,65,414,0,0
1,0,1,1,0,172,0,1,0,0,1,19.940965265463806,0,0,55,54,0,0
0,0,0,0,0,100,0,0,1,0,1,5.306012307153248,1,0,74,37,0,1
1,0,0,1,1,82,0,0,1,0,0,17.074720469590623,1,1,1,242,1,0
1,0,0,1,0,143,0,1,0,0,1,16.287303067132676,1,0,38,200,1,1
1,1,1,0,1,51,0,0,1,0,1,22.292606234396416,1,0,9,235,1,1
0,1,0,0,1,141,1,0,0,0,1,2.5981795582793357,0,0,71,473,1,0
0,1,0,0,1,83,1,0,0,0,1,26.74831502368858,1,1,17,14,0,0
1,0,0,1,0,177,0,0,1,0,0,21.386760058257764,1,0,52,143,0,0
0,1,0,0,1,112,0,0,1,0,1,7.267653952114104,0,0,18,76,0,0
1,1,1,0,0,56,1,0,0,0,1,6.31875510968245,0,0,63,472,1,0
1,1,1,0,0,179,0,0,1,1,0,13.51814621016972,1,0,33,477,0,0
1,1,1,0,0,165,0,0,1,0,0,24.70939455679331,1,0,4,308,1,0
0,1,0,0,1,145,0,1,0,1,0,25.445549801034108,1,0,87,439,0,0
1,1,1,0,0,157,0,1,1,1,0,16.093226672042107,0,1,75,262,0,0
0,1,0,0,1,161,1,0,0,0,0,25.963515017915388,1,0,52,184,0,0
0,1,0,0,1,60,0,1,0,0,1,1.1578675665590266,0,0,9,54,0,0
0,0,0,0,0,120,0,1,1,1,0,2.0200643144163015,1,0,64,307,1,0
1,1,1,0,0,138,0,0,1,0,0,27.44282621546554,1,0,30,3,0,0
1,0,1,1,0,175,0,0,1,0,1,23.484625966691564,0,0,8,298,0,0
0,1,0,0,1,23,0,1,0,0,0,14.070475689261185,0,0,5,39,0,0
0,1,0,0,1,149,0,0,1,1,0,22.854693812861626,1,0,76,229,0,0
0,1,0,0,1,13,0,0,0,0,1,28.713544389979226,1,0,63,376,0,1
0,1,0,0,1,101,0,1,0,0,1,23.390596192557265,0,0,1,285,0,0
1,1,1,0,1,161,0,1,1,0,0,25.428768680731338,1,0,15,137,1,0
0,0,0,0,0,24,0,1,0,0,1,23.05759086031179,1,0,89,477,0,1
0,1,0,0,1,108,1,0,0,1,0,5.878121680572706,0,0,82,102,0,0
1,0,1,1,0,11,0,1,0,1,0,25.173649179726365,1,0,38,6,0,1
1,0,1,1,0,17,0,0,1,1,0,6.658155780702091,1,0,42,163,0,1
1,1,1,0,0,175,0,0,1,0,0,26.885728513280263,1,1,46,418,0,0
1,1,1,0,1,25,0,0,0,0,1,14.300847044351201,1,0,53,471,0,1
0,1,0,0,1,94,0,0,0,0,1,20.632325817019826,0,0,26,422,0,0
0,0,0,0,0,21,0,0,0,0,1,15.41998458853866,1,0,61,419,0,1
1,1,1,0,1,84,0,1,1,1,0,3.725736953081459,1,1,67,364,0,0
1,1,1,0,1,140,0,0,0,0,1,9.430946920999288,1,0,54,275,1,1
0,0,0,0,0,37,0,1,1,1,0,29.528223765913175,1,1,22,48,1,0
1,0,0,1,0,42,0,0,0,0,1,28.860727798424705,0,0,26,95,0,0
0,0,0,0,0,145,0,1,1,1,0,10.294120032010872,1,1,83,58,0,0
0,1,0,0,1,101,0,1,0,0,1,29.892607323111548,1,0,60,230,0,1
1,0,0,1,0,48,0,1,0,0,0,25.52098466941009,0,0,39,176,0,0
1,0,0,1,0,103,0,0,1,0,0,18.717825483535385,1,0,36,89,1,0
1,0,1,1,0,28,0,1,1,1,0,2.163613987569275,1,1,21,281,1,0
0,0,0,0,0,41,1,0,0,1,0,27.141958056613007,1,0,41,35,0,0
0,0,0,0,0,99,0,0,1,0,1,17.165449098665274,0,0,48,170,0,0
0,1,0,0,1,47,0,1,0,0,1,26.185808384880318,0,0,26,125,0,0
0,0,0,0,0,146,0,1,1,0,0,25.198444477266527,1,0,63,482,0,0
0,0,0,0,0,105,0,0,0,0,1,25.157180240831497,1,0,77,298,1,1
1,1,1,0,0,124,1,0,0,1,0,21.247041960732247,1,0,36,354,0,0
1,1,1,0,1,13,0,1,0,1,0,9.45103902160541,1,0,24,203,0,1
1,1,1,0,1,141,0,0,1,1,0,10.748647474591076,0,1,21,288,0,0
1,0,0,1,1,100,0,1,1,1,0,9.945607164897904,1,0,18,355,0,1
0,0,0,0,0,31,1,0,0,1,0,1.5813339864443763,1,0,15,461,0,0
1,0,0,1,1,130,0,1,1,0,0,17.894498367229524,1,0,79,96,0,1
0,0,0,0,0,16,0,0,0,0,0,21.266176442934952,0,1,6,237,0,0
0,0,0,0,0,137,0,0,1,1,0,25.762113812230904,0,0,43,172,1,0
0,0,0,0,0,73,0,1,1,0,1,5.064797568099181,1,0,31,300,1,1
1,0,0,1,1,166,0,1,0,1,0,16.78131132032725,0,1,28,87,0,0
0,0,0,0,0,54,0,0,1,0,0,1.232236079539703,0,0,8,398,1,0
0,1,0,0,1,100,0,1,0,1,0,3.7577157836111548,0,0,29,350,0,0
0,1,0,0,1,109,0,1,1,0,0,2.572140581973799,1,0,21,16,1,0
1,1,1,0,0,87,0,0,1,0,0,22.03886298644912,1,1,81,139,1,0
1,1,1,0,1,173,0,1,0,1,0,3.3507273524504915,1,0,88,253,0,0
1,1,1,0,0,162,0,0,0,1,0,21.77713646520491,0,0,58,277,1,0
0,0,0,0,0,137,0,0,0,0,1,8.239116427906918,1,0,60,150,0,1
0,0,0,0,0,8,0,1,1,0,0,26.453675860211245,0,0,50,345,0,0
1,0,1,1,0,7,0,0,1,0,1,24.58134966255061,1,1,31,333,0,1
0,1,0,0,1,36,1,0,0,1,0,28.77707630678302,1,0,47,139,1,0
0,1,0,0,1,18,0,0,1,0,0,26.629098448282924,1,0,34,113,1,1
0,1,0,0,1,3,0,0,0,0,1,28.06655315437407,0,1,2,67,0,0
1,0,0,1,1,28,0,1,0,0,1,25.903529498885923,0,0,67,365,0,1
0,0,0,0,0,70,1,0,0,0,1,21.108075117830808,1,0,72,178,0,1
0,1,0,0,1,172,0,1,1,1,0,5.9375154116376425,1,1,52,124,1,0
1,0,0,1,0,149,1,0,0,1,0,8.879518046768695,0,0,7,396,0,0
0,1,0,0,1,28,0,1,1,1,0,7.169082017777919,1,0,76,312,1,0
1,1,1,0,0,54,1,0,0,0,0,18.503987842087962,1,0,19,310,0,0
1,0,0,1,1,65,0,1,1,1,0,15.60497820123444,1,0,15,337,0,1
0,0,0,0,0,100,0,1,1,0,0,26.145319917594286,1,1,78,362,0,0
0,0,0,0,0,21,1,0,0,0,1,28.627513128473193,0,0,48,411,1,1
1,0,1,1,0,13,1,0,0,0,1,12.740936798926185,0,0,14,357,0,1
0,1,0,0,1,57,0,1,1,1,0,15.684166045143558,0,0,3,232,1,0
1,1,1,0,0,49,0,0,0,0,1,29.173974347320037,1,0,50,427,0,1
1,1,1,0,0,118,1,0,0,1,0,9.010929307071162,0,1,54,146,0,0
0,0,0,0,0,54,0,0,1,0,0,23.979332485405596,1,0,6,429,1,0
0,1,0,0,1,138,0,1,0,0,1,7.531957167722142,0,1,49,110,1,0
1,0,0,1,1,53,0,1,1,1,0,20.762343347332887,1,0,23,362,1,1
0,1,0,0,1,44,0,1,1,0,1,8.35485320151836,1,0,78,357,0,1
0,1,0,0,1,47,0,1,0,0,1,26.62826827611022,0,0,78,237,0,0
1,1,1,0,0,53,0,0,0,1,0,17.28286036836363,0,1,20,2,0,0
0,1,0,0,1,74,0,1,0,0,1,6.392075585357153,1,0,77,210,0,1
0,1,0,0,1,46,1,0,0,0,1,7.506706095256095,0,0,60,403,1,0
0,0,0,0,0,13,0,1,0,0,1,15.321626675534908,0,0,45,24,0,1
0,1,0,0,1,165,0,1,1,0,1,28.886458741671486,0,0,61,330,0,0
0,1,0,0,1,102,0,1,0,0,0,23.31962275262598,1,0,56,183,0,0
1,1,1,0,0,24,0,0,1,0,1,15.160979641949508,1,1,2,464,0,0
1,0,0,1,1,2,1,0,0,0,1,10.793855192304296,1,0,45,60,0,1
1,0,0,1,0,81,0,1,0,1,0,16.928786307104836,0,0,40,122,0,0
0,0,0,0,0,100,0,1,1,0,0,22.70246416942997,1,0,24,496,0,0
1,1,1,0,1,142,1,0,0,1,0,23.7339290651312,1,0,29,54,0,0
0,1,0,0,1,138,0,1,1,1,0,10.413655144811395,1,0,67,162,1,0
0,0,0,0,0,163,0,0,0,1,0,21.91361877820244,0,0,68,461,0,0
0,0,0,0,0,153,0,0,1,0,0,20.075874621049397,1,0,66,186,0,0
1,0,0,1,1,131,0,0,0,1,0,28.814256467892523,1,0,84,38,1,1
0,1,0,0,1,111,0,0,1,1,0,28.00161842473243,1,0,54,184,1,0
0,1,0,0,1,102,0,1,0,1,0,23.892000442503733,0,0,53,82,1,0
1,1,1,0,0,17,1,0,0,0,1,21.978445976792923,0,0,79,194,1,1
0,1,0,0,1,12,0,1,0,1,0,8.947206101424,0,0,49,33,0,0
1,1,1,0,0,116,0,0,1,0,0,25.53299242685747,0,0,32,112,0,0
1,0,1,1,0,24,0,0,1,0,0,13.397665407687619,1,0,61,424,0,0
1,1,1,0,0,29,0,0,1,0,1,8.894975732675295,1,0,42,405,0,1
1,0,1,1,0,171,0,1,1,0,0,12.140661980650412,1,0,1,229,1,0
0,1,0,0,1,153,1,0,0,0,0,25.24212921047873,0,0,63,282,0,0
0,1,0,0,1,122,0,1,0,0,1,5.310363251758665,0,0,35,404,1,0
0,1,0,0,1,90,0,1,0,1,0,14.228603492474852,0,0,51,424,1,0
1,0,1,1,0,65,0,0,0,0,1,15.278370241355201,0,1,71,286,0,0
0,1,0,0,1,84,0,0,1,1,0,2.0622612303657624,1,0,45,154,1,0
1,0,0,1,0,119,0,0,1,1,0,6.676634856896794,0,0,77,164,0,0
1,1,1,0,1,156,0,0,1,0,0,24.975530428699837,0,1,65,449,0,0
1,0,0,1,1,16,0,1,0,0,1,25.09225426924806,1,0,14,181,1,1
1,1,1,0,1,175,0,0,0,0,0,9.480037432643192,1,0,3,238,0,0
0,1,0,0,1,104,0,1,1,0,0,26.37201980333986,1,0,24,136,1,0
0,0,0,0,0,92,1,0,0,1,0,23.381705232982085,1,0,65,338,0,0
0,1,0,0,1,27,0,1,1,0,0,13.119317030066874,0,0,48,425,0,0
1,0,0,1,1,170,0,1,0,0,1,22.703783987746096,1,0,10,419,1,1
0,1,0,0,1,175,0,0,1,0,0,28.878704304649382,1,0,13,265,0,0
1,0,1,1,0,162,1,0,0,0,0,14.310121823895116,1,0,73,186,0,0
1,1,1,0,1,165,0,1,0,1,0,7.914388189651025,1,0,14,39,0,0
1,1,1,0,1,134,0,1,0,0,1,28.31267850145452,0,0,10,309,1,0
0,0,0,0,0,135,0,1,0,0,0,18.508584368334436,1,0,40,492,0,0
0,0,0,0,0,153,1,0,0,1,0,4.052689711932333,0,0,23,166,1,0
1,1,1,0,1,33,1,0,0,0,0,17.607801659843993,1,0,55,390,0,0
0,0,0,0,0,55,0,0,0,0,1,15.516845794000663,1,0,63,259,0,1
1,0,0,1,1,7,0,0,0,0,0,25.81207792819134,1,0,71,142,1,1
1,0,1,1,0,57,0,1,1,0,0,16.39016050314212,1,0,42,203,0,0
1,0,0,1,0,126,1,0,0,1,0,8.401740595984219,1,1,66,175,0,0
1,1,1,0,0,12,1,0,0,0,0,20.59367785208177,0,1,79,261,1,0
0,1,0,0,1,16,1,0,0,1,0,16.734688123531825,1,0,73,251,1,1
1,0,0,1,1,43,0,0,0,0,1,7.758294219739301,1,0,47,328,0,1
0,1,0,0,1,117,0,1,0,0,0,17.63520788034433,0,0,81,418,0,0
1,0,1,1,0,135,0,0,1,0,1,24.824531758800898,1,0,52,199,1,1
0,1,0,0,1,111,0,0,0,0,1,1.8285566139963025,1,1,18,198,1,0
0,0,0,0,0,51,1,0,0,0,0,19.29468012070824,1,0,79,195,1,0
0,1,0,0,1,160,0,0,0,1,0,11.13797067774737,1,1,18,313,0,0
1,1,1,0,1,75,0,1,1,0,1,9.4874719270233,1,0,24,76,1,1
0,1,0,0,1,8,1,0,0,0,1,12.385044760472226,0,0,23,18,0,1
0,1,0,0,1,45,0,1,1,0,0,10.918657263191468,0,0,12,61,0,0
1,0,1,1,0,59,1,0,0,0,0,25.134934094544807,1,0,23,326,0,0
0,1,0,0,1,132,0,0,0,0,0,8.969136512269117,1,0,21,393,0,0
0,1,0,0,1,104,0,1,0,0,0,22.261437670090977,1,0,64,280,0,0
1,1,1,0,1,157,0,0,1,0,0,3.727734786629073,0,0,72,427,0,0
1,0,1,1,0,157,0,1,1,0,0,28.590494802048052,0,0,34,249,0,0
1,0,0,1,1,98,0,0,0,1,0,19.047182480208,0,0,2,226,0,0
1,0,0,1,1,156,0,1,0,0,1,21.494838734292244,1,0,69,126,0,1
1,1,1,0,0,79,0,0,0,1,0,9.64314063073908,1,1,31,57,0,0
1,0,1,1,0,124,0,1,1,1,0,12.950800492535324,1,0,68,408,0,0
1,1,1,0,0,172,0,0,1,0,0,7.4895732018583105,0,0,70,476,0,0
1,1,1,0,1,4,0,0,0,0,1,28.043546488264493,0,1,87,375,0,0
0,0,0,0,0,90,1,0,0,1,0,15.155028965939954,1,0,19,203,0,0
1,1,1,0,1,104,0,1,0,0,0,19.28299535408171,0,0,72,242,1,0
1,1,1,0,1,137,0,0,0,0,0,22.293888885390746,1,1,13,366,1,0
0,0,0,0,0,119,0,1,0,0,1,11.76207664188663,1,0,65,423,1,1
1,1,1,0,1,133,1,0,0,1,0,21.882947981635095,1,0,6,331,0,0
0,0,0,0,0,56,0,0,1,1,0,20.603782202933864,1,0,71,499,0,0
0,1,0,0,1,96,0,0,1,1,0,21.46412068234445,1,0,27,325,0,0
1,0,0,1,0,178,1,0,0,0,0,15.187667105933773,0,0,79,251,1,0
1,0,0,1,0,75,0,1,0,0,1,12.105184086456896,1,1,52,393,0,0
0,0,0,0,0,143,0,0,0,0,1,7.440383458060706,1,0,87,321,0,1
1,1,1,0,0,32,1,0,0,1,0,24.914164231225893,0,0,48,375,0,0
1,1,1,0,0,28,0,1,1,0,0,18.642151349418683,1,0,88,492,0,0
0,0,0,0,0,22,0,1,0,1,0,13.886213686827354,0,0,79,408,1,0
0,0,0,0,0,17,0,0,1,0,1,28.37588129460773,0,1,68,198,1,0
0,1,0,0,1,59,1,0,0,0,0,2.3873255627041257,0,0,44,487,1,0
1,0,1,1,0,90,0,0,1,1,0,25.65498641094638,1,1,17,342,0,0
0,1,0,0,1,106,0,1,0,1,0,29.9298951954332,1,0,38,239,1,0
0,1,0,0,1,26,0,0,1,0,0,26.721321215603155,1,0,10,138,0,0
0,1,0,0,1,25,1,0,0,0,1,24.502660982853133,0,1,54,121,1,0
1,1,1,0,1,138,0,1,0,0,0,11.854873808783415,1,1,6,419,0,0
1,1,1,0,1,45,0,1,1,1,0,7.7081112856065115,1,1,6,48,0,0
1,1,1,0,0,83,1,0,0,1,0,22.31066509448843,1,0,52,303,0,0
0,0,0,0,0,11,0,0,0,1,0,9.832685622368484,0,0,15,114,0,0
0,0,0,0,0,104,1,0,0,1,0,6.1051507824941496,0,0,68,342,1,0
0,0,0,0,0,68,0,1,0,0,1,23.809250726004148,0,1,57,250,1,0
0,0,0,0,0,95,1,0,0,0,1,10.063765914864945,1,0,56,490,0,1
0,1,0,0,1,156,0,1,1,1,0,27.51881015513281,1,0,7,6,0,0
0,1,0,0,1,65,0,1,1,0,1,25.378346699754633,1,0,51,218,0,1
0,1,0,0,1,49,0,0,0,0,1,25.5815695557684,1,0,58,76,1,1
1,1,1,0,1,175,0,0,1,0,1,23.37552205561896,1,1,64,178,0,0
1,1,1,0,1,52,0,1,0,1,0,26.545561289467365,1,0,26,144,0,0
0,0,0,0,0,102,0,1,0,0,0,24.366659873165485,1,0,58,415,0,0
0,0,0,0,0,57,0,0,1,0,0,18.47282954366713,0,0,31,153,0,0
0,0,0,0,0,47,0,1,1,0,0,9.578858838874032,0,0,66,120,1,0
1,0,1,1,0,159,0,1,1,1,0,26.758066603210324,1,0,13,123,0,0
1,1,1,0,0,174,1,0,0,0,1,25.377505060422564,1,0,18,149,0,1
1,1,1,0,1,26,0,0,0,0,1,14.713500344105807,0,0,75,396,1,0
0,1,0,0,1,114,0,0,0,1,0,2.1332818940567004,1,0,13,380,0,0
0,0,0,0,0,5,0,0,0,1,0,19.51776809465549,1,0,24,267,0,1
0,1,0,0,1,84,1,0,0,0,0,2.46730875662087,1,0,57,326,0,0
1,0,0,1,1,52,0,0,0,0,0,27.86211889360381,1,0,29,0,0,1
1,0,0,1,0,105,0,0,1,1,0,28.887306442133905,1,0,56,160,0,0
1,1,1,0,0,54,1,0,0,0,0,6.495214231088522,1,0,54,243,1,0
0,0,0,0,0,161,0,0,1,0,1,20.615291963592387,0,0,5,374,1,0
1,1,1,0,1,178,1,0,0,1,0,3.67580113232012,1,1,35,397,1,0
1,0,0,1,1,166,0,0,0,1,0,22.15599092862054,1,0,19,250,1,1
0,0,0,0,0,155,0,0,1,0,1,11.071342318427563,1,0,55,366,0,1
1,0,0,1,0,15,0,0,1,0,1,20.750453240182914,1,1,77,63,0,1
0,1,0,0,1,61,0,0,1,0,1,11.813418766863158,0,0,69,298,0,0
0,0,0,0,0,122,1,0,0,0,0,5.221457785163836,1,1,44,247,1,0
0,1,0,0,1,21,0,1,0,1,0,12.777189434574177,0,0,78,441,0,0
1,1,1,0,1,46,0,0,0,0,0,4.267532272408911,1,1,38,296,0,0
1,1,1,0,0,134,0,0,1,0,1,17.72961497433143,1,1,62,464,0,0
1,1,1,0,0,38,0,1,0,0,0,2.1875944323349135,1,0,22,451,0,0
0,1,0,0,1,62,0,0,0,0,1,16.292270708395932,1,0,73,499,0,1
0,1,0,0,1,86,0,0,0,0,0,26.704690765770685,1,0,40,114,1,0
1,0,0,1,0,78,0,0,1,0,0,25.29832483346152,0,0,26,294,0,0
0,0,0,0,0,46,0,0,1,0,1,26.60066928916841,1,0,5,0,1,1
0,1,0,0,1,141,1,0,0,0,0,27.739415261686112,0,0,54,40,0,0
1,1,1,0,0,3,0,1,0,1,0,4.031308748395133,1,0,86,172,1,1
0,0,0,0,0,6,0,1,0,0,0,4.733668883395679,0,0,49,87,1,0
1,0,0,1,1,93,0,0,1,0,0,17.15319738308073,1,1,3,481,1,0
1,1,1,0,0,8,0,0,0,1,0,26.925207384308447,1,0,38,97,0,1
0,0,0,0,0,172,0,0,1,0,1,29.25613423919689,1,0,14,87,0,1
1,0,0,1,0,108,0,0,0,1,0,2.3415956028599987,1,0,47,250,0,0
0,1,0,0,1,161,0,0,0,0,0,11.317448441819144,1,0,14,334,0,0
1,0,1,1,0,75,0,0,1,0,1,7.17393338513981,1,0,75,464,0,1
1,0,0,1,0,77,0,1,1,0,0,22.923009619006194,1,1,73,140,1,0
1,1,1,0,0,50,0,1,0,0,0,19.565622187573926,1,0,38,70,0,0
0,1,0,0,1,11,0,0,0,1,0,4.4767529130315165,1,0,64,136,0,1
0,1,0,0,1,95,0,0,0,1,0,15.022139953584173,1,1,44,491,0,0
1,0,1,1,0,156,0,1,1,0,1,20.87777514876745,1,1,70,446,1,0
0,1,0,0,1,70,1,0,0,0,1,23.59115642379709,1,0,65,98,1,1
0,1,0,0,1,169,0,1,1,0,1,1.5815285837362474,1,0,25,150,0,1
0,1,0,0,1,16,0,1,1,0,0,26.823617645532806,1,0,16,437,0,1
1,1,1,0,0,68,0,0,0,1,0,17.509160105565208,0,0,15,174,1,0
0,0,0,0,0,99,0,1,0,1,0,24.545364333837234,1,1,81,166,0,0
0,1,0,0,1,48,0,1,1,1,0,24.43020287041422,1,0,3,342,0,0
1,0,1,1,0,64,1,0,0,0,1,6.505727147858105,1,0,67,409,1,1
1,0,1,1,0,90,0,0,1,1,0,4.1949914873553595,1,1,37,256,1,0
0,1,0,0,1,76,0,1,1,1,0,21.917330800240972,0,0,81,397,0,0
0,1,0,0,1,139,0,1,1,1,0,5.536380645826953,0,1,55,223,0,0
1,1,1,0,0,101,1,0,0,0,1,25.64818725073699,1,0,38,498,0,1
1,1,1,0,1,89,0,1,0,1,0,22.05949503200105,1,0,63,367,0,0
1,1,1,0,0,18,0,1,1,0,1,25.412935566592616,1,0,1,329,0,1
1,1,1,0,0,19,0,1,1,1,0,9.671367708671037,1,0,71,64,0,1
0,0,0,0,0,55,0,1,0,1,0,10.181343751906502,1,0,19,68,0,0
1,1,1,0,1,102,1,0,0,1,0,20.465425134043212,1,0,52,66,0,0
1,0,0,1,0,118,0,1,1,0,1,1.9119326967094787,1,0,30,432,0,1
1,0,1,1,0,154,0,1,0,0,1,22.06840564378526,1,1,55,49,0,0
0,1,0,0,1,134,0,1,1,1,0,25.237709054783437,1,0,14,313,0,0
1,0,0,1,0,4,0,0,1,0,0,13.039744011519016,0,0,13,308,0,0
1,0,0,1,0,108,0,0,0,0,1,23.18148607256559,1,0,84,90,0,1
1,1,1,0,1,115,0,0,1,0,1,6.063716592485596,1,1,27,114,0,0
0,1,0,0,1,29,0,1,1,1,0,10.345551420765055,1,0,89,373,1,0
0,1,0,0,1,59,1,0,0,0,0,29.254843930203844,1,0,9,56,0,0
1,1,1,0,0,125,0,0,0,1,0,29.603517033243662,1,0,41,341,1,0
1,1,1,0,1,98,0,0,1,0,1,15.865546537626052,0,0,48,17,0,0
1,1,1,0,1,17,0,1,0,0,1,28.09382395245243,1,0,12,271,0,1
1,1,1,0,0,107,1,0,0,1,0,16.15918966364878,0,0,10,129,0,0
1,0,0,1,1,43,0,0,1,1,0,9.456055716673562,1,0,6,494,0,1
1,1,1,0,0,80,0,1,0,0,0,8.740079354864383,1,1,34,268,1,0
1,0,1,1,0,162,0,1,1,0,0,27.955665455676314,1,1,52,428,1,0
1,1,1,0,1,8,0,1,0,0,1,6.000945280241914,0,0,41,79,1,1
1,0,0,1,0,141,0,0,1,0,0,17.809341287852728,0,0,83,455,0,0
1,1,1,0,1,106,0,0,1,0,0,17.110226973818868,0,0,6,298,0,0
0,0,0,0,0,8,0,1,1,0,1,22.449028854936852,0,0,2,455,0,1
1,0,1,1,0,96,0,1,0,0,1,15.478044318218467,1,1,15,309,0,0
0,0,0,0,0,94,0,1,0,0,1,8.896284160535892,1,0,17,201,0,1
1,1,1,0,0,65,0,1,1,0,1,5.9124984893157775,1,0,16,224,1,1
0,0,0,0,0,171,0,1,0,1,0,19.00374530167086,0,1,28,158,1,0
1,0,0,1,1,39,0,1,1,0,1,21.85073194874376,1,0,85,203,0,1
0,1,0,0,1,81,1,0,0,0,1,17.516117081778948,1,0,72,136,0,1
1,1,1,0,0,84,0,0,1,0,1,22.41218703651465,0,0,10,484,0,0
1,0,0,1,1,88,1,0,0,0,0,5.104114871048844,1,0,10,72,0,1
0,0,0,0,0,86,0,0,0,0,1,26.59163565335093,0,0,10,47,0,0
1,0,0,1,1,93,0,0,0,1,0,17.88946974384659,0,0,73,17,1,0
0,0,0,0,0,86,0,0,0,1,0,4.678473879885318,1,0,28,477,0,0
0,0,0,0,0,44,0,1,1,0,1,14.395830921966315,1,0,24,479,0,1
0,0,0,0,0,137,0,1,0,1,0,25.498960398111432,1,0,19,487,0,0
0,0,0,0,0,165,1,0,0,0,0,27.029303610141643,1,0,68,470,0,0
1,1,1,0,0,74,1,0,0,0,1,8.674835644964084,1,0,56,266,1,1
1,1,1,0,1,36,1,0,0,1,0,21.62670891660314,1,0,67,445,0,0
0,1,0,0,1,101,1,0,0,1,0,3.899572177029524,1,0,42,339,1,0
1,1,1,0,0,156,0,0,0,0,1,1.9728302709525765,1,0,12,18,0,1
1,1,1,0,1,170,1,0,0,1,0,17.25156966077834,0,0,18,99,1,0
1,1,1,0,0,171,0,1,0,0,1,21.14999980051565,0,0,23,115,0,0
1,0,0,1,1,170,0,0,0,1,0,24.077815204118558,1,0,84,345,0,1
0,1,0,0,1,104,1,0,0,0,0,10.866270915204705,1,0,6,73,1,0
0,1,0,0,1,66,0,1,1,1,0,1.1892369024377227,0,0,53,279,1,0
0,0,0,0,0,55,0,0,1,1,0,14.90605787622926,1,0,42,268,1,0
0,1,0,0,1,176,0,0,1,0,1,1.4597528158334425,0,0,66,124,0,0
1,0,0,1,1,91,0,0,1,1,0,3.667550809453198,1,0,30,115,1,1
0,1,0,0,1,22,0,0,0,0,1,10.473981653420703,0,1,9,173,1,0
1,1,1,0,1,101,1,0,0,0,0,13.677989437245138,1,0,42,180,0,0
0,1,0,0,1,155,0,0,0,0,1,9.104613795659809,1,1,34,225,1,0
1,0,0,1,0,121,0,1,0,0,1,17.874092728636526,0,0,40,156,0,0
1,0,0,1,0,93,0,1,1,1,0,2.6051438873247603,1,0,88,163,0,0
1,0,0,1,1,108,0,1,1,0,0,5.192811596947957,1,0,17,70,0,1
1,0,0,1,1,141,0,0,1,0,1,21.162493621907572,0,0,29,498,1,1
0,1,0,0,1,173,0,0,1,1,0,5.122084754339614,0,0,50,221,0,0
0,1,0,0,1,10,0,0,1,1,0,19.55348084554225,1,0,76,125,0,1
0,1,0,0,1,9,1,0,0,0,1,2.585854001847601,1,1,49,144,0,1
0,1,0,0,1,155,0,1,0,1,0,12.814086094455071,1,1,73,175,0,0
0,0,0,0,0,34,0,1,0,0,1,6.144874633514288,0,0,61,460,0,0
0,0,0,0,0,129,0,1,0,0,1,4.179452193520406,1,1,83,151,0,0
1,1,1,0,1,160,0,1,0,0,1,17.4439507215356,0,1,46,181,1,0
0,0,0,0,0,89,0,0,1,0,0,27.92173738816303,1,1,46,374,1,0
1,0,1,1,0,93,0,1,1,0,1,2.588824389782916,1,0,17,478,1,1
1,1,1,0,1,71,0,0,1,1,0,13.225073198322992,1,0,66,346,1,0
1,0,0,1,0,67,0,1,0,0,0,21.518527694617866,1,0,5,497,0,0
1,0,1,1,0,148,0,0,1,1,0,14.417947118946984,1,0,54,84,0,0
1,0,0,1,1,117,0,1,0,0,0,24.388382437052112,1,1,16,363,0,0
0,0,0,0,0,94,0,0,0,0,0,6.209714160059819,1,0,81,382,0,0
0,0,0,0,0,163,0,1,1,0,0,28.828231945804475,1,0,7,120,1,0
1,1,1,0,0,99,0,0,0,0,0,12.169716205403676,1,1,8,128,0,0
1,0,0,1,0,113,1,0,0,1,0,10.905519355383978,1,0,72,462,1,0
1,0,0,1,1,103,0,0,1,0,1,26.36356804059181,1,1,87,450,0,1
1,0,0,1,0,91,1,0,0,1,0,17.35214392486123,1,0,82,5,1,0
1,1,1,0,1,90,0,0,1,0,1,15.976885915181825,1,0,38,333,0,1
1,1,1,0,1,17,0,0,0,1,0,22.082359666324496,1,0,54,182,0,1
1,0,1,1,0,18,0,1,0,0,0,17.81519291015162,1,0,76,37,1,1
0,1,0,0,1,173,0,1,0,0,0,5.712953697956345,1,0,15,416,0,0
0,0,0,0,0,116,0,0,1,0,1,20.55173106308296,1,1,50,115,1,0
0,0,0,0,0,93,0,1,0,0,1,4.870597499181725,1,1,56,101,0,0
1,1,1,0,1,91,0,0,0,1,0,24.3698734546878,1,0,9,7,0,0
1,0,1,1,0,82,0,1,0,0,1,29.70236133365586,1,0,8,217,1,1
1,0,0,1,1,68,0,0,0,1,0,11.944241124268512,1,1,19,206,0,0
0,0,0,0,0,114,1,0,0,0,1,13.897921047858365,1,0,51,77,1,1
0,0,0,0,0,1,0,0,0,0,1,2.346576009001557,1,0,72,367,0,1
0,1,0,0,1,58,0,1,1,0,1,1.3982624543947701,1,1,57,403,0,0
0,0,0,0,0,154,0,1,1,0,0,27.721160711413503,0,1,68,54,0,0
0,0,0,0,0,109,0,1,1,0,0,4.73009775273657,0,0,31,303,0,0
1,1,1,0,0,148,0,0,1,1,0,13.92758367922464,0,0,3,466,0,0
0,1,0,0,1,116,0,0,1,0,1,24.64528409181128,1,0,83,439,0,1
1,1,1,0,1,87,0,0,1,1,0,26.790244037921266,1,0,43,480,0,0
0,0,0,0,0,10,0,0,0,0,1,16.06253287322056,0,1,29,227,0,0
0,1,0,0,1,59,0,0,1,0,0,17.385943224302544,1,1,10,87,0,0
1,1,1,0,0,41,1,0,0,0,0,20.4208352014349,1,0,12,9,0,0
0,1,0,0,1,105,0,1,1,0,1,28.88009163416774,1,0,46,307,0,1
0,1,0,0,1,133,0,0,0,0,1,18.477428867390646,1,1,30,433,0,0
1,1,1,0,1,122,0,1,1,0,0,17.22478252423404,1,0,82,289,0,0
0,1,0,0,1,145,0,0,1,0,0,1.4214899227137296,0,0,88,163,0,0
0,0,0,0,0,22,0,0,0,1,0,3.3475413586483262,1,1,32,238,0,0
0,1,0,0,1,98,0,1,0,0,0,17.737977172095892,0,0,73,316,1,0
1,1,1,0,0,169,1,0,0,0,1,28.150971246408893,1,0,47,483,1,1
1,0,0,1,0,68,0,0,1,1,0,26.134049103582456,1,0,88,143,0,0
0,1,0,0,1,139,0,0,1,0,1,29.494788766773933,0,0,63,334,0,0
1,0,1,1,0,56,1,0,0,1,0,16.307187089276944,0,0,26,17,1,0
1,0,0,1,0,179,1,0,0,0,1,23.84999721469524,1,0,3,70,0,1
1,1,1,0,0,149,0,1,0,0,0,25.371609613190873,1,1,23,174,1,0
1,1,1,0,0,99,0,0,1,0,1,19.792918062594993,1,0,75,341,1,1
0,0,0,0,0,76,0,0,1,1,0,10.82374722222071,0,0,74,287,0,0
0,0,0,0,0,26,0,1,1,0,1,14.629374605076038,0,0,50,298,0,0
1,1,1,0,0,115,0,0,0,1,0,25.879595095063465,1,0,36,338,1,0
1,1,1,0,1,147,0,0,0,0,1,9.657889853482754,0,0,13,423,1,0
1,1,1,0,1,109,0,1,1,0,0,27.788550806732808,1,0,29,247,0,0
1,0,1,1,0,47,0,0,0,0,0,7.664383901257287,0,0,38,192,0,0
0,1,0,0,1,71,1,0,0,0,1,22.73597603954664,1,0,77,418,0,1
0,0,0,0,0,154,0,0,0,0,1,19.286217796026413,0,1,84,324,0,0
0,1,0,0,1,40,0,0,0,0,1,22.738383792502106,0,0,5,305,1,0
1,0,0,1,0,133,0,1,1,1,0,13.68307960054525,1,0,20,267,1,0
0,1,0,0,1,149,0,1,0,0,1,28.046590814065553,1,0,78,203,0,1
1,0,1,1,0,132,0,0,0,0,1,19.341693869932843,0,0,14,340,1,0
0,1,0,0,1,23,0,0,0,1,0,9.360578332073432,0,0,8,122,0,0
1,0,0,1,1,106,0,1,0,0,0,19.515197048912167,0,0,48,57,0,0
0,0,0,0,0,84,0,1,1,0,1,9.317656669003904,1,0,13,338,0,1
0,0,0,0,0,143,0,1,0,0,1,9.515339361036352,1,1,24,446,0,0
0,1,0,0,1,116,0,1,1,0,0,12.588356837005168,0,0,79,200,0,0
1,1,1,0,0,109,1,0,0,0,0,25.72048210950445,1,0,65,490,0,0
0,1,0,0,1,136,0,1,1,1,0,15.508638357425767,1,0,86,432,1,0
1,0,0,1,1,41,1,0,0,0,1,20.688124424676015,1,0,34,111,1,1
1,1,1,0,1,112,1,0,0,0,1,12.367064467959427,1,1,51,127,0,1
0,1,0,0,1,147,0,1,1,1,0,8.644557754399562,1,0,3,35,0,1
1,1,1,0,1,112,0,0,1,0,0,28.68456466077071,0,0,78,233,0,1
0,1,0,0,1,103,0,1,1,1,0,18.503856166568816,0,0,58,309,1,0
1,1,1,0,0,46,0,0,0,0,0,28.08458881889883,1,0,72,46,0,0
1,0,0,1,1,156,0,0,0,1,0,6.898977063751136,1,0,55,114,0,1
1,0,0,1,1,68,0,0,1,0,0,5.25993075347505,1,1,80,415,0,0
0,1,0,0,1,122,1,0,0,1,0,25.818864306593206,1,0,42,254,0,1
1,0,0,1,1,15,0,0,1,0,0,20.746599165900292,1,0,21,482,0,1
1,0,0,1,1,165,0,0,0,0,0,6.410776478355599,1,0,10,222,1,0
0,0,0,0,0,129,0,0,1,0,0,8.811431319242594,0,0,57,123,1,0
1,0,0,1,0,111,0,1,1,0,0,24.219254304234024,1,1,25,436,0,1
0,1,0,0,1,24,0,0,1,0,0,14.162189979882147,0,0,56,159,0,0
1,1,1,0,0,27,1,0,0,0,1,20.445674688676636,0,0,38,445,0,1
1,1,1,0,1,40,0,1,1,0,0,10.232208641944316,1,0,86,420,1,1
0,1,0,0,1,164,0,1,0,0,1,12.055668630471425,0,0,61,95,0,0
1,1,1,0,0,24,0,0,0,0,0,29.730664200070045,0,0,47,106,0,1
1,1,1,0,1,24,0,0,0,0,1,8.180895528066838,0,0,54,119,0,0
1,1,1,0,0,4,0,0,1,0,1,15.687234934058907,1,0,46,100,0,1
1,0,0,1,0,67,0,1,1,1,0,25.487667952525435,1,1,68,102,0,1
0,0,0,0,0,34,0,1,0,0,0,7.937473196309881,0,0,4,165,0,1
1,0,0,1,0,177,0,1,1,1,0,13.04119894384559,1,1,66,413,0,1
1,0,1,1,0,116,0,0,0,1,0,18.83764733372966,0,0,43,185,0,1
1,1,1,0,0,23,0,1,1,0,0,14.954456392777972,1,0,62,31,0,0
1,0,0,1,1,109,0,1,0,1,0,14.325565730539207,1,0,85,492,0,1
0,0,0,0,0,69,0,0,1,0,0,11.512782208341585,1,1,85,65,0,0
1,0,1,1,0,95,1,0,0,1,0,18.012743505472827,1,0,85,178,0,0
0,0,0,0,0,62,0,1,1,0,0,19.106808239784698,1,0,4,266,0,0
0,0,0,0,0,169,1,0,0,0,0,19.945396686139514,1,0,65,442,1,1
1,0,0,1,0,57,0,0,0,0,0,3.04067512927485,1,1,62,403,0,0
0,1,0,0,1,54,0,0,1,0,1,19.299991095649418,1,1,2,36,0,0
1,0,0,1,1,70,0,0,1,1,0,28.64387818465575,1,0,9,200,0,0
1,0,0,1,1,101,0,1,1,0,1,16.688600830314428,1,1,57,357,0,1
0,1,0,0,1,57,0,0,1,1,0,21.742745392768086,0,0,45,48,0,1
1,0,0,1,0,138,0,1,1,1,0,17.145236925017315,0,1,18,274,1,1
0,1,0,0,1,168,0,1,1,1,0,25.78747793916738,1,0,48,438,0,1
1,1,1,0,1,135,1,0,0,0,1,27.9579097433295,1,0,42,167,0,0
0,0,0,0,0,103,0,0,1,1,0,6.342377079594419,1,0,41,262,1,1
0,0,0,0,0,166,0,1,1,0,1,13.668941060156671,0,0,75,132,1,0
0,1,0,0,1,85,1,0,0,0,0,12.379080927048918,0,0,89,494,1,1
1,1,1,0,1,61,0,1,0,1,0,12.751238575679082,1,0,58,297,1,0
1,1,1,0,1,3,1,0,0,1,0,4.640201255608401,1,0,42,343,1,1
1,1,1,0,0,128,1,0,0,0,0,24.59485605344086,0,0,35,175,0,1
0,0,0,0,0,179,0,1,1,0,0,2.037221047433122,1,0,38,488,0,1
1,0,1,1,0,86,0,0,0,1,0,16.31857162408755,1,1,67,390,0,1
0,1,0,0,1,47,0,0,0,0,0,20.194473253296046,1,1,41,10,1,0
0,1,0,0,1,76,0,0,0,0,1,7.0166137037074385,1,1,50,200,1,1
1,1,1,0,1,38,1,0,0,0,1,27.269655570865073,1,0,86,432,0,1
0,1,0,0,1,164,0,1,1,1,0,25.317927003719,1,0,72,413,0,1
1,0,0,1,1,169,0,0,1,0,1,14.661428155033834,1,1,79,296,1,0
1,1,1,0,0,141,1,0,0,0,1,12.923319037864022,0,1,45,2,1,1
0,1,0,0,1,87,1,0,0,1,0,7.860469831121901,1,0,71,213,0,1
1,0,1,1,0,58,0,1,1,0,0,22.169803514703947,0,0,19,295,1,0
0,1,0,0,1,50,0,1,0,1,0,4.82057018932696,0,0,17,306,0,0
1,0,0,1,0,30,1,0,0,0,1,20.72689486146971,1,0,65,467,0,0
0,1,0,0,1,101,0,1,0,1,0,25.431252597433993,1,0,77,31,0,1
0,1,0,0,1,25,0,1,0,1,0,7.625675701593687,1,0,56,47,0,0
0,0,0,0,0,112,0,0,0,0,1,26.12639468406393,1,1,41,326,0,1
0,0,0,0,0,155,0,1,1,0,1,1.9663727837457452,1,0,42,251,1,0
0,1,0,0,1,179,0,1,0,1,0,27.470834176209237,1,0,6,198,1,1
0,0,0,0,0,126,0,1,1,0,1,4.432504607687642,1,0,69,403,1,0
1,1,1,0,1,123,0,0,0,0,1,19.727016160202947,1,1,75,88,0,0
1,1,1,0,1,47,0,1,1,0,1,8.252391598504312,0,0,73,108,0,0
0,0,0,0,0,118,1,0,0,0,1,25.2600193439188,1,0,40,290,0,1
0,0,0,0,0,39,0,1,0,0,1,15.856710466548527,1,0,41,107,0,0
1,0,0,1,1,16,0,1,1,0,1,4.9219945461485395,1,0,9,407,0,1
0,0,0,0,0,22,0,0,1,0,0,17.558755568453375,1,0,8,39,0,0
0,0,0,0,0,54,0,1,1,1,0,12.828595695712512,1,0,44,460,0,0
0,0,0,0,0,149,0,1,0,0,1,20.181986681779932,1,0,58,51,1,0
0,1,0,0,1,16,0,0,0,1,0,26.575195258140326,1,0,67,111,0,1
0,0,0,0,0,59,0,0,0,0,0,12.872284804319136,1,0,13,294,1,1
1,0,0,1,0,31,0,1,0,0,1,9.40653970648193,0,0,19,67,0,1
1,0,0,1,0,170,1,0,0,1,0,1.420937741300655,0,0,49,188,1,0
0,0,0,0,0,32,1,0,0,0,1,17.67033209793637,1,1,80,331,0,1
0,0,0,0,0,162,0,0,0,0,1,12.665968255511572,0,0,82,208,0,1
0,1,0,0,1,9,0,0,0,0,1,11.864827351430034,1,0,78,64,0,0
1,0,0,1,1,139,0,1,0,0,1,6.305124317242163,1,0,30,61,1,0
1,1,1,0,0,10,1,0,0,0,1,13.471605010546956,0,0,66,464,0,1
1,1,1,0,1,17,0,0,0,0,1,29.54881665391768,0,0,77,257,0,1
1,0,0,1,1,68,1,0,0,0,1,9.634870456495086,1,0,59,133,1,0
0,1,0,0,1,48,0,0,0,0,0,18.391427988834906,1,0,53,491,0,1
1,1,1,0,0,111,0,1,1,0,0,23.518119558154336,1,1,52,121,0,0
1,0,0,1,0,153,0,0,1,0,1,22.72557687211942,1,1,81,330,0,0
0,1,0,0,1,123,0,1,1,0,1,10.534454337285132,1,1,31,170,0,1
0,0,0,0,0,149,0,0,0,0,0,18.71494242198866,1,0,15,209,0,1
0,1,0,0,1,101,0,0,1,0,0,26.266675872834558,1,0,20,295,0,0
0,1,0,0,1,102,0,0,1,0,0,1.4479754042592603,1,0,5,88,0,1
1,1,1,0,1,65,0,0,0,0,1,13.636296348455922,0,0,7,166,0,0
1,1,1,0,1,51,0,0,0,1,0,7.503929129015253,1,0,18,27,1,1
1,1,1,0,0,36,1,0,0,1,0,12.270336421566329,1,0,56,237,0,0
1,0,1,1,0,81,0,0,0,1,0,13.063698631282008,0,0,75,335,0,1
1,0,1,1,0,127,0,1,0,1,0,22.653457978812472,0,0,45,62,0,1
0,0,0,0,0,88,0,0,0,0,1,3.7208342994678514,1,0,28,447,0,0
0,0,0,0,0,104,0,1,0,1,0,15.864933190842804,0,0,50,254,0,1
0,0,0,0,0,15,0,0,0,0,0,17.361648962163613,0,0,2,395,0,0
0,1,0,0,1,96,1,0,0,0,0,15.330570503002328,1,1,84,40,0,1
1,1,1,0,0,167,0,1,0,1,0,22.22432433881888,1,0,68,499,1,1
1,0,0,1,0,123,0,1,1,0,0,12.129946421298573,1,0,77,28,0,1
0,0,0,0,0,1,0,1,0,0,1,28.404044845562208,1,0,24,278,0,1
0,0,0,0,0,151,1,0,0,1,0,14.9722998336293,1,0,48,468,0,0
0,1,0,0,1,122,0,1,0,1,0,17.56520337882913,1,0,45,79,0,0
1,0,1,1,0,167,0,0,0,0,1,24.940393877055733,0,1,58,50,1,1
1,0,1,1,0,126,0,0,0,0,0,8.981847072002552,1,1,36,111,0,0
0,1,0,0,1,57,1,0,0,0,1,3.1808588341212714,1,0,2,360,0,0
0,1,0,0,1,81,0,0,1,0,1,21.525735372511992,1,0,18,300,0,1
0,1,0,0,1,162,0,0,0,0,0,15.00734381090298,1,0,49,89,0,0
0,1,0,0,1,169,0,1,1,0,1,26.99862327781085,1,0,8,228,0,0
1,1,1,0,0,73,1,0,0,0,0,29.49772141295059,1,1,58,149,0,1
1,1,1,0,0,141,0,1,0,0,0,12.574171166667146,1,0,15,242,0,1
0,1,0,0,1,70,0,1,0,0,1,13.047731471530165,1,1,17,137,0,1
0,1,0,0,1,6,0,1,1,0,0,12.830915463966067,1,0,23,134,0,1
1,0,1,1,0,84,0,0,0,0,1,10.412069182196857,1,0,66,456,0,0
0,0,0,0,0,52,1,0,0,0,0,23.668925835225526,1,0,70,88,0,1
0,0,0,0,0,3,0,1,1,1,0,23.010877112231103,1,0,27,493,0,0
1,0,0,1,0,81,0,0,0,0,0,14.88070124596522,0,0,37,14,1,0
1,1,1,0,1,63,1,0,0,0,0,2.295175274988064,0,0,49,332,0,1
1,0,1,1,0,49,0,1,0,0,1,9.977219743879129,1,0,64,361,1,0
0,1,0,0,1,76,1,0,0,0,0,9.476788350090288,1,0,34,173,0,0
1,0,1,1,0,112,0,0,1,1,0,24.521530139807492,0,0,18,89,1,0
1,0,0,1,0,175,1,0,0,1,0,3.539691629069067,0,0,64,212,0,1
1,1,1,0,1,109,0,0,1,0,0,24.36458599223842,1,0,74,342,0,0
1,1,1,0,0,65,1,0,0,0,0,20.40632591377515,1,0,44,60,1,1
1,0,1,1,0,81,0,0,1,1,0,22.24080231478303,1,0,17,363,1,1
0,1,0,0,1,15,0,1,0,0,1,13.534182439965681,1,0,59,219,0,0
0,1,0,0,1,100,0,0,0,1,0,20.712048084050988,1,1,13,60,0,0
0,1,0,0,1,32,0,0,1,1,0,18.661839396500557,0,0,52,306,0,1
1,0,1,1,0,96,0,0,1,0,0,23.300425661630253,1,0,60,165,1,1
0,0,0,0,0,128,0,1,0,0,0,13.956325199579313,1,0,42,11,0,1
1,0,1,1,0,146,0,0,1,1,0,14.71194312199277,0,1,64,215,0,1
0,1,0,0,1,113,0,1,1,0,1,19.663710459454784,1,0,66,76,1,1
0,0,0,0,0,83,0,1,0,1,0,4.134247316325261,1,0,34,231,1,0
0,1,0,0,1,43,0,1,1,1,0,13.651089002565202,1,0,87,111,0,1
0,1,0,0,1,116,0,1,0,0,1,29.18657451253436,1,0,71,65,0,0
0,0,0,0,0,163,0,0,1,1,0,2.089017281741323,1,0,64,181,1,1
1,1,1,0,0,78,0,1,1,1,0,10.16413696312542,1,0,33,422,0,0
1,1,1,0,0,58,0,0,1,0,0,10.109184753591752,1,1,12,203,1,1
0,1,0,0,1,33,0,1,0,0,1,19.370459457837406,1,1,76,422,0,0
1,1,1,0,0,14,0,0,1,0,0,4.068210423300057,1,0,19,370,0,0
0,0,0,0,0,162,0,1,1,0,0,19.227776895486972,1,0,9,205,0,1
1,1,1,0,0,132,0,1,1,0,1,3.7561669788969634,1,0,74,285,0,0
0,0,0,0,0,59,0,0,1,0,1,3.753655775131599,1,0,17,104,1,1
1,0,0,1,0,157,1,0,0,1,0,22.117317358465986,0,0,50,241,0,1
0,1,0,0,1,83,0,1,0,0,0,10.399920041151093,1,0,39,234,0,0
1,1,1,0,0,134,0,1,0,0,1,29.345265483698686,1,0,41,175,0,0
0,0,0,0,0,121,0,0,1,0,0,2.083235156631093,0,0,10,210,0,1
1,0,0,1,1,177,1,0,0,0,0,13.90809324782183,0,0,12,30,0,1
1,1,1,0,1,168,0,1,1,0,1,4.280942192546686,1,0,79,234,0,1
1,0,0,1,0,83,0,0,0,1,0,11.18999003598515,0,0,15,241,0,0
0,0,0,0,0,27,0,0,0,0,0,29.948451067662468,0,0,28,490,1,0
0,1,0,0,1,80,0,0,1,0,1,26.77643284041742,1,0,4,152,1,1
0,0,0,0,0,134,1,0,0,1,0,2.40140785680651,0,1,36,195,0,0
0,1,0,0,1,13,1,0,0,0,0,17.33441947094482,1,1,65,497,0,0
0,0,0,0,0,64,0,1,0,0,1,19.786846839908634,1,0,47,434,0,0
1,1,1,0,0,147,0,1,1,0,0,7.076504094553645,1,0,81,268,0,1
1,1,1,0,0,80,1,0,0,0,1,5.208061628497057,1,0,39,483,1,1
1,0,0,1,1,123,0,0,0,0,1,27.227052905300177,1,0,38,446,0,0
1,1,1,0,0,43,0,1,1,0,0,29.095676803017923,1,0,44,383,0,0
1,1,1,0,1,89,0,1,1,0,0,29.764892862269612,1,0,51,169,0,1
0,0,0,0,0,148,0,0,1,0,1,23.9030914383044,1,0,85,437,0,0
0,0,0,0,0,95,1,0,0,1,0,20.24156001275246,1,0,26,356,0,1
1,0,1,1,0,172,0,0,1,0,0,11.02617731359694,1,1,36,322,0,1
0,0,0,0,0,151,1,0,0,0,1,5.970551057417821,1,0,69,335,0,1
1,1,1,0,1,2,0,1,0,0,1,3.2904373816207193,1,0,1,473,1,1
1,0,0,1,0,120,0,0,1,1,0,21.105626587993267,1,0,53,231,1,1
1,0,0,1,1,22,0,0,1,1,0,23.75697904020139,1,0,6,183,1,1
0,0,0,0,0,115,0,0,0,1,0,24.967155921194422,1,0,37,358,1,1
0,0,0,0,0,57,0,0,1,0,0,27.49918509581016,1,0,2,274,0,0
0,1,0,0,1,72,1,0,0,0,1,26.517957345512833,0,0,69,429,1,1
0,1,0,0,1,7,0,0,0,0,1,29.992496895484685,1,1,41,398,0,0
1,1,1,0,0,119,0,0,1,0,1,8.077856318050287,1,0,51,31,0,0
0,1,0,0,1,114,0,0,1,1,0,23.135920841154107,1,1,47,176,1,0
1,1,1,0,1,16,0,1,0,0,1,18.00732585886913,0,0,13,404,0,1
1,1,1,0,1,83,0,0,1,0,0,8.57610884115389,1,0,76,64,1,0
0,0,0,0,0,179,0,1,1,1,0,29.475254346321343,1,0,69,197,0,1
1,0,1,1,0,72,0,0,0,1,0,27.039045038453313,1,0,66,26,1,1
0,1,0,0,1,124,0,1,1,1,0,4.7269543848793765,1,1,59,150,0,0
0,1,0,0,1,113,0,0,0,1,0,1.7585919273791757,1,0,68,302,0,0
1,0,0,1,1,12,0,1,0,0,0,20.96159210764763,1,0,59,478,0,0
0,1,0,0,1,126,0,0,1,0,1,18.519788236839517,1,0,10,267,1,0
